Num rows;TRSV multi-kernel fp64;TRSV single kernel fp64;TRSV fp64;CUBLAS TRSV fp64
50;+3.6543998867273331e-02;+2.3967999964952469e-02;+6.3008002936840057e-02;+2.7071999385952950e-02
100;+6.0159999877214432e-02;+3.3023998141288757e-02;+6.6624000668525696e-02;+3.2480001449584961e-02
150;+7.2448000311851501e-02;+3.7919998168945312e-02;+6.8672001361846924e-02;+3.5424001514911652e-02
200;+9.9808000028133392e-02;+4.8000000417232513e-02;+7.2959996759891510e-02;+4.0192000567913055e-02
250;+1.1548800021409988e-01;+5.3056001663208008e-02;+7.4303999543190002e-02;+4.3616000562906265e-02
300;+1.4393599331378937e-01;+6.2527999281883240e-02;+7.8368000686168671e-02;+4.9536000937223434e-02
350;+1.5843200683593750e-01;+6.7039996385574341e-02;+8.0480001866817474e-02;+5.2032001316547394e-02
400;+1.8697600066661835e-01;+7.6736003160476685e-02;+8.4224000573158264e-02;+5.7248000055551529e-02
450;+2.1606400609016418e-01;+8.6144000291824341e-02;+8.8256001472473145e-02;+6.2880001962184906e-02
500;+2.3039999604225159e-01;+9.1328002512454987e-02;+8.9567996561527252e-02;+6.6431999206542969e-02
550;+2.5942400097846985e-01;+1.0016000270843506e-01;+9.3695998191833496e-02;+7.4175998568534851e-02
600;+2.7705600857734680e-01;+1.0569600015878677e-01;+9.5615997910499573e-02;+7.5231999158859253e-02
650;+3.0614399909973145e-01;+1.1542399972677231e-01;+9.9551998078823090e-02;+8.1983998417854309e-02
700;+3.2032001018524170e-01;+1.2035199999809265e-01;+1.0166399925947189e-01;+8.4160000085830688e-02
750;+3.5046398639678955e-01;+1.2972800433635712e-01;+1.0598400235176086e-01;+9.1647997498512268e-02
800;+3.6076799035072327e-01;+1.3497599959373474e-01;+1.0719999670982361e-01;+9.2160001397132874e-02
850;+3.9366400241851807e-01;+1.3814400136470795e-01;+1.0598400235176086e-01;+9.5968000590801239e-02
900;+4.0300801396369934e-01;+1.4700800180435181e-01;+1.0966400057077408e-01;+1.0147199779748917e-01
950;+4.1660800576210022e-01;+1.5065599977970123e-01;+1.1184000223875046e-01;+1.0451199859380722e-01
1000;+4.4425600767135620e-01;+1.5967999398708344e-01;+1.1529599875211716e-01;+1.0915199667215347e-01
1050;+4.5939201116561890e-01;+1.7321600019931793e-01;+1.1680000275373459e-01;+1.1318399757146835e-01
1100;+5.0256001949310303e-01;+2.1110400557518005e-01;+1.2332800030708313e-01;+1.2105599790811539e-01
1150;+5.2716797590255737e-01;+2.3628799617290497e-01;+1.3033600151538849e-01;+1.2515200674533844e-01
1200;+5.8643198013305664e-01;+2.7206400036811829e-01;+1.3785600662231445e-01;+1.3062399625778198e-01
1250;+6.0889601707458496e-01;+3.0441600084304810e-01;+1.4742399752140045e-01;+1.4064000546932220e-01
1300;+6.4636802673339844e-01;+3.2256001234054565e-01;+1.4979200065135956e-01;+1.4355200529098511e-01
1350;+6.7129600048065186e-01;+3.4992000460624695e-01;+1.5807999670505524e-01;+1.4979200065135956e-01
1400;+7.0771199464797974e-01;+3.7091198563575745e-01;+1.6054399311542511e-01;+1.5145599842071533e-01
1450;+7.4505597352981567e-01;+4.0003201365470886e-01;+1.6467200219631195e-01;+1.6003200411796570e-01
1500;+7.6710402965545654e-01;+4.1699200868606567e-01;+1.6879999637603760e-01;+1.6262400150299072e-01
1550;+8.0163198709487915e-01;+4.3916800618171692e-01;+1.7276799678802490e-01;+1.7004799842834473e-01
1600;+8.2076799869537354e-01;+4.5468801259994507e-01;+1.7545600235462189e-01;+1.6790400445461273e-01
1650;+8.5952001810073853e-01;+4.8313599824905396e-01;+1.8102400004863739e-01;+1.7903999984264374e-01
1700;+8.9286398887634277e-01;+5.0428801774978638e-01;+1.8531200289726257e-01;+1.8614399433135986e-01
1750;+9.1715198755264282e-01;+5.2291202545166016e-01;+1.8937599658966064e-01;+1.8886399269104004e-01
1800;+9.4771200418472290e-01;+5.4371201992034912e-01;+1.9388799369335175e-01;+1.9529600441455841e-01
1850;+9.7161602973937988e-01;+5.6217598915100098e-01;+1.9734400510787964e-01;+1.9920000433921814e-01
1900;+1.0012160539627075e+00;+5.8047997951507568e-01;+2.0092800259590149e-01;+2.0656000077724457e-01
1950;+1.0281920433044434e+00;+5.9728002548217773e-01;+2.0358400046825409e-01;+2.1004800498485565e-01
2000;+1.0595840215682983e+00;+6.1971199512481689e-01;+2.0963199436664581e-01;+2.1180799603462219e-01
2050;+1.0921280384063721e+00;+6.4047998189926147e-01;+2.1196800470352173e-01;+2.2271999716758728e-01
2100;+1.1181759834289551e+00;+6.6102397441864014e-01;+2.1734400093555450e-01;+2.2582399845123291e-01
2150;+1.1499199867248535e+00;+6.7980802059173584e-01;+2.2144000232219696e-01;+2.3820799589157104e-01
2200;+1.1745920181274414e+00;+6.9971197843551636e-01;+2.2636799514293671e-01;+2.3587200045585632e-01
2250;+1.2060480117797852e+00;+7.1913599967956543e-01;+2.3011200129985809e-01;+2.4649600684642792e-01
2300;+1.2222399711608887e+00;+7.3068797588348389e-01;+2.3196800053119659e-01;+2.4544000625610352e-01
2350;+1.2597440481185913e+00;+7.5520002841949463e-01;+2.3705600202083588e-01;+2.5449600815773010e-01
2400;+1.2812160253524780e+00;+7.6854401826858521e-01;+2.4016000330448151e-01;+2.5244799256324768e-01
2450;+1.3221440315246582e+00;+7.9529601335525513e-01;+2.4886399507522583e-01;+2.6704001426696777e-01
2500;+1.3535679578781128e+00;+8.1388801336288452e-01;+2.5228801369667053e-01;+2.7456000447273254e-01
2550;+1.3686079978942871e+00;+8.2377600669860840e-01;+2.5200000405311584e-01;+2.7551999688148499e-01
2600;+1.4040640592575073e+00;+8.4592002630233765e-01;+2.6086398959159851e-01;+2.8543999791145325e-01
2650;+1.4264960289001465e+00;+8.6479997634887695e-01;+2.6345598697662354e-01;+2.8745600581169128e-01
2700;+1.4623680114746094e+00;+8.8543999195098877e-01;+2.6915198564529419e-01;+2.9430401325225830e-01
2750;+1.4816960096359253e+00;+8.9798402786254883e-01;+2.7235201001167297e-01;+2.9939201474189758e-01
2800;+1.5196800231933594e+00;+9.2057597637176514e-01;+2.7913600206375122e-01;+3.0748799443244934e-01
2850;+1.5489280223846436e+00;+9.4204801321029663e-01;+2.8246399760246277e-01;+3.1929600238800049e-01
2900;+1.5712319612503052e+00;+9.5507198572158813e-01;+2.8614398837089539e-01;+3.2128000259399414e-01
2950;+1.6101119518280029e+00;+9.8105597496032715e-01;+2.9232001304626465e-01;+3.3177599310874939e-01
3000;+1.6352959871292114e+00;+9.9750399589538574e-01;+2.9619199037551880e-01;+3.3372798562049866e-01
3050;+1.6699839830398560e+00;+1.0149120092391968e+00;+3.0028799176216125e-01;+3.4422400593757629e-01
3100;+1.6907839775085449e+00;+1.0273280143737793e+00;+3.0579200387001038e-01;+3.4703999757766724e-01
3150;+1.7270720005035400e+00;+1.0527360439300537e+00;+3.1548801064491272e-01;+3.5590401291847229e-01
3200;+1.7395839691162109e+00;+1.0596159696578979e+00;+3.1238400936126709e-01;+3.4985598921775818e-01
3250;+1.7788800001144409e+00;+1.0830399990081787e+00;+3.1955200433731079e-01;+3.7187200784683228e-01
3300;+1.8167999982833862e+00;+1.1100800037384033e+00;+3.2435199618339539e-01;+3.7801599502563477e-01
3350;+1.8376640081405640e+00;+1.1238080263137817e+00;+3.2780799269676208e-01;+3.8665598630905151e-01
3400;+1.8773119449615479e+00;+1.1468479633331299e+00;+3.3497598767280579e-01;+3.9350399374961853e-01
3450;+1.8978879451751709e+00;+1.1586879491806030e+00;+3.3904001116752625e-01;+3.9827200770378113e-01
3500;+1.9328000545501709e+00;+1.1842880249023438e+00;+3.4512001276016235e-01;+4.0601599216461182e-01
3550;+1.9495040178298950e+00;+1.1934080123901367e+00;+3.4627199172973633e-01;+4.1315200924873352e-01
3600;+1.9876159429550171e+00;+1.2141760587692261e+00;+3.5497599840164185e-01;+4.1359999775886536e-01
3650;+2.0230400562286377e+00;+1.2369279861450195e+00;+3.6015999317169189e-01;+4.3171200156211853e-01
3700;+2.0402240753173828e+00;+1.2472319602966309e+00;+3.6019200086593628e-01;+4.3667200207710266e-01
3750;+2.0753920078277588e+00;+1.2704639434814453e+00;+3.6735999584197998e-01;+4.5241600275039673e-01
3800;+2.0958399772644043e+00;+1.2801599502563477e+00;+3.6950400471687317e-01;+4.4723200798034668e-01
3850;+2.1358718872070312e+00;+1.3050240278244019e+00;+3.7878400087356567e-01;+4.5871999859809875e-01
3900;+2.1592319011688232e+00;+1.3166400194168091e+00;+3.8470399379730225e-01;+4.6332800388336182e-01
3950;+2.1927680969238281e+00;+1.3401919603347778e+00;+3.8659200072288513e-01;+4.7676798701286316e-01
4000;+2.2062399387359619e+00;+1.3479360342025757e+00;+3.8825601339340210e-01;+4.6476799249649048e-01
4050;+2.2472000122070312e+00;+1.3727040290832520e+00;+3.9635199308395386e-01;+4.8569598793983459e-01
4100;+2.2776958942413330e+00;+1.3919999599456787e+00;+3.9750400185585022e-01;+4.9641600251197815e-01
4150;+2.3062400817871094e+00;+1.4104640483856201e+00;+4.0691199898719788e-01;+5.0540798902511597e-01
4200;+2.3425600528717041e+00;+1.4321279525756836e+00;+4.1372799873352051e-01;+5.1296001672744751e-01
4250;+2.3633599281311035e+00;+1.4478720426559448e+00;+4.1571199893951416e-01;+5.2016001939773560e-01
4300;+2.4009599685668945e+00;+1.4698560237884521e+00;+4.2275199294090271e-01;+5.2857601642608643e-01
4350;+2.4155199527740479e+00;+1.4796799421310425e+00;+4.2361599206924438e-01;+5.3478401899337769e-01
4400;+2.4564800262451172e+00;+1.5059520006179810e+00;+4.3456000089645386e-01;+5.3526401519775391e-01
4450;+2.4996800422668457e+00;+1.5297919511795044e+00;+4.4073599576950073e-01;+5.6067198514938354e-01
4500;+2.5131840705871582e+00;+1.5404479503631592e+00;+4.4323199987411499e-01;+5.6374400854110718e-01
4550;+2.5529921054840088e+00;+1.5668799877166748e+00;+4.5241600275039673e-01;+5.7366400957107544e-01
4600;+2.5654399394989014e+00;+1.5739200115203857e+00;+4.4972801208496094e-01;+5.7440000772476196e-01
4650;+2.6212799549102783e+00;+1.6045440435409546e+00;+4.6768000721931458e-01;+5.9267199039459229e-01
4700;+2.6218240261077881e+00;+1.6110399961471558e+00;+4.6243199706077576e-01;+5.8899199962615967e-01
4750;+2.6636159420013428e+00;+1.6312960386276245e+00;+4.7145599126815796e-01;+6.0652798414230347e-01
4800;+2.6765439510345459e+00;+1.6417920589447021e+00;+4.6892800927162170e-01;+5.9516799449920654e-01
4850;+2.7200639247894287e+00;+1.6683520078659058e+00;+4.7932800650596619e-01;+6.2342399358749390e-01
4900;+2.7672319412231445e+00;+1.6924159526824951e+00;+4.9212801456451416e-01;+6.3171201944351196e-01
4950;+2.7795200347900391e+00;+1.7035520076751709e+00;+4.8963201045989990e-01;+6.3539201021194458e-01
5000;+2.8188159465789795e+00;+1.7272959947586060e+00;+4.9875199794769287e-01;+6.4470398426055908e-01
5050;+2.8376638889312744e+00;+1.7376320362091064e+00;+5.0044798851013184e-01;+6.5507197380065918e-01
5100;+2.8693120479583740e+00;+1.7612799406051636e+00;+5.0396800041198730e-01;+6.6412800550460815e-01
5150;+2.9184639453887939e+00;+1.7910720109939575e+00;+5.2828800678253174e-01;+6.7545598745346069e-01
5200;+2.9358398914337158e+00;+1.8017280101776123e+00;+5.1990401744842529e-01;+6.7033600807189941e-01
5250;+2.9772160053253174e+00;+1.8296960592269897e+00;+5.2790397405624390e-01;+6.9670397043228149e-01
5300;+2.9982399940490723e+00;+1.8416960239410400e+00;+5.3369599580764771e-01;+7.0288002490997314e-01
5350;+3.0432000160217285e+00;+1.8660479784011841e+00;+5.4400002956390381e-01;+7.1638399362564087e-01
5400;+3.0465281009674072e+00;+1.8758720159530640e+00;+5.4079997539520264e-01;+7.1663999557495117e-01
5450;+3.0874879360198975e+00;+1.8958079814910889e+00;+5.4745602607727051e-01;+7.3295998573303223e-01
5500;+3.1053121089935303e+00;+1.9124799966812134e+00;+5.5027198791503906e-01;+7.3190397024154663e-01
5550;+3.1462719440460205e+00;+1.9345279932022095e+00;+5.6179201602935791e-01;+7.4924802780151367e-01
5600;+3.1732800006866455e+00;+1.9454400539398193e+00;+5.6480002403259277e-01;+7.3167997598648071e-01
5650;+3.2076480388641357e+00;+1.9678080081939697e+00;+5.7183998823165894e-01;+7.7603197097778320e-01
5700;+3.2383999824523926e+00;+1.9913599491119385e+00;+5.7564800977706909e-01;+7.8428798913955688e-01
5750;+3.2611520290374756e+00;+2.0048639774322510e+00;+5.7971197366714478e-01;+7.8240001201629639e-01
5800;+3.3052160739898682e+00;+2.0281920433044434e+00;+5.9235197305679321e-01;+7.9420799016952515e-01
5850;+3.3153600692749023e+00;+2.0416638851165771e+00;+5.9119999408721924e-01;+8.0377602577209473e-01
5900;+3.3696639537811279e+00;+2.0725440979003906e+00;+6.0889601707458496e-01;+8.3158397674560547e-01
5950;+3.3919680118560791e+00;+2.0853118896484375e+00;+6.1353600025177002e-01;+8.3324801921844482e-01
6000;+3.4183359146118164e+00;+2.1024959087371826e+00;+6.1545598506927490e-01;+8.2723200321197510e-01
6050;+3.4559679031372070e+00;+2.1268799304962158e+00;+6.2361598014831543e-01;+8.6115199327468872e-01
6100;+3.4767999649047852e+00;+2.1371839046478271e+00;+6.2844800949096680e-01;+8.6406397819519043e-01
6150;+3.5004160404205322e+00;+2.1559040546417236e+00;+6.2480002641677856e-01;+8.8540798425674438e-01
6200;+3.5479679107666016e+00;+2.1782400608062744e+00;+6.4240002632141113e-01;+8.7049597501754761e-01
6250;+3.5742080211639404e+00;+2.2001280784606934e+00;+6.4617598056793213e-01;+9.0153598785400391e-01
6300;+3.5977280139923096e+00;+2.2118079662322998e+00;+6.5206402540206909e-01;+9.0076798200607300e-01
6350;+3.6331520080566406e+00;+2.2334721088409424e+00;+6.5753597021102905e-01;+9.1468799114227295e-01
6400;+3.6372480392456055e+00;+2.2422080039978027e+00;+6.5135997533798218e-01;+8.8595199584960938e-01
6450;+3.6837120056152344e+00;+2.2694079875946045e+00;+6.5958398580551147e-01;+9.3791997432708740e-01
6500;+3.7377281188964844e+00;+2.2987198829650879e+00;+6.8454402685165405e-01;+9.5046401023864746e-01
6550;+3.7477440834045410e+00;+2.3067839145660400e+00;+6.8060797452926636e-01;+9.5468801259994507e-01
6600;+3.7960000038146973e+00;+2.3307199478149414e+00;+6.9388800859451294e-01;+9.5340800285339355e-01
6650;+3.8078401088714600e+00;+2.3452799320220947e+00;+6.9334399700164795e-01;+9.8272001743316650e-01
6700;+3.8626239299774170e+00;+2.3730878829956055e+00;+7.0860797166824341e-01;+9.8492801189422607e-01
6750;+3.8617599010467529e+00;+2.3792319297790527e+00;+6.9817602634429932e-01;+1.0051840543746948e+00
6800;+3.9035201072692871e+00;+2.4046399593353271e+00;+7.1337598562240601e-01;+9.8659199476242065e-01
6850;+3.9418880939483643e+00;+2.4285440444946289e+00;+7.2140800952911377e-01;+1.0256960391998291e+00
6900;+3.9591999053955078e+00;+2.4370241165161133e+00;+7.2153598070144653e-01;+1.0252159833908081e+00
6950;+4.0029439926147461e+00;+2.4642241001129150e+00;+7.3059201240539551e-01;+1.0409599542617798e+00
7000;+4.0248961448669434e+00;+2.4760320186614990e+00;+7.3507201671600342e-01;+1.0341119766235352e+00
7050;+4.0625600814819336e+00;+2.5013759136199951e+00;+7.4307197332382202e-01;+1.0730240345001221e+00
7100;+4.0940160751342773e+00;+2.5202240943908691e+00;+7.5536000728607178e-01;+1.0679039955139160e+00
7150;+4.1234879493713379e+00;+2.5385279655456543e+00;+7.5635200738906860e-01;+1.0980479717254639e+00
7200;+4.1299519538879395e+00;+2.5432960987091064e+00;+7.5366401672363281e-01;+1.0688639879226685e+00
7250;+4.1945919990539551e+00;+2.5880000591278076e+00;+7.7955198287963867e-01;+1.1106879711151123e+00
7300;+4.2280960083007812e+00;+2.6068799495697021e+00;+7.8310400247573853e-01;+1.1257280111312866e+00
7350;+4.2571840286254883e+00;+2.6224000453948975e+00;+7.9347199201583862e-01;+1.1292799711227417e+00
7400;+4.2799358367919922e+00;+2.6355199813842773e+00;+7.8892797231674194e-01;+1.1376320123672485e+00
7450;+4.3111357688903809e+00;+2.6550400257110596e+00;+7.9856002330780029e-01;+1.1644159555435181e+00
7500;+4.3554878234863281e+00;+2.6816000938415527e+00;+8.0649602413177490e-01;+1.1705600023269653e+00
7550;+4.3834562301635742e+00;+2.7026560306549072e+00;+8.1555199623107910e-01;+1.1828479766845703e+00
7600;+4.4094080924987793e+00;+2.7185280323028564e+00;+8.1769597530364990e-01;+1.1644159555435181e+00
7650;+4.4460802078247070e+00;+2.7423999309539795e+00;+8.2569599151611328e-01;+1.1896320581436157e+00
7700;+4.4720640182495117e+00;+2.7581439018249512e+00;+8.3276802301406860e-01;+1.2070399522781372e+00
7750;+4.5136318206787109e+00;+2.7842879295349121e+00;+8.3849602937698364e-01;+1.2397439479827881e+00
7800;+4.5309119224548340e+00;+2.7922561168670654e+00;+8.4188801050186157e-01;+1.2253760099411011e+00
7850;+4.5757761001586914e+00;+2.8192639350891113e+00;+8.5225600004196167e-01;+1.2613760232925415e+00
7900;+4.5869121551513672e+00;+2.8291840553283691e+00;+8.5033601522445679e-01;+1.2632000446319580e+00
7950;+4.6302719116210938e+00;+2.8578240871429443e+00;+8.6329597234725952e-01;+1.2797440290451050e+00
8000;+4.6325440406799316e+00;+2.8610239028930664e+00;+8.5587197542190552e-01;+1.2237440347671509e+00
8050;+4.6885762214660645e+00;+2.8938560485839844e+00;+8.7536001205444336e-01;+1.3128000497817993e+00
8100;+4.7441601753234863e+00;+2.9257919788360596e+00;+8.9168000221252441e-01;+1.3128000497817993e+00
8150;+4.7639040946960449e+00;+2.9313919544219971e+00;+8.9459198713302612e-01;+1.3334720134735107e+00
8200;+4.7708802223205566e+00;+2.9372160434722900e+00;+8.8019198179244995e-01;+1.3298239707946777e+00
8250;+4.8206081390380859e+00;+2.9749441146850586e+00;+9.0617597103118896e-01;+1.3506560325622559e+00
8300;+4.8570561408996582e+00;+2.9994239807128906e+00;+9.1820800304412842e-01;+1.3596479892730713e+00
8350;+4.8812799453735352e+00;+3.0080640316009521e+00;+9.1667199134826660e-01;+1.3898559808731079e+00
8400;+4.9061760902404785e+00;+3.0347199440002441e+00;+9.2281597852706909e-01;+1.3721920251846313e+00
8450;+4.9603838920593262e+00;+3.0629758834838867e+00;+9.4131201505661011e-01;+1.4308480024337769e+00
8500;+4.9677438735961914e+00;+3.0720961093902588e+00;+9.4060802459716797e-01;+1.4183679819107056e+00
8550;+5.0104641914367676e+00;+3.0985920429229736e+00;+9.4911998510360718e-01;+1.4360640048980713e+00
8600;+5.0354242324829102e+00;+3.1169919967651367e+00;+9.5689600706100464e-01;+1.4488639831542969e+00
8650;+5.0805439949035645e+00;+3.1381440162658691e+00;+9.6512001752853394e-01;+1.4529919624328613e+00
8700;+5.0927681922912598e+00;+3.1535038948059082e+00;+9.6751999855041504e-01;+1.4573760032653809e+00
8750;+5.1357760429382324e+00;+3.1696639060974121e+00;+9.7750401496887207e-01;+1.4809919595718384e+00
8800;+5.1404800415039062e+00;+3.1793279647827148e+00;+9.7539198398590088e-01;+1.4537919759750366e+00
8850;+5.1947197914123535e+00;+3.2172479629516602e+00;+9.9241602420806885e-01;+1.5042239427566528e+00
8900;+5.2379198074340820e+00;+3.2443199157714844e+00;+1.0100799798965454e+00;+1.5271680355072021e+00
8950;+5.2710080146789551e+00;+3.2544319629669189e+00;+1.0153599977493286e+00;+1.5399359464645386e+00
9000;+5.3020157814025879e+00;+3.2767360210418701e+00;+1.0190720558166504e+00;+1.5511360168457031e+00
9050;+5.3259201049804688e+00;+3.2927999496459961e+00;+1.0264320373535156e+00;+1.5601600408554077e+00
9100;+5.3700799942016602e+00;+3.3209280967712402e+00;+1.0389440059661865e+00;+1.5627839565277100e+00
9150;+5.3945279121398926e+00;+3.3397119045257568e+00;+1.0417920351028442e+00;+1.5824960470199585e+00
9200;+5.4183039665222168e+00;+3.3476159572601318e+00;+1.0398080348968506e+00;+1.5592639446258545e+00
9250;+5.4665918350219727e+00;+3.3823359012603760e+00;+1.0551040172576904e+00;+1.6192959547042847e+00
9300;+5.5066881179809570e+00;+3.4063038825988770e+00;+1.0765119791030884e+00;+1.6109759807586670e+00
9350;+5.5227198600769043e+00;+3.4150719642639160e+00;+1.0607359409332275e+00;+1.6430720090866089e+00
9400;+5.5592641830444336e+00;+3.4332480430603027e+00;+1.0743039846420288e+00;+1.6136959791183472e+00
9450;+5.6062078475952148e+00;+3.4686720371246338e+00;+1.0875519514083862e+00;+1.6730560064315796e+00
9500;+5.6055040359497070e+00;+3.4715199470520020e+00;+1.0799360275268555e+00;+1.6823359727859497e+00
9550;+5.6537599563598633e+00;+3.5046079158782959e+00;+1.1023360490798950e+00;+1.7014720439910889e+00
9600;+5.6618561744689941e+00;+3.5011200904846191e+00;+1.0906879901885986e+00;+1.6381440162658691e+00
9650;+5.7223358154296875e+00;+3.5447359085083008e+00;+1.1147199869155884e+00;+1.7261439561843872e+00
9700;+5.7679681777954102e+00;+3.5697920322418213e+00;+1.1250560283660889e+00;+1.7504639625549316e+00
9750;+5.7922239303588867e+00;+3.5833599567413330e+00;+1.1340479850769043e+00;+1.7171200513839722e+00
9800;+5.8359041213989258e+00;+3.6071040630340576e+00;+1.1366720199584961e+00;+1.7596800327301025e+00
9850;+5.8539199829101562e+00;+3.6218559741973877e+00;+1.1444159746170044e+00;+1.7723840475082397e+00
9900;+5.8857917785644531e+00;+3.6478080749511719e+00;+1.1517440080642700e+00;+1.8046400547027588e+00
9950;+5.9208960533142090e+00;+3.6665918827056885e+00;+1.1677119731903076e+00;+1.8087040185928345e+00
10000;+5.9467201232910156e+00;+3.6864960193634033e+00;+1.1710720062255859e+00;+1.7791359424591064e+00
10050;+5.9992318153381348e+00;+3.7228159904479980e+00;+1.1901439428329468e+00;+1.8370560407638550e+00
10100;+6.0092158317565918e+00;+3.7218239307403564e+00;+1.1859840154647827e+00;+1.8610240221023560e+00
10150;+6.0502400398254395e+00;+3.7528638839721680e+00;+1.1928319931030273e+00;+1.8542399406433105e+00
10200;+6.0635519027709961e+00;+3.7528319358825684e+00;+1.1921919584274292e+00;+1.7966079711914062e+00
10250;+6.1070399284362793e+00;+3.7792959213256836e+00;+1.1984959840774536e+00;+1.9106559753417969e+00
10300;+6.1475200653076172e+00;+3.8056321144104004e+00;+1.2192319631576538e+00;+1.8845119476318359e+00
10350;+6.1811199188232422e+00;+3.8296000957489014e+00;+1.2214720249176025e+00;+1.9257919788360596e+00
10400;+6.1830720901489258e+00;+3.8336319923400879e+00;+1.2233279943466187e+00;+1.8408000469207764e+00
10450;+6.2402877807617188e+00;+3.8665599822998047e+00;+1.2329280376434326e+00;+1.9655359983444214e+00
10500;+6.2863359451293945e+00;+3.8955519199371338e+00;+1.2486399412155151e+00;+1.9731520414352417e+00
10550;+6.3164482116699219e+00;+3.9248960018157959e+00;+1.2641600370407104e+00;+2.0017280578613281e+00
10600;+6.3609600067138672e+00;+3.9543039798736572e+00;+1.2812800407409668e+00;+1.9758399724960327e+00
10650;+6.3857278823852539e+00;+3.9695360660552979e+00;+1.2853120565414429e+00;+2.0129280090332031e+00
10700;+6.4039678573608398e+00;+3.9789440631866455e+00;+1.2779200077056885e+00;+2.0215039253234863e+00
10750;+6.4318399429321289e+00;+3.9936320781707764e+00;+1.2828480005264282e+00;+2.0439679622650146e+00
10800;+6.4797120094299316e+00;+4.0291199684143066e+00;+1.3101119995117188e+00;+2.0352001190185547e+00
10850;+6.5371198654174805e+00;+4.0612158775329590e+00;+1.3220479488372803e+00;+2.0861759185791016e+00
10900;+6.5375680923461914e+00;+4.0556159019470215e+00;+1.3135679960250854e+00;+2.0912640094757080e+00
10950;+6.5890560150146484e+00;+4.0892162322998047e+00;+1.3248959779739380e+00;+2.1330881118774414e+00
11000;+6.6082878112792969e+00;+4.1016321182250977e+00;+1.3335360288619995e+00;+2.0471038818359375e+00
11050;+6.6552958488464355e+00;+4.1404800415039062e+00;+1.3422080278396606e+00;+2.1268479824066162e+00
11100;+6.6687359809875488e+00;+4.1444802284240723e+00;+1.3444800376892090e+00;+2.1489920616149902e+00
11150;+6.7193598747253418e+00;+4.1796479225158691e+00;+1.3642239570617676e+00;+2.1860480308532715e+00
11200;+6.7318401336669922e+00;+4.1769280433654785e+00;+1.3664000034332275e+00;+2.1285119056701660e+00
11250;+6.7707200050354004e+00;+4.2100157737731934e+00;+1.3739520311355591e+00;+2.2261118888854980e+00
11300;+6.8100800514221191e+00;+4.2313599586486816e+00;+1.3827519416809082e+00;+2.2391359806060791e+00
11350;+6.8434882164001465e+00;+4.2573761940002441e+00;+1.3895360231399536e+00;+2.2507839202880859e+00
11400;+6.8671679496765137e+00;+4.2760958671569824e+00;+1.3770240545272827e+00;+2.2565760612487793e+00
11450;+6.9095039367675781e+00;+4.2957758903503418e+00;+1.4110720157623291e+00;+2.2943038940429688e+00
11500;+6.9340801239013672e+00;+4.3137922286987305e+00;+1.4164160490036011e+00;+2.2938880920410156e+00
11550;+6.9970560073852539e+00;+4.3513917922973633e+00;+1.4441599845886230e+00;+2.3192319869995117e+00
11600;+7.0025601387023926e+00;+4.3607039451599121e+00;+1.4407999515533447e+00;+2.2879040241241455e+00
11650;+7.0722880363464355e+00;+4.3947200775146484e+00;+1.4494080543518066e+00;+2.3504641056060791e+00
11700;+7.0814080238342285e+00;+4.4006400108337402e+00;+1.4543679952621460e+00;+2.3484799861907959e+00
11750;+7.1223678588867188e+00;+4.4273920059204102e+00;+1.4592000246047974e+00;+2.3903360366821289e+00
11800;+7.1478400230407715e+00;+4.4601278305053711e+00;+1.4804799556732178e+00;+2.3630080223083496e+00
11850;+7.1867198944091797e+00;+4.4763522148132324e+00;+1.4705599546432495e+00;+2.4238080978393555e+00
11900;+7.2144641876220703e+00;+4.4998078346252441e+00;+1.4959679841995239e+00;+2.4337921142578125e+00
11950;+7.2568321228027344e+00;+4.5138239860534668e+00;+1.4901119470596313e+00;+2.4207038879394531e+00
12000;+7.2471680641174316e+00;+4.5224637985229492e+00;+1.4977279901504517e+00;+2.3663680553436279e+00
12050;+7.3323202133178711e+00;+4.5573759078979492e+00;+1.5084799528121948e+00;+2.4683520793914795e+00
12100;+7.3610558509826660e+00;+4.5817599296569824e+00;+1.4986879825592041e+00;+2.5040318965911865e+00
12150;+7.3902721405029297e+00;+4.6028161048889160e+00;+1.5239679813385010e+00;+2.5071361064910889e+00
12200;+7.4399361610412598e+00;+4.6422400474548340e+00;+1.5495680570602417e+00;+2.4888639450073242e+00
12250;+7.4765119552612305e+00;+4.6495680809020996e+00;+1.5538560152053833e+00;+2.5537281036376953e+00
12300;+7.4859519004821777e+00;+4.6729278564453125e+00;+1.5543999671936035e+00;+2.5687038898468018e+00
12350;+7.5240960121154785e+00;+4.6873598098754883e+00;+1.5543040037155151e+00;+2.5846080780029297e+00
12400;+7.5535678863525391e+00;+4.7151999473571777e+00;+1.5696959495544434e+00;+2.5468480587005615e+00
12450;+7.6159682273864746e+00;+4.7456641197204590e+00;+1.5886720418930054e+00;+2.6152958869934082e+00
12500;+7.6305279731750488e+00;+4.7693758010864258e+00;+1.6008640527725220e+00;+2.6355519294738770e+00
12550;+7.6644477844238281e+00;+4.7875518798828125e+00;+1.5927679538726807e+00;+2.6632640361785889e+00
12600;+7.7164797782897949e+00;+4.8358078002929688e+00;+1.6420480012893677e+00;+2.6574079990386963e+00
12650;+7.7443518638610840e+00;+4.8386240005493164e+00;+1.6241919994354248e+00;+2.6899840831756592e+00
12700;+7.7693758010864258e+00;+4.8459520339965820e+00;+1.6290240287780762e+00;+2.6948800086975098e+00
12750;+7.7936320304870605e+00;+4.8660798072814941e+00;+1.6284799575805664e+00;+2.7171521186828613e+00
12800;+7.7808318138122559e+00;+4.8655681610107422e+00;+1.6334719657897949e+00;+2.6647679805755615e+00
12850;+7.8698558807373047e+00;+4.9074559211730957e+00;+1.6483199596405029e+00;+2.7537279129028320e+00
12900;+7.9000320434570312e+00;+4.9320640563964844e+00;+1.6524159908294678e+00;+2.7675199508666992e+00
12950;+7.9466562271118164e+00;+4.9590082168579102e+00;+1.6609280109405518e+00;+2.7888960838317871e+00
13000;+7.9830398559570312e+00;+4.9951682090759277e+00;+1.6934080123901367e+00;+2.7892160415649414e+00
13050;+8.0093116760253906e+00;+5.0035519599914551e+00;+1.6792320013046265e+00;+2.8265280723571777e+00
13100;+8.0467195510864258e+00;+5.0322241783142090e+00;+1.7159680128097534e+00;+2.8248000144958496e+00
13150;+8.1032962799072266e+00;+5.0694079399108887e+00;+1.7304960489273071e+00;+2.8526079654693604e+00
13200;+8.0984315872192383e+00;+5.0778241157531738e+00;+1.7330559492111206e+00;+2.8233919143676758e+00
13250;+8.1854076385498047e+00;+5.1184000968933105e+00;+1.7310080528259277e+00;+2.9299519062042236e+00
13300;+8.1618242263793945e+00;+5.1098241806030273e+00;+1.7323839664459229e+00;+2.8958399295806885e+00
13350;+8.2334718704223633e+00;+5.1501441001892090e+00;+1.7506560087203979e+00;+2.9632959365844727e+00
13400;+8.2607040405273438e+00;+5.1673917770385742e+00;+1.7705919742584229e+00;+2.9244799613952637e+00
13450;+8.3007364273071289e+00;+5.1999039649963379e+00;+1.7719999551773071e+00;+2.9824318885803223e+00
13500;+8.3067197799682617e+00;+5.2095041275024414e+00;+1.7879680395126343e+00;+2.9884159564971924e+00
13550;+8.3606081008911133e+00;+5.2326722145080566e+00;+1.7825920581817627e+00;+3.0485119819641113e+00
13600;+8.3564157485961914e+00;+5.2416319847106934e+00;+1.8134399652481079e+00;+2.9286720752716064e+00
13650;+8.4375038146972656e+00;+5.2852802276611328e+00;+1.8080639839172363e+00;+3.0778241157531738e+00
13700;+8.4596481323242188e+00;+5.3094081878662109e+00;+1.8270399570465088e+00;+3.0716159343719482e+00
13750;+8.5091838836669922e+00;+5.3191680908203125e+00;+1.8407679796218872e+00;+3.1398079395294189e+00
13800;+8.5483522415161133e+00;+5.3607358932495117e+00;+1.8650879859924316e+00;+3.0875520706176758e+00
13850;+8.5823040008544922e+00;+5.3840641975402832e+00;+1.8608959913253784e+00;+3.1360321044921875e+00
13900;+8.5900478363037109e+00;+5.3759040832519531e+00;+1.8589760065078735e+00;+3.1639680862426758e+00
13950;+8.6707201004028320e+00;+5.4449601173400879e+00;+1.8834880590438843e+00;+3.2038719654083252e+00
14000;+8.6721916198730469e+00;+5.4463038444519043e+00;+1.9157439470291138e+00;+3.1485118865966797e+00
14050;+8.7093763351440430e+00;+5.4534721374511719e+00;+1.8885439634323120e+00;+3.2239360809326172e+00
14100;+8.7485437393188477e+00;+5.4967999458312988e+00;+1.8906559944152832e+00;+3.1847679615020752e+00
14150;+8.8247995376586914e+00;+5.5366082191467285e+00;+1.9437439441680908e+00;+3.2712640762329102e+00
14200;+8.8304958343505859e+00;+5.5440001487731934e+00;+1.9354239702224731e+00;+3.2316479682922363e+00
14250;+8.8874244689941406e+00;+5.5991678237915039e+00;+1.9638719558715820e+00;+3.3024001121520996e+00
14300;+8.8719043731689453e+00;+5.5683841705322266e+00;+1.9317120313644409e+00;+3.2746880054473877e+00
14350;+8.9147844314575195e+00;+5.5916161537170410e+00;+1.9368959665298462e+00;+3.3406400680541992e+00
14400;+8.9086723327636719e+00;+5.6128640174865723e+00;+1.9593280553817749e+00;+3.2270081043243408e+00
14450;+8.9849281311035156e+00;+5.6488637924194336e+00;+1.9406720399856567e+00;+3.3805439472198486e+00
14500;+9.0631675720214844e+00;+5.6854081153869629e+00;+1.9887039661407471e+00;+3.3511040210723877e+00
14550;+9.0697917938232422e+00;+5.6933121681213379e+00;+1.9877760410308838e+00;+3.3844480514526367e+00
14600;+9.1081600189208984e+00;+5.7252159118652344e+00;+2.0189759731292725e+00;+3.2670400142669678e+00
14650;+9.1618242263793945e+00;+5.7708158493041992e+00;+2.0336320400238037e+00;+3.4712319374084473e+00
14700;+9.1750717163085938e+00;+5.7690877914428711e+00;+2.0176320075988770e+00;+3.4642241001129150e+00
14750;+9.2178564071655273e+00;+5.7970237731933594e+00;+2.0050559043884277e+00;+3.4713599681854248e+00
14800;+9.1823043823242188e+00;+5.7921600341796875e+00;+2.0271680355072021e+00;+3.4463040828704834e+00
14850;+9.2945280075073242e+00;+5.8354239463806152e+00;+2.0315198898315430e+00;+3.5903038978576660e+00
14900;+9.3446397781372070e+00;+5.9034237861633301e+00;+2.0895678997039795e+00;+3.5257599353790283e+00
14950;+9.3633279800415039e+00;+5.8890237808227539e+00;+2.0708799362182617e+00;+3.6023039817810059e+00
15000;+9.3695678710937500e+00;+5.8976321220397949e+00;+2.0743360519409180e+00;+3.5779199600219727e+00
15050;+9.4496641159057617e+00;+5.9469761848449707e+00;+2.0987200736999512e+00;+3.6634879112243652e+00
15100;+9.4622077941894531e+00;+5.9499201774597168e+00;+2.0942399501800537e+00;+3.6323199272155762e+00
15150;+9.5535039901733398e+00;+6.0067839622497559e+00;+2.1590719223022461e+00;+3.6672320365905762e+00
15200;+9.4728956222534180e+00;+5.9777917861938477e+00;+2.1238720417022705e+00;+3.5612480640411377e+00
15250;+9.5987520217895508e+00;+6.0056319236755371e+00;+2.1341760158538818e+00;+3.7144958972930908e+00
15300;+9.5875196456909180e+00;+6.0132479667663574e+00;+2.1219201087951660e+00;+3.7221760749816895e+00
15350;+9.6696643829345703e+00;+6.0627198219299316e+00;+2.1555519104003906e+00;+3.5496320724487305e+00
15400;+9.6469764709472656e+00;+6.0820798873901367e+00;+2.1497280597686768e+00;+3.7222399711608887e+00
15450;+9.7565755844116211e+00;+6.1530880928039551e+00;+2.2030398845672607e+00;+3.8101439476013184e+00
15500;+9.7715520858764648e+00;+6.1463999748229980e+00;+2.1931200027465820e+00;+3.7738559246063232e+00
15550;+9.8043842315673828e+00;+6.1602559089660645e+00;+2.1711039543151855e+00;+3.8520319461822510e+00
15600;+9.7663040161132812e+00;+6.1687040328979492e+00;+2.2158720493316650e+00;+3.7654080390930176e+00
15650;+9.8669443130493164e+00;+6.2212481498718262e+00;+2.1784639358520508e+00;+3.8973441123962402e+00
15700;+9.9068479537963867e+00;+6.2489600181579590e+00;+2.2308800220489502e+00;+3.8677759170532227e+00
15750;+9.9998722076416016e+00;+6.3226242065429688e+00;+2.2872319221496582e+00;+3.9822399616241455e+00
15800;+9.9404802322387695e+00;+6.2671041488647461e+00;+2.2128961086273193e+00;+3.9106240272521973e+00
15850;+1.0046848297119141e+01;+6.3031358718872070e+00;+2.2519359588623047e+00;+3.9808959960937500e+00
15900;+1.0069600105285645e+01;+6.3321280479431152e+00;+2.2942399978637695e+00;+3.9263999462127686e+00
15950;+1.0112607955932617e+01;+6.3777599334716797e+00;+2.2970559597015381e+00;+4.0431361198425293e+00
16000;+1.0021471977233887e+01;+6.3400321006774902e+00;+2.2885758876800537e+00;+3.9130880832672119e+00
16050;+1.0188511848449707e+01;+6.4482879638671875e+00;+2.3355200290679932e+00;+4.0718078613281250e+00
16100;+1.0188575744628906e+01;+6.4155201911926270e+00;+2.3064320087432861e+00;+4.1117439270019531e+00
16150;+1.0235839843750000e+01;+6.4623999595642090e+00;+2.3196799755096436e+00;+4.1342082023620605e+00
16200;+1.0319007873535156e+01;+6.4935998916625977e+00;+2.3866879940032959e+00;+4.0857601165771484e+00
16250;+1.0338175773620605e+01;+6.5190081596374512e+00;+2.3813440799713135e+00;+4.1516480445861816e+00
16300;+1.0362560272216797e+01;+6.5388798713684082e+00;+2.3565440177917480e+00;+4.1831998825073242e+00
16350;+1.0393695831298828e+01;+6.5555200576782227e+00;+2.3766720294952393e+00;+4.2473278045654297e+00
16400;+1.0331071853637695e+01;+6.5683522224426270e+00;+2.3978240489959717e+00;+4.1527361869812012e+00
16450;+1.0464991569519043e+01;+6.5990080833435059e+00;+2.3654720783233643e+00;+4.2875518798828125e+00
16500;+1.0535648345947266e+01;+6.6621761322021484e+00;+2.4579200744628906e+00;+4.2955842018127441e+00
16550;+1.0594143867492676e+01;+6.6825280189514160e+00;+2.4402239322662354e+00;+4.2766718864440918e+00
16600;+1.0518848419189453e+01;+6.6499199867248535e+00;+2.4251201152801514e+00;+4.2663998603820801e+00
16650;+1.0614336013793945e+01;+6.7011198997497559e+00;+2.4615039825439453e+00;+4.3680958747863770e+00
16700;+1.0634240150451660e+01;+6.7190079689025879e+00;+2.4653759002685547e+00;+4.3074240684509277e+00
16750;+1.0700127601623535e+01;+6.7764801979064941e+00;+2.4777920246124268e+00;+4.3901438713073730e+00
16800;+1.0619359970092773e+01;+6.7458238601684570e+00;+2.4649920463562012e+00;+4.2366399765014648e+00
16850;+1.0818719863891602e+01;+6.8268799781799316e+00;+2.5148160457611084e+00;+4.4908800125122070e+00
16900;+1.0852448463439941e+01;+6.8730559349060059e+00;+2.5569601058959961e+00;+4.4538559913635254e+00
16950;+1.0842944145202637e+01;+6.8593602180480957e+00;+2.5121600627899170e+00;+4.4825282096862793e+00
17000;+1.0811776161193848e+01;+6.8422398567199707e+00;+2.5099198818206787e+00;+4.4591040611267090e+00
17050;+1.0915936470031738e+01;+6.9093761444091797e+00;+2.5459520816802979e+00;+4.5617280006408691e+00
17100;+1.0921024322509766e+01;+6.8983678817749023e+00;+2.5221440792083740e+00;+4.5273599624633789e+00
17150;+1.1007648468017578e+01;+6.9623360633850098e+00;+2.5722560882568359e+00;+4.5698242187500000e+00
17200;+1.0946975708007812e+01;+6.9558401107788086e+00;+2.5767359733581543e+00;+4.5184001922607422e+00
17250;+1.1109855651855469e+01;+7.0558719635009766e+00;+2.6186559200286865e+00;+4.6448640823364258e+00
17300;+1.1101280212402344e+01;+7.0176959037780762e+00;+2.5961599349975586e+00;+4.6468482017517090e+00
17350;+1.1168255805969238e+01;+7.0563521385192871e+00;+2.6182720661163330e+00;+4.7212162017822266e+00
17400;+1.1123264312744141e+01;+7.0394239425659180e+00;+2.5903038978576660e+00;+4.6598081588745117e+00
17450;+1.1250656127929688e+01;+7.1048321723937988e+00;+2.6362240314483643e+00;+4.7484159469604492e+00
17500;+1.1218463897705078e+01;+7.0953278541564941e+00;+2.6157441139221191e+00;+4.7400321960449219e+00
17550;+1.1321344375610352e+01;+7.1664638519287109e+00;+2.6759040355682373e+00;+4.8329601287841797e+00
17600;+1.1205408096313477e+01;+7.1478400230407715e+00;+2.6691200733184814e+00;+4.5879359245300293e+00
17650;+1.1460351943969727e+01;+7.2677121162414551e+00;+2.7300798892974854e+00;+4.8505277633666992e+00
17700;+1.1404512405395508e+01;+7.2248320579528809e+00;+2.6895680427551270e+00;+4.8567681312561035e+00
17750;+1.1480895996093750e+01;+7.2741122245788574e+00;+2.6957120895385742e+00;+4.8944001197814941e+00
17800;+1.1432543754577637e+01;+7.2461438179016113e+00;+2.6651840209960938e+00;+4.9065918922424316e+00
17850;+1.1556991577148438e+01;+7.3271999359130859e+00;+2.7369918823242188e+00;+4.9516482353210449e+00
17900;+1.1543487548828125e+01;+7.2965440750122070e+00;+2.7034239768981934e+00;+4.8692798614501953e+00
17950;+1.1621024131774902e+01;+7.3691201210021973e+00;+2.7281599044799805e+00;+4.9531521797180176e+00
18000;+1.1537952423095703e+01;+7.3388161659240723e+00;+2.7430400848388672e+00;+4.8703041076660156e+00
18050;+1.1699487686157227e+01;+7.3969278335571289e+00;+2.7368960380554199e+00;+5.0491838455200195e+00
18100;+1.1729536056518555e+01;+7.4562239646911621e+00;+2.7857279777526855e+00;+5.0444478988647461e+00
18150;+1.1802880287170410e+01;+7.4761281013488770e+00;+2.8139519691467285e+00;+5.1218237876892090e+00
18200;+1.1715935707092285e+01;+7.4363198280334473e+00;+2.7805440425872803e+00;+5.0237121582031250e+00
18250;+1.1888416290283203e+01;+7.5341119766235352e+00;+2.8114879131317139e+00;+5.1238079071044922e+00
18300;+1.1873632431030273e+01;+7.5359678268432617e+00;+2.8003840446472168e+00;+5.1148161888122559e+00
18350;+1.1941184043884277e+01;+7.5785918235778809e+00;+2.8243200778961182e+00;+5.1572160720825195e+00
18400;+1.1811391830444336e+01;+7.5213122367858887e+00;+2.8417599201202393e+00;+4.9668159484863281e+00
18450;+1.1983200073242188e+01;+7.6104321479797363e+00;+2.8748800754547119e+00;+5.2492160797119141e+00
18500;+1.2034624099731445e+01;+7.6567997932434082e+00;+2.8984320163726807e+00;+5.2423357963562012e+00
18550;+1.2114848136901855e+01;+7.6825280189514160e+00;+2.9291520118713379e+00;+5.2846717834472656e+00
18600;+1.2100480079650879e+01;+7.7070717811584473e+00;+2.9220159053802490e+00;+5.2504320144653320e+00
18650;+1.2189503669738770e+01;+7.7409601211547852e+00;+2.9518079757690430e+00;+5.3103680610656738e+00
18700;+1.2183679580688477e+01;+7.7486400604248047e+00;+2.9535040855407715e+00;+5.3785600662231445e+00
18750;+1.2261280059814453e+01;+7.7893438339233398e+00;+2.9777600765228271e+00;+5.4162878990173340e+00
18800;+1.2118592262268066e+01;+7.7316799163818359e+00;+2.9472639560699463e+00;+5.2867841720581055e+00
18850;+1.2416511535644531e+01;+7.8995199203491211e+00;+3.0362880229949951e+00;+5.4884481430053711e+00
18900;+1.2376895904541016e+01;+7.8852481842041016e+00;+3.0233919620513916e+00;+5.4797759056091309e+00
18950;+1.2434975624084473e+01;+7.9130239486694336e+00;+3.0230400562286377e+00;+5.5465598106384277e+00
19000;+1.2340512275695801e+01;+7.8576960563659668e+00;+2.9909439086914062e+00;+5.4404158592224121e+00
19050;+1.2507904052734375e+01;+7.9612159729003906e+00;+3.0188798904418945e+00;+5.5690240859985352e+00
19100;+1.2473312377929688e+01;+7.9431681632995605e+00;+2.9738879203796387e+00;+5.5665597915649414e+00
19150;+1.2586943626403809e+01;+8.0237760543823242e+00;+3.0712320804595947e+00;+5.6808638572692871e+00
19200;+1.2393152236938477e+01;+7.9236478805541992e+00;+3.0361919403076172e+00;+5.4293122291564941e+00
19250;+1.2676959991455078e+01;+8.0716161727905273e+00;+3.0888640880584717e+00;+5.6817598342895508e+00
19300;+1.2648768424987793e+01;+8.0488004684448242e+00;+3.0826559066772461e+00;+5.6722559928894043e+00
19350;+1.2724960327148438e+01;+8.0924797058105469e+00;+3.1137919425964355e+00;+5.7422399520874023e+00
19400;+1.2675264358520508e+01;+8.0749435424804688e+00;+3.0934081077575684e+00;+5.7127041816711426e+00
19450;+1.2784576416015625e+01;+8.1264963150024414e+00;+3.1342399120330811e+00;+5.7679038047790527e+00
19500;+1.2803071975708008e+01;+8.1388158798217773e+00;+3.1480638980865479e+00;+5.7494401931762695e+00
19550;+1.2891424179077148e+01;+8.1981115341186523e+00;+3.1763200759887695e+00;+5.8519678115844727e+00
19600;+1.2784159660339355e+01;+8.1648321151733398e+00;+3.1727681159973145e+00;+5.7094402313232422e+00
19650;+1.2993408203125000e+01;+8.2298879623413086e+00;+3.2106239795684814e+00;+5.9167361259460449e+00
19700;+1.3012543678283691e+01;+8.2879362106323242e+00;+3.2178881168365479e+00;+5.8941440582275391e+00
19750;+1.3076064109802246e+01;+8.3070402145385742e+00;+3.2392320632934570e+00;+5.9598078727722168e+00
19800;+1.2990847587585449e+01;+8.3005123138427734e+00;+3.1935679912567139e+00;+5.9016318321228027e+00
19850;+1.3210111618041992e+01;+8.4334077835083008e+00;+3.3084158897399902e+00;+6.0002560615539551e+00
19900;+1.3144672393798828e+01;+8.3792963027954102e+00;+3.2690238952636719e+00;+5.9981760978698730e+00
19950;+1.3213215827941895e+01;+8.4090242385864258e+00;+3.2479679584503174e+00;+6.0704002380371094e+00
20000;+1.2987263679504395e+01;+8.3178243637084961e+00;+3.2211840152740479e+00;+5.8461761474609375e+00
20050;+1.3318783760070801e+01;+8.4904003143310547e+00;+3.3217599391937256e+00;+6.1588478088378906e+00
20100;+1.3354592323303223e+01;+8.5330562591552734e+00;+3.3468480110168457e+00;+6.1065602302551270e+00
20150;+1.3428447723388672e+01;+8.5524158477783203e+00;+3.3684799671173096e+00;+6.2193918228149414e+00
20200;+1.3280320167541504e+01;+8.4755516052246094e+00;+3.2975680828094482e+00;+6.1413121223449707e+00
20250;+1.3479040145874023e+01;+8.5996799468994141e+00;+3.3736000061035156e+00;+6.2582402229309082e+00
20300;+1.3445280075073242e+01;+8.5810241699218750e+00;+3.3107519149780273e+00;+6.1884160041809082e+00
20350;+1.3549119949340820e+01;+8.6436481475830078e+00;+3.3969919681549072e+00;+6.2509121894836426e+00
20400;+1.3334815979003906e+01;+8.5526399612426758e+00;+3.3237440586090088e+00;+6.1742081642150879e+00
20450;+1.3646400451660156e+01;+8.7240638732910156e+00;+3.4221439361572266e+00;+6.3609919548034668e+00
20500;+1.3595423698425293e+01;+8.6694078445434570e+00;+3.3799679279327393e+00;+6.3605442047119141e+00
20550;+1.3732576370239258e+01;+8.7704639434814453e+00;+3.4519999027252197e+00;+6.3975358009338379e+00
20600;+1.3665151596069336e+01;+8.7175998687744141e+00;+3.4061760902404785e+00;+6.2055678367614746e+00
20650;+1.3790623664855957e+01;+8.7822723388671875e+00;+3.4592320919036865e+00;+6.4753279685974121e+00
20700;+1.3785696029663086e+01;+8.7777595520019531e+00;+3.4657599925994873e+00;+6.4448962211608887e+00
20750;+1.3960543632507324e+01;+8.9120960235595703e+00;+3.5343999862670898e+00;+6.5251841545104980e+00
20800;+1.3655743598937988e+01;+8.7608642578125000e+00;+3.4556479454040527e+00;+6.1964159011840820e+00
20850;+1.3981984138488770e+01;+8.9105281829833984e+00;+3.5445759296417236e+00;+6.5897917747497559e+00
20900;+1.3969152450561523e+01;+8.9146242141723633e+00;+3.5223679542541504e+00;+6.5725121498107910e+00
20950;+1.4142848014831543e+01;+8.9992637634277344e+00;+3.6000959873199463e+00;+6.6402878761291504e+00
21000;+1.3959744453430176e+01;+8.8736324310302734e+00;+3.5208001136779785e+00;+6.5314559936523438e+00
21050;+1.4162176132202148e+01;+9.0401277542114258e+00;+3.6088318824768066e+00;+6.7159042358398438e+00
21100;+1.4151583671569824e+01;+9.0512962341308594e+00;+3.5889279842376709e+00;+6.7329921722412109e+00
21150;+1.4260095596313477e+01;+9.1244802474975586e+00;+3.6662399768829346e+00;+6.7198081016540527e+00
21200;+1.4017760276794434e+01;+9.0054721832275391e+00;+3.5786240100860596e+00;+6.5998401641845703e+00
21250;+1.4340479850769043e+01;+9.1492481231689453e+00;+3.6541121006011963e+00;+6.8318080902099609e+00
21300;+1.4290783882141113e+01;+9.1441917419433594e+00;+3.6504321098327637e+00;+6.8295998573303223e+00
21350;+1.4439167976379395e+01;+9.1897602081298828e+00;+3.7154240608215332e+00;+6.8865599632263184e+00
21400;+1.4275808334350586e+01;+9.0980796813964844e+00;+3.6070079803466797e+00;+6.8228478431701660e+00
21450;+1.4505503654479980e+01;+9.2726716995239258e+00;+3.7342081069946289e+00;+6.9803199768066406e+00
21500;+1.4438559532165527e+01;+9.2350082397460938e+00;+3.6568639278411865e+00;+6.9765439033508301e+00
21550;+1.4581184387207031e+01;+9.3055038452148438e+00;+3.7652161121368408e+00;+7.0365118980407715e+00
21600;+1.4273535728454590e+01;+9.2070083618164062e+00;+3.6922879219055176e+00;+6.7376317977905273e+00
21650;+1.4680607795715332e+01;+9.4029121398925781e+00;+3.7965760231018066e+00;+7.1090559959411621e+00
21700;+1.4710111618041992e+01;+9.4012155532836914e+00;+3.8055679798126221e+00;+6.9366722106933594e+00
21750;+1.4816032409667969e+01;+9.4952955245971680e+00;+3.8464319705963135e+00;+7.1336960792541504e+00
21800;+1.4626815795898438e+01;+9.3210878372192383e+00;+3.7101759910583496e+00;+7.1314558982849121e+00
21850;+1.4759807586669922e+01;+9.4368000030517578e+00;+3.8037440776824951e+00;+7.1804480552673340e+00
21900;+1.4809056282043457e+01;+9.4738883972167969e+00;+3.7943999767303467e+00;+7.0672640800476074e+00
21950;+1.4949055671691895e+01;+9.5600318908691406e+00;+3.8491199016571045e+00;+7.1301121711730957e+00
22000;+1.4633184432983398e+01;+9.4130239486694336e+00;+3.7937920093536377e+00;+7.0352640151977539e+00
22050;+1.5154879570007324e+01;+9.7028799057006836e+00;+3.9635519981384277e+00;+7.3256640434265137e+00
22100;+1.4976448059082031e+01;+9.6033277511596680e+00;+3.8942720890045166e+00;+7.1940159797668457e+00
22150;+1.5081567764282227e+01;+9.6775999069213867e+00;+3.9402561187744141e+00;+7.3840961456298828e+00
22200;+1.4890527725219727e+01;+9.5364160537719727e+00;+3.7923839092254639e+00;+7.2874240875244141e+00
22250;+1.5208127975463867e+01;+9.7591676712036133e+00;+3.9902720451354980e+00;+7.4127998352050781e+00
22300;+1.5161696434020996e+01;+9.7047996520996094e+00;+3.9347519874572754e+00;+7.3595838546752930e+00
22350;+1.5275168418884277e+01;+9.8087043762207031e+00;+4.0153918266296387e+00;+7.3062081336975098e+00
22400;+1.4926207542419434e+01;+9.6358718872070312e+00;+3.9031360149383545e+00;+7.2912640571594238e+00
22450;+1.5355744361877441e+01;+9.8583040237426758e+00;+4.0361919403076172e+00;+7.4822077751159668e+00
22500;+1.5308704376220703e+01;+9.8138236999511719e+00;+4.0012159347534180e+00;+7.5971198081970215e+00
22550;+1.5391648292541504e+01;+9.8535041809082031e+00;+4.0227842330932617e+00;+7.6365118026733398e+00
22600;+1.5237600326538086e+01;+9.7326717376708984e+00;+3.9093120098114014e+00;+7.5557122230529785e+00
22650;+1.5565216064453125e+01;+9.9775676727294922e+00;+4.1087360382080078e+00;+7.6905918121337891e+00
22700;+1.5479871749877930e+01;+9.9373760223388672e+00;+4.0631041526794434e+00;+7.6850237846374512e+00
22750;+1.5813311576843262e+01;+1.0078783988952637e+01;+4.1949758529663086e+00;+7.6682238578796387e+00
22800;+1.5273983955383301e+01;+9.8943681716918945e+00;+4.0246081352233887e+00;+7.6095042228698730e+00
22850;+1.5687711715698242e+01;+1.0062975883483887e+01;+4.1459197998046875e+00;+7.7735362052917480e+00
22900;+1.5650272369384766e+01;+1.0013919830322266e+01;+4.0757122039794922e+00;+7.8175678253173828e+00
22950;+1.5783935546875000e+01;+1.0089344024658203e+01;+4.1020159721374512e+00;+7.9092478752136230e+00
23000;+1.5545920372009277e+01;+9.9254083633422852e+00;+3.9879040718078613e+00;+7.7922239303588867e+00
23050;+1.5872063636779785e+01;+1.0180640220642090e+01;+4.1557121276855469e+00;+7.9594879150390625e+00
23100;+1.5815456390380859e+01;+1.0133119583129883e+01;+4.1603522300720215e+00;+7.9048638343811035e+00
23150;+1.5957471847534180e+01;+1.0215359687805176e+01;+4.2021760940551758e+00;+8.0097923278808594e+00
23200;+1.5529952049255371e+01;+1.0040287971496582e+01;+4.1004481315612793e+00;+7.7482881546020508e+00
23250;+1.6062911987304688e+01;+1.0304127693176270e+01;+4.2377600669860840e+00;+8.1336317062377930e+00
23300;+1.6034912109375000e+01;+1.0232959747314453e+01;+4.2343358993530273e+00;+8.1477756500244141e+00
23350;+1.6125984191894531e+01;+1.0292863845825195e+01;+4.2339520454406738e+00;+8.2378244400024414e+00
23400;+1.5904895782470703e+01;+1.0202464103698730e+01;+4.1052799224853516e+00;+8.1463680267333984e+00
23450;+1.6231807708740234e+01;+1.0452128410339355e+01;+4.3263998031616211e+00;+8.3411836624145508e+00
23500;+1.6149599075317383e+01;+1.0335552215576172e+01;+4.2211518287658691e+00;+8.3109121322631836e+00
23550;+1.6311552047729492e+01;+1.0450112342834473e+01;+4.3409919738769531e+00;+8.3954563140869141e+00
23600;+1.5928992271423340e+01;+1.0311936378479004e+01;+4.2513279914855957e+00;+8.1720323562622070e+00
23650;+1.6417184829711914e+01;+1.0526656150817871e+01;+4.4328641891479492e+00;+8.4225282669067383e+00
23700;+1.6335552215576172e+01;+1.0479552268981934e+01;+4.3517761230468750e+00;+8.3418235778808594e+00
23750;+1.6545696258544922e+01;+1.0610336303710938e+01;+4.4600000381469727e+00;+8.5080957412719727e+00
23800;+1.6298112869262695e+01;+1.0476223945617676e+01;+4.3345918655395508e+00;+8.4426879882812500e+00
23850;+1.6620384216308594e+01;+1.0674431800842285e+01;+4.4807357788085938e+00;+8.5754241943359375e+00
23900;+1.6515104293823242e+01;+1.0622207641601562e+01;+4.4356160163879395e+00;+8.5442876815795898e+00
23950;+1.6719871520996094e+01;+1.0683648109436035e+01;+4.5193281173706055e+00;+8.6372804641723633e+00
24000;+1.6200000762939453e+01;+1.0501343727111816e+01;+4.3389120101928711e+00;+8.3477115631103516e+00
24050;+1.6759807586669922e+01;+1.0756064414978027e+01;+4.5351037979125977e+00;+8.5812158584594727e+00
24100;+1.6714719772338867e+01;+1.0701855659484863e+01;+4.4933118820190430e+00;+8.6960000991821289e+00
24150;+1.6912544250488281e+01;+1.0899264335632324e+01;+4.6239681243896484e+00;+8.7598075866699219e+00
24200;+1.6571296691894531e+01;+1.0658911705017090e+01;+4.3902077674865723e+00;+8.7162561416625977e+00
24250;+1.6941471099853516e+01;+1.0885184288024902e+01;+4.5877442359924316e+00;+8.7811517715454102e+00
24300;+1.6908672332763672e+01;+1.0822848320007324e+01;+4.5698561668395996e+00;+8.6008958816528320e+00
24350;+1.7040384292602539e+01;+1.0963904380798340e+01;+4.5968642234802246e+00;+8.8721275329589844e+00
24400;+1.6601503372192383e+01;+1.0763615608215332e+01;+4.4956479072570801e+00;+8.7067842483520508e+00
24450;+1.7139328002929688e+01;+1.0998047828674316e+01;+4.6801280975341797e+00;+8.9663362503051758e+00
24500;+1.7099296569824219e+01;+1.0936511993408203e+01;+4.6303682327270508e+00;+8.9054718017578125e+00
24550;+1.7187328338623047e+01;+1.1019743919372559e+01;+4.6959037780761719e+00;+8.8985280990600586e+00
