Num rows;Error TRSV fp64;Error TRSV fp32;Error TRSV Acc<fp64, fp64>;Error TRSV Acc<fp64, fp32>;Error TRSV Acc<fp32, fp32>;Error CUBLAS TRSV fp64;Error CUBLAS TRSV fp32
50;+0.0000000000000000e+00;+1.1237566739836766e-07;+0.0000000000000000e+00;+8.4102796722476471e-08;+1.1237566739836766e-07;+3.5636603565011712e-16;+1.7146137194365418e-07
100;+0.0000000000000000e+00;+1.9110926967215639e-07;+0.0000000000000000e+00;+1.1424075475914074e-07;+1.9110926967215639e-07;+5.3999086442524341e-16;+2.2877406520949669e-07
150;+0.0000000000000000e+00;+2.6388337209964507e-07;+0.0000000000000000e+00;+1.4381109950543701e-07;+2.6388337209964507e-07;+7.0090862439514675e-16;+2.9777211405662875e-07
200;+0.0000000000000000e+00;+3.3173724220462318e-07;+0.0000000000000000e+00;+1.7092817678886699e-07;+3.3173724220462318e-07;+8.2405312344875175e-16;+3.5031571177861310e-07
250;+0.0000000000000000e+00;+4.5096711206318440e-07;+0.0000000000000000e+00;+1.9482267957406959e-07;+4.5096711206318440e-07;+1.0663815505594534e-15;+4.3657966137862981e-07
300;+0.0000000000000000e+00;+5.3739196339725114e-07;+0.0000000000000000e+00;+2.1997395050576884e-07;+5.3739196339725114e-07;+1.2142229710826626e-15;+4.9139310269871445e-07
350;+0.0000000000000000e+00;+5.6128509112034416e-07;+0.0000000000000000e+00;+2.3911385010364419e-07;+5.6128509112034416e-07;+1.4129008030576949e-15;+5.2309133498900502e-07
400;+0.0000000000000000e+00;+6.5621193595165523e-07;+0.0000000000000000e+00;+2.6062306077993973e-07;+6.5621193595165523e-07;+1.5304612402265794e-15;+6.2091594435308948e-07
450;+0.0000000000000000e+00;+7.1481895583582984e-07;+0.0000000000000000e+00;+2.8584096920058777e-07;+7.1481895583582984e-07;+1.7237445117689972e-15;+7.2728679705309062e-07
500;+0.0000000000000000e+00;+7.7975851406106462e-07;+0.0000000000000000e+00;+3.0604711076379472e-07;+7.7975851406106462e-07;+1.9033750427598633e-15;+8.0124802840481525e-07
550;+0.0000000000000000e+00;+8.7756116321808315e-07;+0.0000000000000000e+00;+3.1112696693487435e-07;+8.7756116321808315e-07;+1.9888447722448399e-15;+8.3078173646054905e-07
600;+0.0000000000000000e+00;+9.3617679167522503e-07;+0.0000000000000000e+00;+3.1726410959191557e-07;+9.3617679167522503e-07;+2.1830900512055326e-15;+8.6583175608763660e-07
650;+0.0000000000000000e+00;+1.0385043875008220e-06;+0.0000000000000000e+00;+3.4030510837735455e-07;+1.0385043875008220e-06;+2.4471781434325022e-15;+9.6350153812543821e-07
700;+0.0000000000000000e+00;+1.1253981564135695e-06;+0.0000000000000000e+00;+3.5326746305803303e-07;+1.1253981564135695e-06;+2.5141627073471816e-15;+1.0084465213285609e-06
750;+0.0000000000000000e+00;+1.1746327830138786e-06;+0.0000000000000000e+00;+3.7411084353818996e-07;+1.1746327830138786e-06;+2.6252698299305564e-15;+1.0469363578704203e-06
800;+0.0000000000000000e+00;+1.2301917701796005e-06;+0.0000000000000000e+00;+3.9111696507200974e-07;+1.2301917701796005e-06;+2.7819134675834363e-15;+1.0937810094194470e-06
850;+0.0000000000000000e+00;+1.2781808908879798e-06;+0.0000000000000000e+00;+4.1000431092141944e-07;+1.2781808908879798e-06;+2.9508075369797450e-15;+1.1493368983551367e-06
900;+0.0000000000000000e+00;+1.3759073145124336e-06;+0.0000000000000000e+00;+4.2993533268122583e-07;+1.3759073145124336e-06;+3.0837368969789263e-15;+1.2014920958945505e-06
950;+0.0000000000000000e+00;+1.4648809896778844e-06;+0.0000000000000000e+00;+4.5476382825237611e-07;+1.4648809896778844e-06;+3.2905479906283298e-15;+1.2552361125078557e-06
1000;+0.0000000000000000e+00;+1.5424888603036377e-06;+0.0000000000000000e+00;+4.7585306001697660e-07;+1.5424888603036377e-06;+3.5447139703200295e-15;+1.2937257162537159e-06
1050;+0.0000000000000000e+00;+1.6308381617141879e-06;+0.0000000000000000e+00;+5.0271090976855412e-07;+1.6308381617141879e-06;+3.7617117997145055e-15;+1.3910001383694937e-06
1100;+0.0000000000000000e+00;+1.7324129571359160e-06;+0.0000000000000000e+00;+5.2124786610503439e-07;+1.7324129571359160e-06;+4.0167909457202270e-15;+1.4956604535296278e-06
1150;+0.0000000000000000e+00;+1.8121555690750453e-06;+0.0000000000000000e+00;+5.4104914374633127e-07;+1.8121555690750453e-06;+4.2535135684570466e-15;+1.5772874130513604e-06
1200;+0.0000000000000000e+00;+1.8772362613297960e-06;+0.0000000000000000e+00;+5.6000424570601189e-07;+1.8772362613297960e-06;+4.5499725984723523e-15;+1.6591327160246561e-06
1250;+0.0000000000000000e+00;+1.9680879957282785e-06;+0.0000000000000000e+00;+5.7090694003212922e-07;+1.9680879957282785e-06;+4.7431716789621003e-15;+1.7317073834856871e-06
1300;+0.0000000000000000e+00;+2.1002571191314269e-06;+0.0000000000000000e+00;+5.9246737547733606e-07;+2.1002571191314269e-06;+5.0249774130116669e-15;+1.8437423297429654e-06
1350;+0.0000000000000000e+00;+2.1904516855619941e-06;+0.0000000000000000e+00;+6.2352297674743369e-07;+2.1904516855619941e-06;+5.4020388679793280e-15;+1.9286740998126870e-06
1400;+0.0000000000000000e+00;+2.2647126925838556e-06;+0.0000000000000000e+00;+6.4157021029737819e-07;+2.2647126925838556e-06;+5.6580216549051380e-15;+2.0112597576709862e-06
1450;+0.0000000000000000e+00;+2.3332612232599356e-06;+0.0000000000000000e+00;+6.6089294211983326e-07;+2.3332612232599356e-06;+5.8926713036054132e-15;+2.1116484590924659e-06
1500;+0.0000000000000000e+00;+2.4071671922056990e-06;+0.0000000000000000e+00;+6.7179844546192978e-07;+2.4071671922056990e-06;+6.0969415581477133e-15;+2.1966971564939476e-06
1550;+0.0000000000000000e+00;+2.5250663768685495e-06;+0.0000000000000000e+00;+6.8634894727546125e-07;+2.5250663768685495e-06;+6.2311933668445307e-15;+2.3088084367655822e-06
1600;+0.0000000000000000e+00;+2.6726542704736331e-06;+0.0000000000000000e+00;+7.0144078614203144e-07;+2.6726542704736331e-06;+6.4138914089730983e-15;+2.4004132241639509e-06
1650;+0.0000000000000000e+00;+2.7834181258283740e-06;+0.0000000000000000e+00;+7.1369379828961136e-07;+2.7834181258283740e-06;+6.6613317761461275e-15;+2.5482123375952454e-06
1700;+0.0000000000000000e+00;+2.8549245649495381e-06;+0.0000000000000000e+00;+7.3386203384190998e-07;+2.8549245649495381e-06;+6.8753328548407526e-15;+2.6420563147388870e-06
1750;+0.0000000000000000e+00;+2.9411808233996106e-06;+0.0000000000000000e+00;+7.4663781501875430e-07;+2.9411808233996106e-06;+7.1229048400809322e-15;+2.7064975173232769e-06
1800;+0.0000000000000000e+00;+3.0295324685901943e-06;+0.0000000000000000e+00;+7.5957754389878450e-07;+3.0295324685901943e-06;+7.3166295275777158e-15;+2.8050398140317833e-06
1850;+0.0000000000000000e+00;+3.1373936550888184e-06;+0.0000000000000000e+00;+7.8769860166099476e-07;+3.1373936550888184e-06;+7.6811801080946381e-15;+2.9100568521640394e-06
1900;+0.0000000000000000e+00;+3.2208026014396945e-06;+0.0000000000000000e+00;+8.0313014800639317e-07;+3.2208026014396945e-06;+7.9770080716446142e-15;+2.9798334349536538e-06
1950;+0.0000000000000000e+00;+3.2900293833956946e-06;+0.0000000000000000e+00;+8.2542440995942532e-07;+3.2900293833956946e-06;+8.2276900082457368e-15;+3.0907625761789280e-06
2000;+0.0000000000000000e+00;+3.3725890389434180e-06;+0.0000000000000000e+00;+8.3979364999544353e-07;+3.3725890389434180e-06;+8.5670541958957132e-15;+3.1898603171960078e-06
2050;+0.0000000000000000e+00;+3.4636505783787962e-06;+0.0000000000000000e+00;+8.6090245115220926e-07;+3.4636505783787962e-06;+8.8973627063580298e-15;+3.2901442538850270e-06
2100;+0.0000000000000000e+00;+3.5555955799699904e-06;+0.0000000000000000e+00;+8.7932779865833098e-07;+3.5555955799699904e-06;+9.2335371159834448e-15;+3.3508489410721818e-06
2150;+0.0000000000000000e+00;+3.6236833543985194e-06;+0.0000000000000000e+00;+8.9540823213530868e-07;+3.6236833543985194e-06;+9.4574112715035868e-15;+3.4438083492365353e-06
2200;+0.0000000000000000e+00;+3.7394028836895514e-06;+0.0000000000000000e+00;+9.1874591846566188e-07;+3.7394028836895514e-06;+9.8257930413034342e-15;+3.5576320091677642e-06
2250;+0.0000000000000000e+00;+3.8142066049661822e-06;+0.0000000000000000e+00;+9.3837110273770998e-07;+3.8142066049661822e-06;+1.0006651200123745e-14;+3.6628446359273449e-06
2300;+0.0000000000000000e+00;+3.9147733527842154e-06;+0.0000000000000000e+00;+9.5304887338699312e-07;+3.9147733527842154e-06;+1.0280701797381554e-14;+3.7503575189393883e-06
2350;+0.0000000000000000e+00;+3.9930449100310584e-06;+0.0000000000000000e+00;+9.6636777636703756e-07;+3.9930449100310584e-06;+1.0403303919859536e-14;+3.8596946546568672e-06
2400;+0.0000000000000000e+00;+4.0899805570602337e-06;+0.0000000000000000e+00;+1.0028526006559914e-06;+4.0899805570602337e-06;+1.0655044865368973e-14;+3.9775987119630027e-06
2450;+0.0000000000000000e+00;+4.1824425267575264e-06;+0.0000000000000000e+00;+1.0352333870260091e-06;+4.1824425267575264e-06;+1.0904708501269685e-14;+4.1350090706475951e-06
2500;+0.0000000000000000e+00;+4.3326060944748248e-06;+0.0000000000000000e+00;+1.0754828267878159e-06;+4.3326060944748248e-06;+1.1248756661009752e-14;+4.2768892582408414e-06
2550;+0.0000000000000000e+00;+4.4499129749220108e-06;+0.0000000000000000e+00;+1.1029941819025939e-06;+4.4499129749220108e-06;+1.1561284678287750e-14;+4.4052657007324002e-06
2600;+0.0000000000000000e+00;+4.5502565315055968e-06;+0.0000000000000000e+00;+1.1169408173849305e-06;+4.5502565315055968e-06;+1.1999471087741510e-14;+4.5423625013913539e-06
2650;+0.0000000000000000e+00;+4.6417448332567868e-06;+0.0000000000000000e+00;+1.1367603923241595e-06;+4.6417448332567868e-06;+1.2367317418437084e-14;+4.7411237117273611e-06
2700;+0.0000000000000000e+00;+4.7520749525580164e-06;+0.0000000000000000e+00;+1.1520116946107667e-06;+4.7520749525580164e-06;+1.2720533307254083e-14;+4.9116119694961295e-06
2750;+0.0000000000000000e+00;+4.8358793044087468e-06;+0.0000000000000000e+00;+1.1779170832683458e-06;+4.8358793044087468e-06;+1.3012829661176406e-14;+5.0546555148001051e-06
2800;+0.0000000000000000e+00;+5.0004195318950007e-06;+0.0000000000000000e+00;+1.2045856449565394e-06;+5.0004195318950007e-06;+1.3470339059198668e-14;+5.1562466402427373e-06
2850;+0.0000000000000000e+00;+5.0788064326329445e-06;+0.0000000000000000e+00;+1.2280867517320760e-06;+5.0788064326329445e-06;+1.3667705853542701e-14;+5.2861642010236046e-06
2900;+0.0000000000000000e+00;+5.1436044845758612e-06;+0.0000000000000000e+00;+1.2394004250789050e-06;+5.1436044845758612e-06;+1.3933368726603068e-14;+5.3638210250519923e-06
2950;+0.0000000000000000e+00;+5.2882550409771188e-06;+0.0000000000000000e+00;+1.2626834703396269e-06;+5.2882550409771188e-06;+1.4214535483079149e-14;+5.5077084001020113e-06
3000;+0.0000000000000000e+00;+5.4396468587399120e-06;+0.0000000000000000e+00;+1.2877467664038276e-06;+5.4396468587399120e-06;+1.4574070043774927e-14;+5.6846912355892754e-06
3050;+0.0000000000000000e+00;+5.5824926437429563e-06;+0.0000000000000000e+00;+1.3189414812704576e-06;+5.5824926437429563e-06;+1.4933593786682481e-14;+5.8670196936006227e-06
3100;+0.0000000000000000e+00;+5.7430432932072378e-06;+0.0000000000000000e+00;+1.3316852712449089e-06;+5.7430432932072378e-06;+1.5374831155224870e-14;+6.0055818880790342e-06
3150;+0.0000000000000000e+00;+5.8738609567684436e-06;+0.0000000000000000e+00;+1.3597676082768600e-06;+5.8738609567684436e-06;+1.5716213472751263e-14;+6.1204516265581258e-06
3200;+0.0000000000000000e+00;+6.0425155010557445e-06;+0.0000000000000000e+00;+1.3854884380566759e-06;+6.0425155010557445e-06;+1.6137381406272904e-14;+6.2689655463356357e-06
3250;+0.0000000000000000e+00;+6.1308053083595536e-06;+0.0000000000000000e+00;+1.4083165550907108e-06;+6.1308053083595536e-06;+1.6535357901679902e-14;+6.3108606938464913e-06
3300;+0.0000000000000000e+00;+6.2467028569647519e-06;+0.0000000000000000e+00;+1.4349594420255078e-06;+6.2467028569647519e-06;+1.6963548552326283e-14;+6.4688186138969946e-06
3350;+0.0000000000000000e+00;+6.3752612844054064e-06;+0.0000000000000000e+00;+1.4540123486662618e-06;+6.3752612844054064e-06;+1.7243635261698499e-14;+6.5589062489257111e-06
3400;+0.0000000000000000e+00;+6.5344823183243411e-06;+0.0000000000000000e+00;+1.4838060621198044e-06;+6.5344823183243411e-06;+1.7430768852264794e-14;+6.6984042109982443e-06
3450;+0.0000000000000000e+00;+6.6475926889377758e-06;+0.0000000000000000e+00;+1.5146029181706272e-06;+6.6475926889377758e-06;+1.7746721918235050e-14;+6.8526076178547183e-06
3500;+0.0000000000000000e+00;+6.8449418023606159e-06;+0.0000000000000000e+00;+1.5437427446836335e-06;+6.8449418023606159e-06;+1.8171859546839796e-14;+6.9898912926144419e-06
3550;+0.0000000000000000e+00;+6.9990956130542564e-06;+0.0000000000000000e+00;+1.5623965353629234e-06;+6.9990956130542564e-06;+1.8462030306641961e-14;+7.1405833943546243e-06
3600;+0.0000000000000000e+00;+7.1579968576717901e-06;+0.0000000000000000e+00;+1.5824907070231146e-06;+7.1579968576717901e-06;+1.9037406778723109e-14;+7.3214985158482196e-06
3650;+0.0000000000000000e+00;+7.2476830404100711e-06;+0.0000000000000000e+00;+1.5990568949171344e-06;+7.2476830404100711e-06;+1.9419040720534661e-14;+7.4478599201497653e-06
3700;+0.0000000000000000e+00;+7.3709482781928288e-06;+0.0000000000000000e+00;+1.6256325086068179e-06;+7.3709482781928288e-06;+1.9864661051731574e-14;+7.6065273534068862e-06
3750;+0.0000000000000000e+00;+7.5030865352512945e-06;+0.0000000000000000e+00;+1.6696387298747032e-06;+7.5030865352512945e-06;+2.0242820003608623e-14;+7.7532467607867123e-06
3800;+0.0000000000000000e+00;+7.6206713162891409e-06;+0.0000000000000000e+00;+1.6895028176945023e-06;+7.6206713162891409e-06;+2.0763808506473768e-14;+7.9222426005391717e-06
3850;+0.0000000000000000e+00;+7.7234440019367205e-06;+0.0000000000000000e+00;+1.7023197376422988e-06;+7.7234440019367205e-06;+2.1157893939050122e-14;+8.0518806422176822e-06
3900;+0.0000000000000000e+00;+7.8357251716926690e-06;+0.0000000000000000e+00;+1.7266904846981027e-06;+7.8357251716926690e-06;+2.1517730862654275e-14;+8.1725206703684152e-06
3950;+0.0000000000000000e+00;+8.0910881478470531e-06;+0.0000000000000000e+00;+1.7561753771874581e-06;+8.0910881478470531e-06;+2.2033504612211026e-14;+8.3668307763604395e-06
4000;+0.0000000000000000e+00;+8.2205952802065663e-06;+0.0000000000000000e+00;+1.7829575767615533e-06;+8.2205952802065663e-06;+2.2633032000918332e-14;+8.4643000589808874e-06
4050;+0.0000000000000000e+00;+8.3208278703330657e-06;+0.0000000000000000e+00;+1.7966817193770558e-06;+8.3208278703330657e-06;+2.3191682840893880e-14;+8.6051507890249056e-06
4100;+0.0000000000000000e+00;+8.5132672993606153e-06;+0.0000000000000000e+00;+1.8322005855724506e-06;+8.5132672993606153e-06;+2.3769888760695451e-14;+8.7793040465474793e-06
4150;+0.0000000000000000e+00;+8.6468531652038152e-06;+0.0000000000000000e+00;+1.8596006638671289e-06;+8.6468531652038152e-06;+2.4503986500978142e-14;+8.8832170248429764e-06
4200;+0.0000000000000000e+00;+8.7863765391319652e-06;+0.0000000000000000e+00;+1.8934116646421739e-06;+8.7863765391319652e-06;+2.5045844879803348e-14;+9.0528511015104836e-06
4250;+0.0000000000000000e+00;+8.8850461714072690e-06;+0.0000000000000000e+00;+1.9129533165597158e-06;+8.8850461714072690e-06;+2.5429737366464581e-14;+9.2206664575335251e-06
4300;+0.0000000000000000e+00;+9.0110334475337617e-06;+0.0000000000000000e+00;+1.9277296089870979e-06;+9.0110334475337617e-06;+2.5670551554479625e-14;+9.4047414094302297e-06
4350;+0.0000000000000000e+00;+9.1106768719421110e-06;+0.0000000000000000e+00;+1.9458926332017553e-06;+9.1106768719421110e-06;+2.6025559214557635e-14;+9.5930069176371508e-06
4400;+0.0000000000000000e+00;+9.2660721750992262e-06;+0.0000000000000000e+00;+1.9630795950466492e-06;+9.2660721750992262e-06;+2.6350270712704492e-14;+9.6966681929922056e-06
4450;+0.0000000000000000e+00;+9.5150257058158426e-06;+0.0000000000000000e+00;+1.9799708674694557e-06;+9.5150257058158426e-06;+2.6895884953720500e-14;+9.8487794755316900e-06
4500;+0.0000000000000000e+00;+9.6226388059049548e-06;+0.0000000000000000e+00;+1.9943121957584363e-06;+9.6226388059049548e-06;+2.7329470707859963e-14;+1.0076148055353033e-05
4550;+0.0000000000000000e+00;+9.7591861980668942e-06;+0.0000000000000000e+00;+2.0117603960485497e-06;+9.7591861980668942e-06;+2.8013656130012989e-14;+1.0384674580770949e-05
4600;+0.0000000000000000e+00;+9.9482190708623522e-06;+0.0000000000000000e+00;+2.0316259849745516e-06;+9.9482190708623522e-06;+2.8721504382337559e-14;+1.0597696901414229e-05
4650;+0.0000000000000000e+00;+1.0122686370961566e-05;+0.0000000000000000e+00;+2.0450410581668566e-06;+1.0122686370961566e-05;+2.9287504639766000e-14;+1.0775212243960562e-05
4700;+0.0000000000000000e+00;+1.0355173973171327e-05;+0.0000000000000000e+00;+2.0801065448061151e-06;+1.0355173973171327e-05;+2.9746326928804090e-14;+1.0931470678551143e-05
4750;+0.0000000000000000e+00;+1.0494836673550478e-05;+0.0000000000000000e+00;+2.0974814624269805e-06;+1.0494836673550478e-05;+3.0477737453685541e-14;+1.1129457421658402e-05
4800;+0.0000000000000000e+00;+1.0707793590342882e-05;+0.0000000000000000e+00;+2.1179295149561026e-06;+1.0707793590342882e-05;+3.1015734567763282e-14;+1.1277743202947820e-05
4850;+0.0000000000000000e+00;+1.0917856869511442e-05;+0.0000000000000000e+00;+2.1400816072623493e-06;+1.0917856869511442e-05;+3.1334653801395538e-14;+1.1383754511613606e-05
4900;+0.0000000000000000e+00;+1.1061618048383352e-05;+0.0000000000000000e+00;+2.1624369519389908e-06;+1.1061618048383352e-05;+3.1829111054741940e-14;+1.1549242976904698e-05
4950;+0.0000000000000000e+00;+1.1259032134969653e-05;+0.0000000000000000e+00;+2.1771921903466744e-06;+1.1259032134969653e-05;+3.2425058638090749e-14;+1.1690672150936607e-05
5000;+0.0000000000000000e+00;+1.1443652466982060e-05;+0.0000000000000000e+00;+2.2036138600429364e-06;+1.1443652466982060e-05;+3.3076045538398680e-14;+1.1909768141092253e-05
5050;+0.0000000000000000e+00;+1.1605094556255800e-05;+0.0000000000000000e+00;+2.2422696065579128e-06;+1.1605094556255800e-05;+3.3473128145413981e-14;+1.2132779855974035e-05
5100;+0.0000000000000000e+00;+1.1781315776752229e-05;+0.0000000000000000e+00;+2.2734602627635879e-06;+1.1781315776752229e-05;+3.3977244618200354e-14;+1.2300589606777600e-05
5150;+0.0000000000000000e+00;+1.1980993333808073e-05;+0.0000000000000000e+00;+2.2968433703832623e-06;+1.1980993333808073e-05;+3.4353907171904937e-14;+1.2476070157369105e-05
5200;+0.0000000000000000e+00;+1.2197536666508440e-05;+0.0000000000000000e+00;+2.3224676488257459e-06;+1.2197536666508440e-05;+3.4705637532233845e-14;+1.2666068740886264e-05
5250;+0.0000000000000000e+00;+1.2330806506183569e-05;+0.0000000000000000e+00;+2.3345550724008356e-06;+1.2330806506183569e-05;+3.5236076744244551e-14;+1.2767402644070065e-05
5300;+0.0000000000000000e+00;+1.2514728332284983e-05;+0.0000000000000000e+00;+2.3566074574633752e-06;+1.2514728332284983e-05;+3.5699027812299421e-14;+1.2977028599143198e-05
5350;+0.0000000000000000e+00;+1.2705658920224628e-05;+0.0000000000000000e+00;+2.3866763585465763e-06;+1.2705658920224628e-05;+3.6196424428014634e-14;+1.2995711577763023e-05
5400;+0.0000000000000000e+00;+1.2914468606747155e-05;+0.0000000000000000e+00;+2.4119861613970027e-06;+1.2914468606747155e-05;+3.6685844245579667e-14;+1.3137157266729344e-05
5450;+0.0000000000000000e+00;+1.3028444671405229e-05;+0.0000000000000000e+00;+2.4358035557664648e-06;+1.3028444671405229e-05;+3.7499621326501574e-14;+1.3326579734016121e-05
5500;+0.0000000000000000e+00;+1.3193284744235373e-05;+0.0000000000000000e+00;+2.4667866040169567e-06;+1.3193284744235373e-05;+3.8011917999048731e-14;+1.3588614164689579e-05
5550;+0.0000000000000000e+00;+1.3307934246886856e-05;+0.0000000000000000e+00;+2.4922618550918278e-06;+1.3307934246886856e-05;+3.8495374392768543e-14;+1.3820531666329328e-05
5600;+0.0000000000000000e+00;+1.3494973764220813e-05;+0.0000000000000000e+00;+2.5260056367677970e-06;+1.3494973764220813e-05;+3.8958470815865031e-14;+1.4080053176468243e-05
5650;+0.0000000000000000e+00;+1.3682731498630674e-05;+0.0000000000000000e+00;+2.5415215170540701e-06;+1.3682731498630674e-05;+3.9436300233871407e-14;+1.4271577540630469e-05
5700;+0.0000000000000000e+00;+1.3933842213454216e-05;+0.0000000000000000e+00;+2.5574018004975188e-06;+1.3933842213454216e-05;+4.0137028769089828e-14;+1.4411884898245912e-05
5750;+0.0000000000000000e+00;+1.4115718633851721e-05;+0.0000000000000000e+00;+2.5846882094020276e-06;+1.4115718633851721e-05;+4.0679111351164271e-14;+1.4557571788966508e-05
5800;+0.0000000000000000e+00;+1.4321369134577723e-05;+0.0000000000000000e+00;+2.6027100428957914e-06;+1.4321369134577723e-05;+4.1225873823454592e-14;+1.4712963802245279e-05
5850;+0.0000000000000000e+00;+1.4488907256487699e-05;+0.0000000000000000e+00;+2.6202326317858952e-06;+1.4488907256487699e-05;+4.1778863212695627e-14;+1.4816557825887468e-05
5900;+0.0000000000000000e+00;+1.4750063587316798e-05;+0.0000000000000000e+00;+2.6531991880880401e-06;+1.4750063587316798e-05;+4.2134503038165119e-14;+1.4989943270263176e-05
5950;+0.0000000000000000e+00;+1.4944605786987804e-05;+0.0000000000000000e+00;+2.6685085312233618e-06;+1.4944605786987804e-05;+4.2399891707423483e-14;+1.5146165693606168e-05
6000;+0.0000000000000000e+00;+1.5057738842819945e-05;+0.0000000000000000e+00;+2.6782787261532346e-06;+1.5057738842819945e-05;+4.2800436320357905e-14;+1.5326331612795531e-05
6050;+0.0000000000000000e+00;+1.5257200020768819e-05;+0.0000000000000000e+00;+2.6907837325294718e-06;+1.5257200020768819e-05;+4.3102207889398710e-14;+1.5554653027314458e-05
6100;+0.0000000000000000e+00;+1.5418505080002687e-05;+0.0000000000000000e+00;+2.7087979240777236e-06;+1.5418505080002687e-05;+4.3517658986647436e-14;+1.5711231336709496e-05
6150;+0.0000000000000000e+00;+1.5598133026760606e-05;+0.0000000000000000e+00;+2.7296994742204389e-06;+1.5598133026760606e-05;+4.3904440664726192e-14;+1.5818407006358243e-05
6200;+0.0000000000000000e+00;+1.5847284360763922e-05;+0.0000000000000000e+00;+2.7540444958737996e-06;+1.5847284360763922e-05;+4.4290562400406578e-14;+1.6034692866976137e-05
6250;+0.0000000000000000e+00;+1.6053893846330581e-05;+0.0000000000000000e+00;+2.7797968249611058e-06;+1.6053893846330581e-05;+4.4804287867527371e-14;+1.6217194055927984e-05
6300;+0.0000000000000000e+00;+1.6310124586842614e-05;+0.0000000000000000e+00;+2.7933450902315982e-06;+1.6310124586842614e-05;+4.5186300214033897e-14;+1.6431633116243902e-05
6350;+0.0000000000000000e+00;+1.6429094696579061e-05;+0.0000000000000000e+00;+2.7941595701400238e-06;+1.6429094696579061e-05;+4.5699033790498411e-14;+1.6569407229739638e-05
6400;+0.0000000000000000e+00;+1.6562802295723876e-05;+0.0000000000000000e+00;+2.8106144277602919e-06;+1.6562802295723876e-05;+4.6179441416878037e-14;+1.6689665158822132e-05
6450;+0.0000000000000000e+00;+1.6740180101522335e-05;+0.0000000000000000e+00;+2.8229273195767458e-06;+1.6740180101522335e-05;+4.6554904342012263e-14;+1.6846761371478513e-05
6500;+0.0000000000000000e+00;+1.6936674178567761e-05;+0.0000000000000000e+00;+2.8385449150435612e-06;+1.6936674178567761e-05;+4.7313423595605204e-14;+1.6990796069891435e-05
6550;+0.0000000000000000e+00;+1.7140029460832948e-05;+0.0000000000000000e+00;+2.8563929032063377e-06;+1.7140029460832948e-05;+4.7699870030967574e-14;+1.7122141666959847e-05
6600;+0.0000000000000000e+00;+1.7325952182257131e-05;+0.0000000000000000e+00;+2.8778940764933646e-06;+1.7325952182257131e-05;+4.8281655479721206e-14;+1.7321727952424091e-05
6650;+0.0000000000000000e+00;+1.7497685204994237e-05;+0.0000000000000000e+00;+2.8929011797395775e-06;+1.7497685204994237e-05;+4.8865582430954957e-14;+1.7500007700819764e-05
6700;+0.0000000000000000e+00;+1.7758308271393874e-05;+0.0000000000000000e+00;+2.9213455383347751e-06;+1.7758308271393874e-05;+4.9404555495814411e-14;+1.7668614424321681e-05
6750;+0.0000000000000000e+00;+1.7993467510123356e-05;+0.0000000000000000e+00;+2.9336196864417470e-06;+1.7993467510123356e-05;+4.9781941975268429e-14;+1.7726298891258504e-05
6800;+0.0000000000000000e+00;+1.8105023206441062e-05;+0.0000000000000000e+00;+2.9441498597879122e-06;+1.8105023206441062e-05;+4.9927198393986350e-14;+1.7826418595003192e-05
6850;+0.0000000000000000e+00;+1.8266314497141126e-05;+0.0000000000000000e+00;+2.9546314381305269e-06;+1.8266314497141126e-05;+5.0345434888315335e-14;+1.7951896985539300e-05
6900;+0.0000000000000000e+00;+1.8514680504912229e-05;+0.0000000000000000e+00;+2.9595024829409144e-06;+1.8514680504912229e-05;+5.0823547790406641e-14;+1.8103412290031972e-05
6950;+0.0000000000000000e+00;+1.8770989519718644e-05;+0.0000000000000000e+00;+2.9754701472459830e-06;+1.8770989519718644e-05;+5.1216556306526158e-14;+1.8355614025937225e-05
7000;+0.0000000000000000e+00;+1.9071307506354816e-05;+0.0000000000000000e+00;+2.9885409301184740e-06;+1.9071307506354816e-05;+5.1667500389704233e-14;+1.8631892206431672e-05
7050;+0.0000000000000000e+00;+1.9320594438333383e-05;+0.0000000000000000e+00;+3.0016568755963493e-06;+1.9320594438333383e-05;+5.2055257456872154e-14;+1.8924393186025744e-05
7100;+0.0000000000000000e+00;+1.9565374614181052e-05;+0.0000000000000000e+00;+3.0158797456309331e-06;+1.9565374614181052e-05;+5.2443799954367968e-14;+1.9072028151865055e-05
7150;+0.0000000000000000e+00;+1.9658973387500933e-05;+0.0000000000000000e+00;+3.0362745760276748e-06;+1.9658973387500933e-05;+5.2953991993539316e-14;+1.9267417446108378e-05
7200;+0.0000000000000000e+00;+1.9789742540065940e-05;+0.0000000000000000e+00;+3.0575559487044092e-06;+1.9789742540065940e-05;+5.3411687504065214e-14;+1.9467305451050550e-05
7250;+0.0000000000000000e+00;+1.9948414719240197e-05;+0.0000000000000000e+00;+3.0757405134252901e-06;+1.9948414719240197e-05;+5.3722062317868837e-14;+1.9674337536276705e-05
7300;+0.0000000000000000e+00;+2.0133403688300566e-05;+0.0000000000000000e+00;+3.0907577929631412e-06;+2.0133403688300566e-05;+5.4317546910025008e-14;+1.9894083643054837e-05
7350;+0.0000000000000000e+00;+2.0305405837982022e-05;+0.0000000000000000e+00;+3.1088533887705174e-06;+2.0305405837982022e-05;+5.5013118314788265e-14;+2.0049704405776361e-05
7400;+0.0000000000000000e+00;+2.0461793511226287e-05;+0.0000000000000000e+00;+3.1238106835779801e-06;+2.0461793511226287e-05;+5.5702231830084852e-14;+2.0259727708006935e-05
7450;+0.0000000000000000e+00;+2.0519718001842803e-05;+0.0000000000000000e+00;+3.1354832359141198e-06;+2.0519718001842803e-05;+5.6414344780813827e-14;+2.0431009249097278e-05
7500;+0.0000000000000000e+00;+2.0707052670154418e-05;+0.0000000000000000e+00;+3.1541505819209696e-06;+2.0707052670154418e-05;+5.6868311268198669e-14;+2.0564557803414174e-05
7550;+0.0000000000000000e+00;+2.0878355708507543e-05;+0.0000000000000000e+00;+3.1751071480153647e-06;+2.0878355708507543e-05;+5.7412505020605579e-14;+2.0697782911414269e-05
7600;+0.0000000000000000e+00;+2.1069500736782724e-05;+0.0000000000000000e+00;+3.1918258844446766e-06;+2.1069500736782724e-05;+5.8078999764340698e-14;+2.0847569878439518e-05
7650;+0.0000000000000000e+00;+2.1354085584162759e-05;+0.0000000000000000e+00;+3.2163231094493792e-06;+2.1354085584162759e-05;+5.8626560645194743e-14;+2.1003370651039624e-05
7700;+0.0000000000000000e+00;+2.1605962786778160e-05;+0.0000000000000000e+00;+3.2427607436088182e-06;+2.1605962786778160e-05;+5.9527293166698427e-14;+2.1274073238624007e-05
7750;+0.0000000000000000e+00;+2.1808640931948274e-05;+0.0000000000000000e+00;+3.2581249836969466e-06;+2.1808640931948274e-05;+6.0298570372158029e-14;+2.1436076681994511e-05
7800;+0.0000000000000000e+00;+2.1974467510245618e-05;+0.0000000000000000e+00;+3.2841151841687133e-06;+2.1974467510245618e-05;+6.0722902707707376e-14;+2.1489357608260601e-05
7850;+0.0000000000000000e+00;+2.2169853481847835e-05;+0.0000000000000000e+00;+3.3008187170581491e-06;+2.2169853481847835e-05;+6.1442336879495076e-14;+2.1644820148174168e-05
7900;+0.0000000000000000e+00;+2.2291865978741394e-05;+0.0000000000000000e+00;+3.3211433284426225e-06;+2.2291865978741394e-05;+6.2115371549563280e-14;+2.1798538767740176e-05
7950;+0.0000000000000000e+00;+2.2509106917681906e-05;+0.0000000000000000e+00;+3.3617801396059892e-06;+2.2509106917681906e-05;+6.2769091190470983e-14;+2.2005076774183385e-05
8000;+0.0000000000000000e+00;+2.2734176995489204e-05;+0.0000000000000000e+00;+3.3866731768536138e-06;+2.2734176995489204e-05;+6.3536457667920312e-14;+2.2212530060917952e-05
8050;+0.0000000000000000e+00;+2.2852080827584020e-05;+0.0000000000000000e+00;+3.4029283469599964e-06;+2.2852080827584020e-05;+6.3927849569593218e-14;+2.2353246056191661e-05
8100;+0.0000000000000000e+00;+2.3031429517703417e-05;+0.0000000000000000e+00;+3.4176231056468854e-06;+2.3031429517703417e-05;+6.4350150127498688e-14;+2.2580980069029361e-05
8150;+0.0000000000000000e+00;+2.3223754657881387e-05;+0.0000000000000000e+00;+3.4369664167921529e-06;+2.3223754657881387e-05;+6.4695594655062462e-14;+2.2808300411474850e-05
8200;+0.0000000000000000e+00;+2.3607247401176009e-05;+0.0000000000000000e+00;+3.4703613932109111e-06;+2.3607247401176009e-05;+6.5265904297547808e-14;+2.3126011594158588e-05
8250;+0.0000000000000000e+00;+2.3868999802707295e-05;+0.0000000000000000e+00;+3.4911643153838825e-06;+2.3868999802707295e-05;+6.5697238089110528e-14;+2.3329320133000343e-05
8300;+0.0000000000000000e+00;+2.4151015713818497e-05;+0.0000000000000000e+00;+3.5143925420792230e-06;+2.4151015713818497e-05;+6.6135341432697927e-14;+2.3483568095262379e-05
8350;+0.0000000000000000e+00;+2.4384330659949128e-05;+0.0000000000000000e+00;+3.5359275141493132e-06;+2.4384330659949128e-05;+6.6457960283641126e-14;+2.3575751143099540e-05
8400;+0.0000000000000000e+00;+2.4517865087864275e-05;+0.0000000000000000e+00;+3.5634176239537698e-06;+2.4517865087864275e-05;+6.6888711349437693e-14;+2.3856932238157715e-05
8450;+0.0000000000000000e+00;+2.4594336618653875e-05;+0.0000000000000000e+00;+3.5735122366036712e-06;+2.4594336618653875e-05;+6.7318332414695401e-14;+2.4158850265925465e-05
8500;+0.0000000000000000e+00;+2.4756506419289107e-05;+0.0000000000000000e+00;+3.5906583761707093e-06;+2.4756506419289107e-05;+6.7964432350895837e-14;+2.4436581710213888e-05
8550;+0.0000000000000000e+00;+2.4989335206574440e-05;+0.0000000000000000e+00;+3.6162860134203236e-06;+2.4989335206574440e-05;+6.8495213558635355e-14;+2.4703548489565253e-05
8600;+0.0000000000000000e+00;+2.5183855642698346e-05;+0.0000000000000000e+00;+3.6449014345802552e-06;+2.5183855642698346e-05;+6.9328160553109454e-14;+2.4983843453969426e-05
8650;+0.0000000000000000e+00;+2.5323830720576124e-05;+0.0000000000000000e+00;+3.6578889105165808e-06;+2.5323830720576124e-05;+6.9791479921495223e-14;+2.5219426748339554e-05
8700;+0.0000000000000000e+00;+2.5478907075890568e-05;+0.0000000000000000e+00;+3.6839953056987853e-06;+2.5478907075890568e-05;+7.0273631929573202e-14;+2.5465929207282368e-05
8750;+0.0000000000000000e+00;+2.5668471740563905e-05;+0.0000000000000000e+00;+3.7023303596932107e-06;+2.5668471740563905e-05;+7.0555011954035240e-14;+2.5651517207675999e-05
8800;+0.0000000000000000e+00;+2.5855191488114230e-05;+0.0000000000000000e+00;+3.7319009115827115e-06;+2.5855191488114230e-05;+7.1148105043653681e-14;+2.5903193040808357e-05
8850;+0.0000000000000000e+00;+2.6001655535525118e-05;+0.0000000000000000e+00;+3.7485467433366673e-06;+2.6001655535525118e-05;+7.1585371676217811e-14;+2.6084273512892561e-05
8900;+0.0000000000000000e+00;+2.6196293224607326e-05;+0.0000000000000000e+00;+3.7578805110930065e-06;+2.6196293224607326e-05;+7.2160771028436263e-14;+2.6239946114423460e-05
8950;+0.0000000000000000e+00;+2.6389664764394869e-05;+0.0000000000000000e+00;+3.7695752759703496e-06;+2.6389664764394869e-05;+7.2788230911799691e-14;+2.6407044547383794e-05
9000;+0.0000000000000000e+00;+2.6737066956027702e-05;+0.0000000000000000e+00;+3.7985469741560477e-06;+2.6737066956027702e-05;+7.3357367249936886e-14;+2.6603634662029876e-05
9050;+0.0000000000000000e+00;+2.7073389002136411e-05;+0.0000000000000000e+00;+3.8169515074728413e-06;+2.7073389002136411e-05;+7.4185188826978064e-14;+2.6903011060878768e-05
9100;+0.0000000000000000e+00;+2.7403521814904839e-05;+0.0000000000000000e+00;+3.8369276528520165e-06;+2.7403521814904839e-05;+7.4831157910358076e-14;+2.7112487304387811e-05
9150;+0.0000000000000000e+00;+2.7649795411741429e-05;+0.0000000000000000e+00;+3.8497398944670623e-06;+2.7649795411741429e-05;+7.5675946252206528e-14;+2.7375333761514433e-05
9200;+0.0000000000000000e+00;+2.7864274114636913e-05;+0.0000000000000000e+00;+3.8635201885460782e-06;+2.7864274114636913e-05;+7.6254476601638494e-14;+2.7616656819254975e-05
9250;+0.0000000000000000e+00;+2.8073049515880518e-05;+0.0000000000000000e+00;+3.8911281280636023e-06;+2.8073049515880518e-05;+7.7062332790048625e-14;+2.7828673689251295e-05
9300;+0.0000000000000000e+00;+2.8269788396328290e-05;+0.0000000000000000e+00;+3.9167954062728700e-06;+2.8269788396328290e-05;+7.7546027444006836e-14;+2.8051074608884269e-05
9350;+0.0000000000000000e+00;+2.8454363051025436e-05;+0.0000000000000000e+00;+3.9339201469027234e-06;+2.8454363051025436e-05;+7.8035735284411738e-14;+2.8363910487078506e-05
9400;+0.0000000000000000e+00;+2.8740200236506523e-05;+0.0000000000000000e+00;+3.9494261120194137e-06;+2.8740200236506523e-05;+7.8452298272139846e-14;+2.8531731328924874e-05
9450;+0.0000000000000000e+00;+2.9072957008429187e-05;+0.0000000000000000e+00;+3.9634342344068557e-06;+2.9072957008429187e-05;+7.8973464515729806e-14;+2.8741940564360119e-05
9500;+0.0000000000000000e+00;+2.9361910654621561e-05;+0.0000000000000000e+00;+3.9813717514619974e-06;+2.9361910654621561e-05;+7.9486499511445349e-14;+2.8959163334858153e-05
9550;+0.0000000000000000e+00;+2.9587327404815993e-05;+0.0000000000000000e+00;+4.0083199575838070e-06;+2.9587327404815993e-05;+7.9990266408062384e-14;+2.9216118103792069e-05
9600;+0.0000000000000000e+00;+2.9746053885235747e-05;+0.0000000000000000e+00;+4.0227964329543736e-06;+2.9746053885235747e-05;+8.0353793687984577e-14;+2.9401437679835085e-05
9650;+0.0000000000000000e+00;+2.9884978815829425e-05;+0.0000000000000000e+00;+4.0420722788546861e-06;+2.9884978815829425e-05;+8.0741469463031513e-14;+2.9538731045086937e-05
9700;+0.0000000000000000e+00;+3.0092963725004797e-05;+0.0000000000000000e+00;+4.0539020365364925e-06;+3.0092963725004797e-05;+8.1102063794435177e-14;+2.9633799844221047e-05
9750;+0.0000000000000000e+00;+3.0274144550343532e-05;+0.0000000000000000e+00;+4.0773433465819720e-06;+3.0274144550343532e-05;+8.1650061682235884e-14;+2.9832725501312067e-05
9800;+0.0000000000000000e+00;+3.0438808403190139e-05;+0.0000000000000000e+00;+4.0969939803439730e-06;+3.0438808403190139e-05;+8.1809319112109867e-14;+2.9947462465693900e-05
9850;+0.0000000000000000e+00;+3.0886130476896508e-05;+0.0000000000000000e+00;+4.1227422134750848e-06;+3.0886130476896508e-05;+8.2297974924935586e-14;+3.0172040692180130e-05
9900;+0.0000000000000000e+00;+3.1271395881135300e-05;+0.0000000000000000e+00;+4.1387334513379197e-06;+3.1271395881135300e-05;+8.2802588938298625e-14;+3.0451673531789380e-05
9950;+0.0000000000000000e+00;+3.1672910929886783e-05;+0.0000000000000000e+00;+4.1537954280570492e-06;+3.1672910929886783e-05;+8.2992901800663309e-14;+3.0662964043594010e-05
10000;+0.0000000000000000e+00;+3.1945520753657040e-05;+0.0000000000000000e+00;+4.1775833902503479e-06;+3.1945520753657040e-05;+8.3420495561368294e-14;+3.0900054785640148e-05
10050;+0.0000000000000000e+00;+3.2224561603231715e-05;+0.0000000000000000e+00;+4.1991354160164637e-06;+3.2224561603231715e-05;+8.4215980648532141e-14;+3.1124871503907203e-05
10100;+0.0000000000000000e+00;+3.2498107805383144e-05;+0.0000000000000000e+00;+4.2190672610231440e-06;+3.2498107805383144e-05;+8.4789901950338306e-14;+3.1381561923029324e-05
10150;+0.0000000000000000e+00;+3.2819013607038299e-05;+0.0000000000000000e+00;+4.2571835078497401e-06;+3.2819013607038299e-05;+8.5599443096749538e-14;+3.1685822180951277e-05
10200;+0.0000000000000000e+00;+3.3045853183224583e-05;+0.0000000000000000e+00;+4.2756921152720220e-06;+3.3045853183224583e-05;+8.6315144704977509e-14;+3.1926390648338858e-05
10250;+0.0000000000000000e+00;+3.3241556735747058e-05;+0.0000000000000000e+00;+4.2851613420046136e-06;+3.3241556735747058e-05;+8.7039908265109346e-14;+3.2075437782207628e-05
10300;+0.0000000000000000e+00;+3.3451195934523498e-05;+0.0000000000000000e+00;+4.3031057099331370e-06;+3.3451195934523498e-05;+8.7393346655557862e-14;+3.2198546747783386e-05
10350;+0.0000000000000000e+00;+3.3695433085332972e-05;+0.0000000000000000e+00;+4.3293825944145656e-06;+3.3695433085332972e-05;+8.8098504842664756e-14;+3.2416405574224259e-05
10400;+0.0000000000000000e+00;+3.4068118622981622e-05;+0.0000000000000000e+00;+4.3585767158820861e-06;+3.4068118622981622e-05;+8.9063997165533078e-14;+3.2638880465603625e-05
10450;+0.0000000000000000e+00;+3.4335258991800597e-05;+0.0000000000000000e+00;+4.3861515519574333e-06;+3.4335258991800597e-05;+8.9605269513177504e-14;+3.2845660242408544e-05
10500;+0.0000000000000000e+00;+3.4606749935475821e-05;+0.0000000000000000e+00;+4.4102154494157993e-06;+3.4606749935475821e-05;+8.9933333868068398e-14;+3.3185671494951523e-05
10550;+0.0000000000000000e+00;+3.4760115964819560e-05;+0.0000000000000000e+00;+4.4338249833008978e-06;+3.4760115964819560e-05;+9.0705577832409770e-14;+3.3459068470877439e-05
10600;+0.0000000000000000e+00;+3.5181278427312470e-05;+0.0000000000000000e+00;+4.4619887856440365e-06;+3.5181278427312470e-05;+9.1558985588084095e-14;+3.3717334249798984e-05
10650;+0.0000000000000000e+00;+3.5410523904004355e-05;+0.0000000000000000e+00;+4.4889477865415622e-06;+3.5410523904004355e-05;+9.2395045348798615e-14;+3.3865602311329184e-05
10700;+0.0000000000000000e+00;+3.5629575434670671e-05;+0.0000000000000000e+00;+4.5189100410170384e-06;+3.5629575434670671e-05;+9.2951270988643296e-14;+3.4117056108767079e-05
10750;+0.0000000000000000e+00;+3.5803211629748349e-05;+0.0000000000000000e+00;+4.5427044675008446e-06;+3.5803211629748349e-05;+9.3473095617810425e-14;+3.4404349067793474e-05
10800;+0.0000000000000000e+00;+3.5953856362832290e-05;+0.0000000000000000e+00;+4.5645552747705116e-06;+3.5953856362832290e-05;+9.4020525017784421e-14;+3.4581769579515755e-05
10850;+0.0000000000000000e+00;+3.6198441821663031e-05;+0.0000000000000000e+00;+4.5967387362077614e-06;+3.6198441821663031e-05;+9.4460777898681691e-14;+3.4786780323362033e-05
10900;+0.0000000000000000e+00;+3.6528944921523128e-05;+0.0000000000000000e+00;+4.6209402074753938e-06;+3.6528944921523128e-05;+9.5198816715994189e-14;+3.4955437332137192e-05
10950;+0.0000000000000000e+00;+3.6755152345290574e-05;+0.0000000000000000e+00;+4.6527193570015130e-06;+3.6755152345290574e-05;+9.5859745080242347e-14;+3.5197824998262029e-05
11000;+0.0000000000000000e+00;+3.6925764475456628e-05;+0.0000000000000000e+00;+4.6764543316865766e-06;+3.6925764475456628e-05;+9.6601894056369198e-14;+3.5408233304653344e-05
11050;+0.0000000000000000e+00;+3.7082337333959216e-05;+0.0000000000000000e+00;+4.6914937047089513e-06;+3.7082337333959216e-05;+9.7208607927079447e-14;+3.5686566831426289e-05
11100;+0.0000000000000000e+00;+3.7300442616010201e-05;+0.0000000000000000e+00;+4.7056831013760946e-06;+3.7300442616010201e-05;+9.7890776157794748e-14;+3.6019952848438405e-05
11150;+0.0000000000000000e+00;+3.7538678848973669e-05;+0.0000000000000000e+00;+4.7307684281569865e-06;+3.7538678848973669e-05;+9.8356234902104911e-14;+3.6368363562292713e-05
11200;+0.0000000000000000e+00;+3.7703823873676354e-05;+0.0000000000000000e+00;+4.7465188426521228e-06;+3.7703823873676354e-05;+9.8619897646817386e-14;+3.6553672743381585e-05
11250;+0.0000000000000000e+00;+3.7858868050480863e-05;+0.0000000000000000e+00;+4.7559235001454972e-06;+3.7858868050480863e-05;+9.9120428765127927e-14;+3.6796819632969485e-05
11300;+0.0000000000000000e+00;+3.8088354312548775e-05;+0.0000000000000000e+00;+4.7735708318610345e-06;+3.8088354312548775e-05;+9.9709682044528389e-14;+3.6993884485565975e-05
11350;+0.0000000000000000e+00;+3.8317303007312322e-05;+0.0000000000000000e+00;+4.7854149144744380e-06;+3.8317303007312322e-05;+1.0042897967605817e-13;+3.7221738371067177e-05
11400;+0.0000000000000000e+00;+3.8445713217803964e-05;+0.0000000000000000e+00;+4.8100066164132470e-06;+3.8445713217803964e-05;+1.0092311247430885e-13;+3.7437557514350577e-05
11450;+0.0000000000000000e+00;+3.8724389646267478e-05;+0.0000000000000000e+00;+4.8191723773131172e-06;+3.8724389646267478e-05;+1.0156737644638181e-13;+3.7638196659071461e-05
11500;+0.0000000000000000e+00;+3.8900968079725504e-05;+0.0000000000000000e+00;+4.8413764547024405e-06;+3.8900968079725504e-05;+1.0229658888284968e-13;+3.7951835497120412e-05
11550;+0.0000000000000000e+00;+3.9106355041503448e-05;+0.0000000000000000e+00;+4.8580216704192728e-06;+3.9106355041503448e-05;+1.0290459651415372e-13;+3.8218968629673973e-05
11600;+0.0000000000000000e+00;+3.9324063577024814e-05;+0.0000000000000000e+00;+4.8730531818228479e-06;+3.9324063577024814e-05;+1.0334992195217259e-13;+3.8550069148785983e-05
11650;+0.0000000000000000e+00;+3.9580027634819919e-05;+0.0000000000000000e+00;+4.8881131113411566e-06;+3.9580027634819919e-05;+1.0419878428207980e-13;+3.8876660502167132e-05
11700;+0.0000000000000000e+00;+3.9778580655916582e-05;+0.0000000000000000e+00;+4.8992329035402682e-06;+3.9778580655916582e-05;+1.0478581052967875e-13;+3.9057832071262100e-05
11750;+0.0000000000000000e+00;+3.9925439649294396e-05;+0.0000000000000000e+00;+4.9281146174561241e-06;+3.9925439649294396e-05;+1.0548793142982946e-13;+3.9433212893155782e-05
11800;+0.0000000000000000e+00;+4.0195779784397817e-05;+0.0000000000000000e+00;+4.9447178887164687e-06;+4.0195779784397817e-05;+1.0599319274153562e-13;+3.9779645332967206e-05
11850;+0.0000000000000000e+00;+4.0454958915280665e-05;+0.0000000000000000e+00;+4.9589237845758257e-06;+4.0454958915280665e-05;+1.0654289773891906e-13;+4.0103405017529177e-05
11900;+0.0000000000000000e+00;+4.0691749589870949e-05;+0.0000000000000000e+00;+4.9787116313552099e-06;+4.0691749589870949e-05;+1.0718066350538360e-13;+4.0337473191073554e-05
11950;+0.0000000000000000e+00;+4.0834600715283488e-05;+0.0000000000000000e+00;+4.9984961938639572e-06;+4.0834600715283488e-05;+1.0770291372055544e-13;+4.0578360085010688e-05
12000;+0.0000000000000000e+00;+4.0957048840395684e-05;+0.0000000000000000e+00;+5.0176138337480967e-06;+4.0957048840395684e-05;+1.0849280770208205e-13;+4.0747970362415279e-05
12050;+0.0000000000000000e+00;+4.1107812672826201e-05;+0.0000000000000000e+00;+5.0353627610462497e-06;+4.1107812672826201e-05;+1.0884935832324522e-13;+4.0870442975320162e-05
12100;+0.0000000000000000e+00;+4.1252592140726288e-05;+0.0000000000000000e+00;+5.0467213411880164e-06;+4.1252592140726288e-05;+1.0937968379242374e-13;+4.1161558389719264e-05
12150;+0.0000000000000000e+00;+4.1396314721864843e-05;+0.0000000000000000e+00;+5.0653603490588128e-06;+4.1396314721864843e-05;+1.0991709057655715e-13;+4.1400915263277864e-05
12200;+0.0000000000000000e+00;+4.1546394947991681e-05;+0.0000000000000000e+00;+5.0942842595580408e-06;+4.1546394947991681e-05;+1.1066589255719124e-13;+4.1681790039315452e-05
12250;+0.0000000000000000e+00;+4.1788708789219225e-05;+0.0000000000000000e+00;+5.1127174433500500e-06;+4.1788708789219225e-05;+1.1138761274519693e-13;+4.1960048002458343e-05
12300;+0.0000000000000000e+00;+4.1994218451035267e-05;+0.0000000000000000e+00;+5.1323357348495760e-06;+4.1994218451035267e-05;+1.1188805262227433e-13;+4.2259245451932776e-05
12350;+0.0000000000000000e+00;+4.2338325107119198e-05;+0.0000000000000000e+00;+5.1511373084854226e-06;+4.2338325107119198e-05;+1.1279425153350439e-13;+4.2597174021409159e-05
12400;+0.0000000000000000e+00;+4.2624697415791618e-05;+0.0000000000000000e+00;+5.1649052047292032e-06;+4.2624697415791618e-05;+1.1347642447975115e-13;+4.2868894365621205e-05
12450;+0.0000000000000000e+00;+4.2915867927298009e-05;+0.0000000000000000e+00;+5.1881142490802249e-06;+4.2915867927298009e-05;+1.1402669526133997e-13;+4.3058275246591158e-05
12500;+0.0000000000000000e+00;+4.3112942047482228e-05;+0.0000000000000000e+00;+5.2076632621210690e-06;+4.3112942047482228e-05;+1.1475736599448049e-13;+4.3227223419761917e-05
12550;+0.0000000000000000e+00;+4.3437316540654437e-05;+0.0000000000000000e+00;+5.2290854546085817e-06;+4.3437316540654437e-05;+1.1557301487075926e-13;+4.3534743914925571e-05
12600;+0.0000000000000000e+00;+4.3737027067168648e-05;+0.0000000000000000e+00;+5.2608365920916704e-06;+4.3737027067168648e-05;+1.1623792249281577e-13;+4.3770980044476050e-05
12650;+0.0000000000000000e+00;+4.4070970841437417e-05;+0.0000000000000000e+00;+5.2918980050568583e-06;+4.4070970841437417e-05;+1.1679844547052518e-13;+4.4064796839749691e-05
12700;+0.0000000000000000e+00;+4.4383256465514724e-05;+0.0000000000000000e+00;+5.3144401652290371e-06;+4.4383256465514724e-05;+1.1759370812986046e-13;+4.4290742512527094e-05
12750;+0.0000000000000000e+00;+4.4631822062585112e-05;+0.0000000000000000e+00;+5.3320538304196089e-06;+4.4631822062585112e-05;+1.1843525753046926e-13;+4.4487570129091130e-05
12800;+0.0000000000000000e+00;+4.4833036251150461e-05;+0.0000000000000000e+00;+5.3503094292605427e-06;+4.4833036251150461e-05;+1.1888308406111680e-13;+4.4794492469382899e-05
12850;+0.0000000000000000e+00;+4.5046887641765797e-05;+0.0000000000000000e+00;+5.3771795773117910e-06;+4.5046887641765797e-05;+1.1977493468962911e-13;+4.5057551800919592e-05
12900;+0.0000000000000000e+00;+4.5357244396900795e-05;+0.0000000000000000e+00;+5.4083455397064429e-06;+4.5357244396900795e-05;+1.2020129477326967e-13;+4.5294546022372191e-05
12950;+0.0000000000000000e+00;+4.5722932772681713e-05;+0.0000000000000000e+00;+5.4401432533590953e-06;+4.5722932772681713e-05;+1.2064266465204421e-13;+4.5512169732667788e-05
13000;+0.0000000000000000e+00;+4.6134691098984635e-05;+0.0000000000000000e+00;+5.4734809333095562e-06;+4.6134691098984635e-05;+1.2142495083188587e-13;+4.5883887286350005e-05
13050;+0.0000000000000000e+00;+4.6343224148589521e-05;+0.0000000000000000e+00;+5.5004191462381887e-06;+4.6343224148589521e-05;+1.2211615264116524e-13;+4.6194896292109364e-05
13100;+0.0000000000000000e+00;+4.6515668192925799e-05;+0.0000000000000000e+00;+5.5204500865629130e-06;+4.6515668192925799e-05;+1.2270059482884636e-13;+4.6410123781189045e-05
13150;+0.0000000000000000e+00;+4.6861544028516596e-05;+0.0000000000000000e+00;+5.5361338783751116e-06;+4.6861544028516596e-05;+1.2336483277105565e-13;+4.6723126039948409e-05
13200;+0.0000000000000000e+00;+4.7217284229391303e-05;+0.0000000000000000e+00;+5.5671361319238786e-06;+4.7217284229391303e-05;+1.2407674633360847e-13;+4.7032798052320530e-05
13250;+0.0000000000000000e+00;+4.7529242904156836e-05;+0.0000000000000000e+00;+5.6021942758737458e-06;+4.7529242904156836e-05;+1.2495979170358017e-13;+4.7564754045360528e-05
13300;+0.0000000000000000e+00;+4.7789403163328019e-05;+0.0000000000000000e+00;+5.6285928111662125e-06;+4.7789403163328019e-05;+1.2578505390051250e-13;+4.7816482407463969e-05
13350;+0.0000000000000000e+00;+4.7926607433914476e-05;+0.0000000000000000e+00;+5.6470967711811091e-06;+4.7926607433914476e-05;+1.2638438168145258e-13;+4.8005058160368901e-05
13400;+0.0000000000000000e+00;+4.8212347136964829e-05;+0.0000000000000000e+00;+5.6723243046338008e-06;+4.8212347136964829e-05;+1.2712706983332929e-13;+4.8277822132566051e-05
13450;+0.0000000000000000e+00;+4.8472481862045815e-05;+0.0000000000000000e+00;+5.6989462927706284e-06;+4.8472481862045815e-05;+1.2771038899865888e-13;+4.8588515241325519e-05
13500;+0.0000000000000000e+00;+4.8767158564006627e-05;+0.0000000000000000e+00;+5.7118690926889160e-06;+4.8767158564006627e-05;+1.2834929855206237e-13;+4.8836634319594353e-05
13550;+0.0000000000000000e+00;+4.8934171287549190e-05;+0.0000000000000000e+00;+5.7303482391700421e-06;+4.8934171287549190e-05;+1.2900183972691569e-13;+4.9040265107001155e-05
13600;+0.0000000000000000e+00;+4.9150275251532296e-05;+0.0000000000000000e+00;+5.7585380297423293e-06;+4.9150275251532296e-05;+1.2991878766596131e-13;+4.9633266305332235e-05
13650;+0.0000000000000000e+00;+4.9404523452601946e-05;+0.0000000000000000e+00;+5.7818560755342809e-06;+4.9404523452601946e-05;+1.3078357329466492e-13;+4.9808510965200599e-05
13700;+0.0000000000000000e+00;+4.9719457456093225e-05;+0.0000000000000000e+00;+5.7960227879078896e-06;+4.9719457456093225e-05;+1.3159394195648465e-13;+4.9973905350173042e-05
13750;+0.0000000000000000e+00;+4.9988077356794083e-05;+0.0000000000000000e+00;+5.8196137338484719e-06;+4.9988077356794083e-05;+1.3217082902753776e-13;+5.0197110114535390e-05
13800;+0.0000000000000000e+00;+5.0280946090347564e-05;+0.0000000000000000e+00;+5.8385107253551769e-06;+5.0280946090347564e-05;+1.3292007497473146e-13;+5.0433790265958016e-05
13850;+0.0000000000000000e+00;+5.0634796298579555e-05;+0.0000000000000000e+00;+5.8511368595024809e-06;+5.0634796298579555e-05;+1.3362189541317930e-13;+5.0783297400165860e-05
13900;+0.0000000000000000e+00;+5.1076283577953292e-05;+0.0000000000000000e+00;+5.8723313118746228e-06;+5.1076283577953292e-05;+1.3432649036542398e-13;+5.1082274483312601e-05
13950;+0.0000000000000000e+00;+5.1447518158085677e-05;+0.0000000000000000e+00;+5.8948031231895417e-06;+5.1447518158085677e-05;+1.3506404967874489e-13;+5.1373208990692540e-05
14000;+0.0000000000000000e+00;+5.1729043616798865e-05;+0.0000000000000000e+00;+5.9195035769048684e-06;+5.1729043616798865e-05;+1.3585618402446821e-13;+5.1722821326398024e-05
14050;+0.0000000000000000e+00;+5.2028759241412813e-05;+0.0000000000000000e+00;+5.9402140536520141e-06;+5.2028759241412813e-05;+1.3690256592372905e-13;+5.2146754233474746e-05
14100;+0.0000000000000000e+00;+5.2298446757349946e-05;+0.0000000000000000e+00;+5.9595233056611673e-06;+5.2298446757349946e-05;+1.3753117661470484e-13;+5.2650210169864028e-05
14150;+0.0000000000000000e+00;+5.2673116529055599e-05;+0.0000000000000000e+00;+5.9857528011630417e-06;+5.2673116529055599e-05;+1.3834289024245958e-13;+5.2999669280990097e-05
14200;+0.0000000000000000e+00;+5.3013385266093376e-05;+0.0000000000000000e+00;+6.0082247875467536e-06;+5.3013385266093376e-05;+1.3940740973352845e-13;+5.3422044582410386e-05
14250;+0.0000000000000000e+00;+5.3246645731894670e-05;+0.0000000000000000e+00;+6.0251148063897468e-06;+5.3246645731894670e-05;+1.3989443413738198e-13;+5.3575145211821159e-05
14300;+0.0000000000000000e+00;+5.3525776331253975e-05;+0.0000000000000000e+00;+6.0521861809965416e-06;+5.3525776331253975e-05;+1.4077844538449278e-13;+5.3850913180928520e-05
14350;+0.0000000000000000e+00;+5.3914065846754358e-05;+0.0000000000000000e+00;+6.0721549958429456e-06;+5.3914065846754358e-05;+1.4127009232209102e-13;+5.4196773738394977e-05
14400;+0.0000000000000000e+00;+5.4157129510444297e-05;+0.0000000000000000e+00;+6.0958368294583590e-06;+5.4157129510444297e-05;+1.4172482503395117e-13;+5.4557297346500029e-05
14450;+0.0000000000000000e+00;+5.4445952316315790e-05;+0.0000000000000000e+00;+6.1072955390839155e-06;+5.4445952316315790e-05;+1.4258833454909251e-13;+5.4799906237200674e-05
14500;+0.0000000000000000e+00;+5.4673529346226896e-05;+0.0000000000000000e+00;+6.1287110840623546e-06;+5.4673529346226896e-05;+1.4351128247457649e-13;+5.5159940057668608e-05
14550;+0.0000000000000000e+00;+5.4965552862379859e-05;+0.0000000000000000e+00;+6.1632833006475718e-06;+5.4965552862379859e-05;+1.4400671261112064e-13;+5.5424352432316407e-05
14600;+0.0000000000000000e+00;+5.5199247407814638e-05;+0.0000000000000000e+00;+6.1855398818410983e-06;+5.5199247407814638e-05;+1.4476809832129878e-13;+5.5612950269555111e-05
14650;+0.0000000000000000e+00;+5.5501565127122672e-05;+0.0000000000000000e+00;+6.2085697399179946e-06;+5.5501565127122672e-05;+1.4532707019608107e-13;+5.5746987305269357e-05
14700;+0.0000000000000000e+00;+5.5823382560543578e-05;+0.0000000000000000e+00;+6.2288971609563947e-06;+5.5823382560543578e-05;+1.4629572987229326e-13;+5.5931129772934596e-05
14750;+0.0000000000000000e+00;+5.6067127750160098e-05;+0.0000000000000000e+00;+6.2402874646835874e-06;+5.6067127750160098e-05;+1.4668786440103074e-13;+5.6134344435933579e-05
14800;+0.0000000000000000e+00;+5.6332716336917486e-05;+0.0000000000000000e+00;+6.2596092908656446e-06;+5.6332716336917486e-05;+1.4713863337500837e-13;+5.6516316068801251e-05
14850;+0.0000000000000000e+00;+5.6602503901044776e-05;+0.0000000000000000e+00;+6.2871867714928733e-06;+5.6602503901044776e-05;+1.4753617132580683e-13;+5.6877337521051165e-05
14900;+0.0000000000000000e+00;+5.6985528838007542e-05;+0.0000000000000000e+00;+6.3151671828212737e-06;+5.6985528838007542e-05;+1.4811699707627142e-13;+5.7188910091433884e-05
14950;+0.0000000000000000e+00;+5.7179621302578324e-05;+0.0000000000000000e+00;+6.3463156227183193e-06;+5.7179621302578324e-05;+1.4907562568486324e-13;+5.7459522859873819e-05
15000;+0.0000000000000000e+00;+5.7420408593040643e-05;+0.0000000000000000e+00;+6.3716449423822997e-06;+5.7420408593040643e-05;+1.4966697582384736e-13;+5.7847311494530050e-05
15050;+0.0000000000000000e+00;+5.7707046131566532e-05;+0.0000000000000000e+00;+6.3885486569856671e-06;+5.7707046131566532e-05;+1.5006095881216967e-13;+5.8196950630051169e-05
15100;+0.0000000000000000e+00;+5.8021363315504220e-05;+0.0000000000000000e+00;+6.4136018007946631e-06;+5.8021363315504220e-05;+1.5085620265820018e-13;+5.8510776646158443e-05
15150;+0.0000000000000000e+00;+5.8148855583282708e-05;+0.0000000000000000e+00;+6.4293743831839541e-06;+5.8148855583282708e-05;+1.5129041104675048e-13;+5.8809034106163463e-05
15200;+0.0000000000000000e+00;+5.8382208054142814e-05;+0.0000000000000000e+00;+6.4465287029043798e-06;+5.8382208054142814e-05;+1.5195098143070017e-13;+5.9207091325221349e-05
15250;+0.0000000000000000e+00;+5.8668415452842845e-05;+0.0000000000000000e+00;+6.4544890711770702e-06;+5.8668415452842845e-05;+1.5253263472293675e-13;+5.9469195064949100e-05
15300;+0.0000000000000000e+00;+5.8920126834320585e-05;+0.0000000000000000e+00;+6.4700724387365132e-06;+5.8920126834320585e-05;+1.5327395541866985e-13;+5.9658828569318019e-05
15350;+0.0000000000000000e+00;+5.9215680346623759e-05;+0.0000000000000000e+00;+6.4920803888253782e-06;+5.9215680346623759e-05;+1.5394416153832974e-13;+5.9835544549332647e-05
15400;+0.0000000000000000e+00;+5.9570503648163452e-05;+0.0000000000000000e+00;+6.5204179555699442e-06;+5.9570503648163452e-05;+1.5457858506739447e-13;+6.0199529956207388e-05
15450;+0.0000000000000000e+00;+5.9881379659251220e-05;+0.0000000000000000e+00;+6.5314759095178995e-06;+5.9881379659251220e-05;+1.5534095783411433e-13;+6.0422225854463738e-05
15500;+0.0000000000000000e+00;+6.0180030839096593e-05;+0.0000000000000000e+00;+6.5550349789989580e-06;+6.0180030839096593e-05;+1.5622621995739099e-13;+6.0622729201414065e-05
15550;+0.0000000000000000e+00;+6.0460006025006375e-05;+0.0000000000000000e+00;+6.5865712850286023e-06;+6.0460006025006375e-05;+1.5688333114869260e-13;+6.0843203253948394e-05
15600;+0.0000000000000000e+00;+6.0942349463333719e-05;+0.0000000000000000e+00;+6.6156186598024289e-06;+6.0942349463333719e-05;+1.5772770588785238e-13;+6.1185699312836782e-05
15650;+0.0000000000000000e+00;+6.1309044890239291e-05;+0.0000000000000000e+00;+6.6547874447266357e-06;+6.1309044890239291e-05;+1.5887220181249991e-13;+6.1406976560338496e-05
15700;+0.0000000000000000e+00;+6.1498422010411601e-05;+0.0000000000000000e+00;+6.6787827611741025e-06;+6.1498422010411601e-05;+1.5985426316760039e-13;+6.1639831051963869e-05
15750;+0.0000000000000000e+00;+6.1878893836863635e-05;+0.0000000000000000e+00;+6.7162692748081555e-06;+6.1878893836863635e-05;+1.6051070241000663e-13;+6.1998986009503495e-05
15800;+0.0000000000000000e+00;+6.2467137469994803e-05;+0.0000000000000000e+00;+6.7422331184823434e-06;+6.2467137469994803e-05;+1.6184808503324835e-13;+6.2424238933124436e-05
15850;+0.0000000000000000e+00;+6.2885674297678503e-05;+0.0000000000000000e+00;+6.7728234154683403e-06;+6.2885674297678503e-05;+1.6274997612961759e-13;+6.2731672485869704e-05
15900;+0.0000000000000000e+00;+6.3313982388918228e-05;+0.0000000000000000e+00;+6.7997456404480439e-06;+6.3313982388918228e-05;+1.6404001465527912e-13;+6.3073699588226472e-05
15950;+0.0000000000000000e+00;+6.3641949026026123e-05;+0.0000000000000000e+00;+6.8150273429326598e-06;+6.3641949026026123e-05;+1.6493411871755872e-13;+6.3324802003629244e-05
16000;+0.0000000000000000e+00;+6.4033101652470907e-05;+0.0000000000000000e+00;+6.8351153545944736e-06;+6.4033101652470907e-05;+1.6569900862028935e-13;+6.3585777638714051e-05
16050;+0.0000000000000000e+00;+6.4488296408250778e-05;+0.0000000000000000e+00;+6.8538718697488373e-06;+6.4488296408250778e-05;+1.6658614006508389e-13;+6.4068392951473359e-05
16100;+0.0000000000000000e+00;+6.4898844750939990e-05;+0.0000000000000000e+00;+6.8805776642292123e-06;+6.4898844750939990e-05;+1.6768505735999918e-13;+6.4486739258504325e-05
16150;+0.0000000000000000e+00;+6.5233407153000812e-05;+0.0000000000000000e+00;+6.9010636196507569e-06;+6.5233407153000812e-05;+1.6857379657489775e-13;+6.4825339721104319e-05
16200;+0.0000000000000000e+00;+6.5539550338415787e-05;+0.0000000000000000e+00;+6.9146850852073004e-06;+6.5539550338415787e-05;+1.6916891596687084e-13;+6.5149058770103309e-05
16250;+0.0000000000000000e+00;+6.5917624406887942e-05;+0.0000000000000000e+00;+6.9340447595969739e-06;+6.5917624406887942e-05;+1.6978588925898279e-13;+6.5423702604279499e-05
16300;+0.0000000000000000e+00;+6.6166659008024816e-05;+0.0000000000000000e+00;+6.9562050551366643e-06;+6.6166659008024816e-05;+1.7016118877104806e-13;+6.5786312717946776e-05
16350;+0.0000000000000000e+00;+6.6621747983718825e-05;+0.0000000000000000e+00;+6.9818114509475508e-06;+6.6621747983718825e-05;+1.7079653857966620e-13;+6.6064818888416708e-05
16400;+0.0000000000000000e+00;+6.6860853326720937e-05;+0.0000000000000000e+00;+6.9898954274941008e-06;+6.6860853326720937e-05;+1.7128863427277154e-13;+6.6399159543408974e-05
16450;+0.0000000000000000e+00;+6.7010341966583113e-05;+0.0000000000000000e+00;+6.9997764309836921e-06;+6.7010341966583113e-05;+1.7206026522352443e-13;+6.6774773323674365e-05
16500;+0.0000000000000000e+00;+6.7343324788011924e-05;+0.0000000000000000e+00;+7.0190636869110746e-06;+6.7343324788011924e-05;+1.7264552586446396e-13;+6.6932510396093054e-05
16550;+0.0000000000000000e+00;+6.7869204261028132e-05;+0.0000000000000000e+00;+7.0444771297645502e-06;+6.7869204261028132e-05;+1.7324543097768901e-13;+6.7179630659426918e-05
16600;+0.0000000000000000e+00;+6.8206903172104898e-05;+0.0000000000000000e+00;+7.0826762945784707e-06;+6.8206903172104898e-05;+1.7409954977140654e-13;+6.7491654958765955e-05
16650;+0.0000000000000000e+00;+6.8500896559032918e-05;+0.0000000000000000e+00;+7.1078296451798639e-06;+6.8500896559032918e-05;+1.7471937489202277e-13;+6.7731820777801579e-05
16700;+0.0000000000000000e+00;+6.8887278670045745e-05;+0.0000000000000000e+00;+7.1277297030680390e-06;+6.8887278670045745e-05;+1.7549350991943128e-13;+6.8049671964060809e-05
16750;+0.0000000000000000e+00;+6.9239103800044602e-05;+0.0000000000000000e+00;+7.1396165219668520e-06;+6.9239103800044602e-05;+1.7615756327930444e-13;+6.8243370768880892e-05
16800;+0.0000000000000000e+00;+6.9636934874294456e-05;+0.0000000000000000e+00;+7.1553678880265898e-06;+6.9636934874294456e-05;+1.7687058293287996e-13;+6.8743484232768699e-05
16850;+0.0000000000000000e+00;+6.9979835716051539e-05;+0.0000000000000000e+00;+7.1815505785764051e-06;+6.9979835716051539e-05;+1.7796329131655663e-13;+6.9026136561939843e-05
16900;+0.0000000000000000e+00;+7.0274820436433511e-05;+0.0000000000000000e+00;+7.2056803495401369e-06;+7.0274820436433511e-05;+1.7898277246144616e-13;+6.9207131985860626e-05
16950;+0.0000000000000000e+00;+7.0561046529354037e-05;+0.0000000000000000e+00;+7.2174441903719103e-06;+7.0561046529354037e-05;+1.7970371349071860e-13;+6.9511661538304204e-05
17000;+0.0000000000000000e+00;+7.0818791970566356e-05;+0.0000000000000000e+00;+7.2388768193402346e-06;+7.0818791970566356e-05;+1.8053736076103252e-13;+6.9828433846157848e-05
17050;+0.0000000000000000e+00;+7.1082160381844220e-05;+0.0000000000000000e+00;+7.2613783123214487e-06;+7.1082160381844220e-05;+1.8141166549260906e-13;+7.0144824261032080e-05
17100;+0.0000000000000000e+00;+7.1396426233816178e-05;+0.0000000000000000e+00;+7.2884081402958320e-06;+7.1396426233816178e-05;+1.8227920519785688e-13;+7.0569842391363989e-05
17150;+0.0000000000000000e+00;+7.1605137136627415e-05;+0.0000000000000000e+00;+7.3117722931066332e-06;+7.1605137136627415e-05;+1.8320546472958816e-13;+7.0951154263210474e-05
17200;+0.0000000000000000e+00;+7.1745125655527431e-05;+0.0000000000000000e+00;+7.3305412079335426e-06;+7.1745125655527431e-05;+1.8445915613909564e-13;+7.1277294145883515e-05
17250;+0.0000000000000000e+00;+7.2064283196880395e-05;+0.0000000000000000e+00;+7.3469072795349688e-06;+7.2064283196880395e-05;+1.8537133543008383e-13;+7.1546376055183788e-05
17300;+0.0000000000000000e+00;+7.2352401742703504e-05;+0.0000000000000000e+00;+7.3708732240737108e-06;+7.2352401742703504e-05;+1.8636845412157647e-13;+7.1931715807997565e-05
17350;+0.0000000000000000e+00;+7.2684544116809752e-05;+0.0000000000000000e+00;+7.3912680551564518e-06;+7.2684544116809752e-05;+1.8746439549445482e-13;+7.2249966775840134e-05
17400;+0.0000000000000000e+00;+7.3005855761453260e-05;+0.0000000000000000e+00;+7.4178547252221519e-06;+7.3005855761453260e-05;+1.8864485662027484e-13;+7.2574174779781834e-05
17450;+0.0000000000000000e+00;+7.3263553020265195e-05;+0.0000000000000000e+00;+7.4433936241137552e-06;+7.3263553020265195e-05;+1.8958066552205382e-13;+7.3018184657292276e-05
17500;+0.0000000000000000e+00;+7.3629749514729221e-05;+0.0000000000000000e+00;+7.4673538920270558e-06;+7.3629749514729221e-05;+1.9062593732075108e-13;+7.3429141851758195e-05
17550;+0.0000000000000000e+00;+7.3914649220649324e-05;+0.0000000000000000e+00;+7.4936893842761458e-06;+7.3914649220649324e-05;+1.9157229567725242e-13;+7.3714956969123227e-05
17600;+0.0000000000000000e+00;+7.4156136487694654e-05;+0.0000000000000000e+00;+7.5422672395656563e-06;+7.4156136487694654e-05;+1.9239014978916402e-13;+7.4096030377151251e-05
17650;+0.0000000000000000e+00;+7.4536966346011192e-05;+0.0000000000000000e+00;+7.5736404990236630e-06;+7.4536966346011192e-05;+1.9330678651466507e-13;+7.4344505855486492e-05
17700;+0.0000000000000000e+00;+7.4889458829519010e-05;+0.0000000000000000e+00;+7.5933138076223528e-06;+7.4889458829519010e-05;+1.9386394616215689e-13;+7.4578094687164661e-05
17750;+0.0000000000000000e+00;+7.5050122326271530e-05;+0.0000000000000000e+00;+7.6206161042058293e-06;+7.5050122326271530e-05;+1.9478019888734736e-13;+7.4841431038697787e-05
17800;+0.0000000000000000e+00;+7.5431229693560020e-05;+0.0000000000000000e+00;+7.6537966281751329e-06;+7.5431229693560020e-05;+1.9562040081013999e-13;+7.5255982289526829e-05
17850;+0.0000000000000000e+00;+7.5827445418795493e-05;+0.0000000000000000e+00;+7.6817424751659843e-06;+7.5827445418795493e-05;+1.9643705016916705e-13;+7.5588518055545574e-05
17900;+0.0000000000000000e+00;+7.6198113485783221e-05;+0.0000000000000000e+00;+7.7042567530346752e-06;+7.6198113485783221e-05;+1.9738187782616213e-13;+7.5822191549358196e-05
17950;+0.0000000000000000e+00;+7.6578157815930623e-05;+0.0000000000000000e+00;+7.7294416915174996e-06;+7.6578157815930623e-05;+1.9850430875251350e-13;+7.5994122432316948e-05
18000;+0.0000000000000000e+00;+7.6813905985146426e-05;+0.0000000000000000e+00;+7.7514630400783946e-06;+7.6813905985146426e-05;+1.9980500615704276e-13;+7.6415820264460175e-05
18050;+0.0000000000000000e+00;+7.7075588023518498e-05;+0.0000000000000000e+00;+7.7724832375952446e-06;+7.7075588023518498e-05;+2.0059745092208077e-13;+7.6679750125725074e-05
18100;+0.0000000000000000e+00;+7.7452296281167680e-05;+0.0000000000000000e+00;+7.7923304236172861e-06;+7.7452296281167680e-05;+2.0155471425961976e-13;+7.7178800834054384e-05
18150;+0.0000000000000000e+00;+7.7661327566965198e-05;+0.0000000000000000e+00;+7.8121741057323412e-06;+7.7661327566965198e-05;+2.0215318948290720e-13;+7.7533580881598184e-05
18200;+0.0000000000000000e+00;+7.7977434712770815e-05;+0.0000000000000000e+00;+7.8261768095764362e-06;+7.7977434712770815e-05;+2.0284830676161244e-13;+7.7836559288312282e-05
18250;+0.0000000000000000e+00;+7.8144914145373103e-05;+0.0000000000000000e+00;+7.8485487494061345e-06;+7.8144914145373103e-05;+2.0354381405645418e-13;+7.8315513082085416e-05
18300;+0.0000000000000000e+00;+7.8392390000820217e-05;+0.0000000000000000e+00;+7.8611882308885969e-06;+7.8392390000820217e-05;+2.0413568505821197e-13;+7.8483466397956498e-05
18350;+0.0000000000000000e+00;+7.8672823837861423e-05;+0.0000000000000000e+00;+7.8719612501605085e-06;+7.8672823837861423e-05;+2.0488977018381128e-13;+7.8712887840397719e-05
18400;+0.0000000000000000e+00;+7.8936357711481358e-05;+0.0000000000000000e+00;+7.8981524342458929e-06;+7.8936357711481358e-05;+2.0535854067197043e-13;+7.9094018935042985e-05
18450;+0.0000000000000000e+00;+7.9264789948372508e-05;+0.0000000000000000e+00;+7.9116341629310381e-06;+7.9264789948372508e-05;+2.0573571575893847e-13;+7.9398652003502283e-05
18500;+0.0000000000000000e+00;+7.9585432479431097e-05;+0.0000000000000000e+00;+7.9400302424167898e-06;+7.9585432479431097e-05;+2.0638820830959066e-13;+7.9736686379199554e-05
18550;+0.0000000000000000e+00;+7.9831889839712645e-05;+0.0000000000000000e+00;+7.9754445730609624e-06;+7.9831889839712645e-05;+2.0719841124971328e-13;+8.0039512628938427e-05
18600;+0.0000000000000000e+00;+8.0197029041147286e-05;+0.0000000000000000e+00;+7.9976869677172340e-06;+8.0197029041147286e-05;+2.0809291180414740e-13;+8.0349283712350690e-05
18650;+0.0000000000000000e+00;+8.0606142392064008e-05;+0.0000000000000000e+00;+8.0178537107615461e-06;+8.0606142392064008e-05;+2.0896155381780162e-13;+8.0696609570637674e-05
18700;+0.0000000000000000e+00;+8.0915861501998151e-05;+0.0000000000000000e+00;+8.0649348261007329e-06;+8.0915861501998151e-05;+2.0987190875417198e-13;+8.0960519574376183e-05
18750;+0.0000000000000000e+00;+8.1240945683262806e-05;+0.0000000000000000e+00;+8.1173646650200506e-06;+8.1240945683262806e-05;+2.1069117319626849e-13;+8.1220174104691654e-05
18800;+0.0000000000000000e+00;+8.1492228631446225e-05;+0.0000000000000000e+00;+8.1604485965271564e-06;+8.1492228631446225e-05;+2.1151378805687003e-13;+8.1548845153531238e-05
18850;+0.0000000000000000e+00;+8.1809618839803934e-05;+0.0000000000000000e+00;+8.1731686222878191e-06;+8.1809618839803934e-05;+2.1278896149839689e-13;+8.1893562139480347e-05
18900;+0.0000000000000000e+00;+8.2245999227632409e-05;+0.0000000000000000e+00;+8.1911395173170956e-06;+8.2245999227632409e-05;+2.1475794889330834e-13;+8.2255426238766265e-05
18950;+0.0000000000000000e+00;+8.2495163487188646e-05;+0.0000000000000000e+00;+8.2093887947415548e-06;+8.2495163487188646e-05;+2.1584448916422283e-13;+8.2465829021127656e-05
19000;+0.0000000000000000e+00;+8.2836685304908393e-05;+0.0000000000000000e+00;+8.2426632623312727e-06;+8.2836685304908393e-05;+2.1684676235794501e-13;+8.2898040045316487e-05
19050;+0.0000000000000000e+00;+8.3148096787015899e-05;+0.0000000000000000e+00;+8.2735726386305787e-06;+8.3148096787015899e-05;+2.1791142188118746e-13;+8.3244380934058783e-05
19100;+0.0000000000000000e+00;+8.3598792449007464e-05;+0.0000000000000000e+00;+8.2947614802731061e-06;+8.3598792449007464e-05;+2.1902424233837002e-13;+8.3886192042171692e-05
19150;+0.0000000000000000e+00;+8.4071423132713846e-05;+0.0000000000000000e+00;+8.3200636724409295e-06;+8.4071423132713846e-05;+2.2023409635053268e-13;+8.4180398926306848e-05
19200;+0.0000000000000000e+00;+8.4455311203095944e-05;+0.0000000000000000e+00;+8.3400437252655566e-06;+8.4455311203095944e-05;+2.2144843497795838e-13;+8.4504530135943380e-05
19250;+0.0000000000000000e+00;+8.4718375091732533e-05;+0.0000000000000000e+00;+8.3593155605199015e-06;+8.4718375091732533e-05;+2.2234603586530738e-13;+8.4803500752726388e-05
19300;+0.0000000000000000e+00;+8.5115395620968427e-05;+0.0000000000000000e+00;+8.3716097270964896e-06;+8.5115395620968427e-05;+2.2342376308760598e-13;+8.5052133622526846e-05
19350;+0.0000000000000000e+00;+8.5438279108858520e-05;+0.0000000000000000e+00;+8.3849610728188111e-06;+8.5438279108858520e-05;+2.2432768802031747e-13;+8.5243075930273811e-05
19400;+0.0000000000000000e+00;+8.5723108522872281e-05;+0.0000000000000000e+00;+8.4037907911370381e-06;+8.5723108522872281e-05;+2.2576574589815306e-13;+8.5463887784524882e-05
19450;+0.0000000000000000e+00;+8.5988466600663303e-05;+0.0000000000000000e+00;+8.4254436621055480e-06;+8.5988466600663303e-05;+2.2653796439840376e-13;+8.5854640077731264e-05
19500;+0.0000000000000000e+00;+8.6278005812216447e-05;+0.0000000000000000e+00;+8.4418397645256509e-06;+8.6278005812216447e-05;+2.2735132949442635e-13;+8.6047098237875528e-05
19550;+0.0000000000000000e+00;+8.6786921996069843e-05;+0.0000000000000000e+00;+8.4657662654992974e-06;+8.6786921996069843e-05;+2.2809243365286929e-13;+8.6325772313003288e-05
19600;+0.0000000000000000e+00;+8.7370332562194619e-05;+0.0000000000000000e+00;+8.4831697610908556e-06;+8.7370332562194619e-05;+2.2858761030576522e-13;+8.6650539204668659e-05
19650;+0.0000000000000000e+00;+8.7552483649867800e-05;+0.0000000000000000e+00;+8.5072675918588462e-06;+8.7552483649867800e-05;+2.2911799433167972e-13;+8.6843220375520467e-05
19700;+0.0000000000000000e+00;+8.7876526846862506e-05;+0.0000000000000000e+00;+8.5468652124502123e-06;+8.7876526846862506e-05;+2.2984159289854879e-13;+8.7224543017000523e-05
19750;+0.0000000000000000e+00;+8.8369707818984950e-05;+0.0000000000000000e+00;+8.5775354106708780e-06;+8.8369707818984950e-05;+2.3057561447916023e-13;+8.7551671140921052e-05
19800;+0.0000000000000000e+00;+8.8667743701345566e-05;+0.0000000000000000e+00;+8.6037609683163384e-06;+8.8667743701345566e-05;+2.3175934075374981e-13;+8.7910762011410342e-05
19850;+0.0000000000000000e+00;+8.8968526515893594e-05;+0.0000000000000000e+00;+8.6396990800047371e-06;+8.8968526515893594e-05;+2.3255156692634837e-13;+8.8317198443485265e-05
19900;+0.0000000000000000e+00;+8.9353516958059757e-05;+0.0000000000000000e+00;+8.6764899089150794e-06;+8.9353516958059757e-05;+2.3377593482302994e-13;+8.8733457820661080e-05
19950;+0.0000000000000000e+00;+8.9720092513879968e-05;+0.0000000000000000e+00;+8.7156814610275648e-06;+8.9720092513879968e-05;+2.3514956575549316e-13;+8.9145275499173416e-05
20000;+0.0000000000000000e+00;+8.9969214898793590e-05;+0.0000000000000000e+00;+8.7425926063427295e-06;+8.9969214898793590e-05;+2.3682748147445016e-13;+8.9516948705021919e-05
20050;+0.0000000000000000e+00;+9.0322136233188095e-05;+0.0000000000000000e+00;+8.7611870844036834e-06;+9.0322136233188095e-05;+2.3784409267810622e-13;+8.9807350977765788e-05
20100;+0.0000000000000000e+00;+9.0787846761698719e-05;+0.0000000000000000e+00;+8.7906707561761038e-06;+9.0787846761698719e-05;+2.3929385731778020e-13;+9.0239584550656321e-05
20150;+0.0000000000000000e+00;+9.1188890819483427e-05;+0.0000000000000000e+00;+8.8340108630654254e-06;+9.1188890819483427e-05;+2.4007734287468701e-13;+9.0602256734764183e-05
20200;+0.0000000000000000e+00;+9.1472785065399904e-05;+0.0000000000000000e+00;+8.8669075886515527e-06;+9.1472785065399904e-05;+2.4126793420974493e-13;+9.0951459118956317e-05
20250;+0.0000000000000000e+00;+9.1687837128270219e-05;+0.0000000000000000e+00;+8.8843290927162060e-06;+9.1687837128270219e-05;+2.4228249813492156e-13;+9.1311489045862651e-05
20300;+0.0000000000000000e+00;+9.1965190198930151e-05;+0.0000000000000000e+00;+8.9075335624832732e-06;+9.1965190198930151e-05;+2.4352855168869396e-13;+9.1664590857973803e-05
20350;+0.0000000000000000e+00;+9.2201155692509890e-05;+0.0000000000000000e+00;+8.9225368588378572e-06;+9.2201155692509890e-05;+2.4459102921199793e-13;+9.1978669687981088e-05
20400;+0.0000000000000000e+00;+9.2501114710842199e-05;+0.0000000000000000e+00;+8.9462432515679198e-06;+9.2501114710842199e-05;+2.4534945840772673e-13;+9.2307960549977051e-05
20450;+0.0000000000000000e+00;+9.2943634659359959e-05;+0.0000000000000000e+00;+8.9683116974466461e-06;+9.2943634659359959e-05;+2.4632810823712253e-13;+9.2622490457504073e-05
20500;+0.0000000000000000e+00;+9.3189820310590348e-05;+0.0000000000000000e+00;+8.9942075274001469e-06;+9.3189820310590348e-05;+2.4788959483600089e-13;+9.3039541978413254e-05
20550;+0.0000000000000000e+00;+9.3531741681637380e-05;+0.0000000000000000e+00;+9.0162810434806204e-06;+9.3531741681637380e-05;+2.4859533428313994e-13;+9.3276202952370722e-05
20600;+0.0000000000000000e+00;+9.3783607037982902e-05;+0.0000000000000000e+00;+9.0482401972084625e-06;+9.3783607037982902e-05;+2.4959803021973230e-13;+9.3698039869800329e-05
20650;+0.0000000000000000e+00;+9.3956913422608309e-05;+0.0000000000000000e+00;+9.0863061103434948e-06;+9.3956913422608309e-05;+2.5083654263810885e-13;+9.4016401687180902e-05
20700;+0.0000000000000000e+00;+9.4516062582269798e-05;+0.0000000000000000e+00;+9.1002485135147875e-06;+9.4516062582269798e-05;+2.5170450166864610e-13;+9.4284235961812285e-05
20750;+0.0000000000000000e+00;+9.4869916006226710e-05;+0.0000000000000000e+00;+9.1292489741051894e-06;+9.4869916006226710e-05;+2.5291454382306162e-13;+9.4654551567368946e-05
20800;+0.0000000000000000e+00;+9.5065743367994478e-05;+0.0000000000000000e+00;+9.1599047169970737e-06;+9.5065743367994478e-05;+2.5385212697362935e-13;+9.4837164977298465e-05
20850;+0.0000000000000000e+00;+9.5490517311832337e-05;+0.0000000000000000e+00;+9.1982291994736388e-06;+9.5490517311832337e-05;+2.5466235115583051e-13;+9.5047489980004053e-05
20900;+0.0000000000000000e+00;+9.5797967993755171e-05;+0.0000000000000000e+00;+9.2393721876550047e-06;+9.5797967993755171e-05;+2.5566062751370414e-13;+9.5350137051567672e-05
20950;+0.0000000000000000e+00;+9.6424557632136305e-05;+0.0000000000000000e+00;+9.2723950677825436e-06;+9.6424557632136305e-05;+2.5692473815160632e-13;+9.5604819523289523e-05
21000;+0.0000000000000000e+00;+9.6765926115662687e-05;+0.0000000000000000e+00;+9.2953510989089826e-06;+9.6765926115662687e-05;+2.5786084320453715e-13;+9.5864789510414973e-05
21050;+0.0000000000000000e+00;+9.7218364481758024e-05;+0.0000000000000000e+00;+9.3335083957580180e-06;+9.7218364481758024e-05;+2.5895228096365579e-13;+9.6309497158627555e-05
21100;+0.0000000000000000e+00;+9.7801193353354426e-05;+0.0000000000000000e+00;+9.3557686383271345e-06;+9.7801193353354426e-05;+2.5989798258637786e-13;+9.6847983473383504e-05
21150;+0.0000000000000000e+00;+9.8249258461679062e-05;+0.0000000000000000e+00;+9.3749892628313597e-06;+9.8249258461679062e-05;+2.6063923676685570e-13;+9.7371128485396788e-05
21200;+0.0000000000000000e+00;+9.8528225715996433e-05;+0.0000000000000000e+00;+9.3846227002820328e-06;+9.8528225715996433e-05;+2.6147908229949503e-13;+9.8004430912527752e-05
21250;+0.0000000000000000e+00;+9.8885977853487852e-05;+0.0000000000000000e+00;+9.4004387201557309e-06;+9.8885977853487852e-05;+2.6253805322798555e-13;+9.8350171535486721e-05
21300;+0.0000000000000000e+00;+9.9143945985628680e-05;+0.0000000000000000e+00;+9.4334658720390163e-06;+9.9143945985628680e-05;+2.6320583253773322e-13;+9.8664296281388017e-05
21350;+0.0000000000000000e+00;+9.9412761162500816e-05;+0.0000000000000000e+00;+9.4598079848938897e-06;+9.9412761162500816e-05;+2.6367144856856305e-13;+9.8966456234149500e-05
21400;+0.0000000000000000e+00;+9.9830071329660628e-05;+0.0000000000000000e+00;+9.4843024091954610e-06;+9.9830071329660628e-05;+2.6468905426410012e-13;+9.9252015372936096e-05
21450;+0.0000000000000000e+00;+1.0018902223937133e-04;+0.0000000000000000e+00;+9.5090266563560639e-06;+1.0018902223937133e-04;+2.6649399591993536e-13;+9.9598730896250292e-05
21500;+0.0000000000000000e+00;+1.0057437212921660e-04;+0.0000000000000000e+00;+9.5453039998656343e-06;+1.0057437212921660e-04;+2.6703889052008388e-13;+1.0004255605871615e-04
21550;+0.0000000000000000e+00;+1.0099275946816771e-04;+0.0000000000000000e+00;+9.5740365072482981e-06;+1.0099275946816771e-04;+2.6795659983609405e-13;+1.0031482611528796e-04
21600;+0.0000000000000000e+00;+1.0135657530867776e-04;+0.0000000000000000e+00;+9.6193206684660227e-06;+1.0135657530867776e-04;+2.6954654801809542e-13;+1.0049175930814038e-04
21650;+0.0000000000000000e+00;+1.0176510589365902e-04;+0.0000000000000000e+00;+9.6594216252975637e-06;+1.0176510589365902e-04;+2.7052937444497928e-13;+1.0088484245075796e-04
21700;+0.0000000000000000e+00;+1.0214266804618315e-04;+0.0000000000000000e+00;+9.6954112518953814e-06;+1.0214266804618315e-04;+2.7180175640922769e-13;+1.0157422891172946e-04
21750;+0.0000000000000000e+00;+1.0262008978428868e-04;+0.0000000000000000e+00;+9.7255849144447861e-06;+1.0262008978428868e-04;+2.7339701399552495e-13;+1.0207871589551878e-04
21800;+0.0000000000000000e+00;+1.0300795590723635e-04;+0.0000000000000000e+00;+9.7497173533146513e-06;+1.0300795590723635e-04;+2.7460006763763726e-13;+1.0234115410736526e-04
21850;+0.0000000000000000e+00;+1.0337792975715918e-04;+0.0000000000000000e+00;+9.7770310165466882e-06;+1.0337792975715918e-04;+2.7604090547739435e-13;+1.0265566343695479e-04
21900;+0.0000000000000000e+00;+1.0400743604567591e-04;+0.0000000000000000e+00;+9.7976658888062341e-06;+1.0400743604567591e-04;+2.7678645481242820e-13;+1.0305107206609433e-04
21950;+0.0000000000000000e+00;+1.0450838008775554e-04;+0.0000000000000000e+00;+9.8212443078988400e-06;+1.0450838008775554e-04;+2.7760512296795103e-13;+1.0343473570124051e-04
22000;+0.0000000000000000e+00;+1.0499395919959337e-04;+0.0000000000000000e+00;+9.8530737805357754e-06;+1.0499395919959337e-04;+2.7879010951691048e-13;+1.0377628124783516e-04
22050;+0.0000000000000000e+00;+1.0515510186519674e-04;+0.0000000000000000e+00;+9.8748118417200356e-06;+1.0515510186519674e-04;+2.8006742380697858e-13;+1.0396762235266722e-04
22100;+0.0000000000000000e+00;+1.0556230908977002e-04;+0.0000000000000000e+00;+9.8886950945070848e-06;+1.0556230908977002e-04;+2.8100580987788793e-13;+1.0444031917574693e-04
22150;+0.0000000000000000e+00;+1.0590685987351922e-04;+0.0000000000000000e+00;+9.9210038363702037e-06;+1.0590685987351922e-04;+2.8196917616003300e-13;+1.0468279884342100e-04
22200;+0.0000000000000000e+00;+1.0619659620333437e-04;+0.0000000000000000e+00;+9.9596966054568972e-06;+1.0619659620333437e-04;+2.8286452403305667e-13;+1.0509507584477416e-04
22250;+0.0000000000000000e+00;+1.0658844430027034e-04;+0.0000000000000000e+00;+9.9976212501907675e-06;+1.0658844430027034e-04;+2.8428788206247289e-13;+1.0560719896012452e-04
22300;+0.0000000000000000e+00;+1.0702533581057162e-04;+0.0000000000000000e+00;+1.0021303875015507e-05;+1.0702533581057162e-04;+2.8528320785590053e-13;+1.0611298551028626e-04
22350;+0.0000000000000000e+00;+1.0734721303743361e-04;+0.0000000000000000e+00;+1.0042122948167185e-05;+1.0734721303743361e-04;+2.8615575687978246e-13;+1.0652207936735920e-04
22400;+0.0000000000000000e+00;+1.0762533616015492e-04;+0.0000000000000000e+00;+1.0069387011564746e-05;+1.0762533616015492e-04;+2.8662758848933132e-13;+1.0685494052996522e-04
22450;+0.0000000000000000e+00;+1.0806493808353067e-04;+0.0000000000000000e+00;+1.0084283592812137e-05;+1.0806493808353067e-04;+2.8783097521931560e-13;+1.0739245256511940e-04
22500;+0.0000000000000000e+00;+1.0831397607561206e-04;+0.0000000000000000e+00;+1.0110465052207308e-05;+1.0831397607561206e-04;+2.8925117600975966e-13;+1.0770890580785467e-04
22550;+0.0000000000000000e+00;+1.0875411398183441e-04;+0.0000000000000000e+00;+1.0124491645298905e-05;+1.0875411398183441e-04;+2.9034682123520185e-13;+1.0786655237272499e-04
22600;+0.0000000000000000e+00;+1.0902946947347545e-04;+0.0000000000000000e+00;+1.0148866483063361e-05;+1.0902946947347545e-04;+2.9134770631239575e-13;+1.0814592135085276e-04
22650;+0.0000000000000000e+00;+1.0944032560352729e-04;+0.0000000000000000e+00;+1.0156300517573368e-05;+1.0944032560352729e-04;+2.9224860692963908e-13;+1.0841642821723320e-04
22700;+0.0000000000000000e+00;+1.0970394084177286e-04;+0.0000000000000000e+00;+1.0183287339408191e-05;+1.0970394084177286e-04;+2.9411892806959788e-13;+1.0886742759272184e-04
22750;+0.0000000000000000e+00;+1.0998173183406042e-04;+0.0000000000000000e+00;+1.0212099774369856e-05;+1.0998173183406042e-04;+2.9577233624003888e-13;+1.0925801411775920e-04
22800;+0.0000000000000000e+00;+1.1023923076353357e-04;+0.0000000000000000e+00;+1.0221420126523778e-05;+1.1023923076353357e-04;+2.9652095107405245e-13;+1.0949704360872182e-04
22850;+0.0000000000000000e+00;+1.1044233532975204e-04;+0.0000000000000000e+00;+1.0253765204606735e-05;+1.1044233532975204e-04;+2.9788771814186736e-13;+1.0991167005456123e-04
22900;+0.0000000000000000e+00;+1.1071665461039035e-04;+0.0000000000000000e+00;+1.0272980803195692e-05;+1.1071665461039035e-04;+2.9921878869398838e-13;+1.1025504792969294e-04
22950;+0.0000000000000000e+00;+1.1099965662650699e-04;+0.0000000000000000e+00;+1.0294614034479568e-05;+1.1099965662650699e-04;+3.0010056772803388e-13;+1.1041872398983649e-04
23000;+0.0000000000000000e+00;+1.1151462513076034e-04;+0.0000000000000000e+00;+1.0328477950249878e-05;+1.1151462513076034e-04;+3.0126582737953124e-13;+1.1072261098046354e-04
23050;+0.0000000000000000e+00;+1.1194066218896882e-04;+0.0000000000000000e+00;+1.0359667793975987e-05;+1.1194066218896882e-04;+3.0216608831440387e-13;+1.1121234526901559e-04
23100;+0.0000000000000000e+00;+1.1250805331629750e-04;+0.0000000000000000e+00;+1.0395960555666250e-05;+1.1250805331629750e-04;+3.0337330434651280e-13;+1.1167458219234781e-04
23150;+0.0000000000000000e+00;+1.1292418731865231e-04;+0.0000000000000000e+00;+1.0429409686892151e-05;+1.1292418731865231e-04;+3.0497317886120865e-13;+1.1219186063098065e-04
23200;+0.0000000000000000e+00;+1.1347452150849163e-04;+0.0000000000000000e+00;+1.0453006696755561e-05;+1.1347452150849163e-04;+3.0657010319514539e-13;+1.1266591400009319e-04
23250;+0.0000000000000000e+00;+1.1393964734441755e-04;+0.0000000000000000e+00;+1.0485885690108494e-05;+1.1393964734441755e-04;+3.0823453900853120e-13;+1.1308634015137809e-04
23300;+0.0000000000000000e+00;+1.1433958704054728e-04;+0.0000000000000000e+00;+1.0504855373292158e-05;+1.1433958704054728e-04;+3.0962013129169126e-13;+1.1335424162792141e-04
23350;+0.0000000000000000e+00;+1.1489253501741292e-04;+0.0000000000000000e+00;+1.0532746910155886e-05;+1.1489253501741292e-04;+3.1073848076631909e-13;+1.1377008330687948e-04
23400;+0.0000000000000000e+00;+1.1542996780118004e-04;+0.0000000000000000e+00;+1.0554952800362435e-05;+1.1542996780118004e-04;+3.1186880136991694e-13;+1.1422347649702801e-04
23450;+0.0000000000000000e+00;+1.1597175196374600e-04;+0.0000000000000000e+00;+1.0582214972837210e-05;+1.1597175196374600e-04;+3.1313240332036263e-13;+1.1449115623029743e-04
23500;+0.0000000000000000e+00;+1.1661633174722604e-04;+0.0000000000000000e+00;+1.0632578214773168e-05;+1.1661633174722604e-04;+3.1452797235088605e-13;+1.1501042039704714e-04
23550;+0.0000000000000000e+00;+1.1739153373504804e-04;+0.0000000000000000e+00;+1.0667186602889627e-05;+1.1739153373504804e-04;+3.1637360329820922e-13;+1.1542289345956263e-04
23600;+0.0000000000000000e+00;+1.1812921849760504e-04;+0.0000000000000000e+00;+1.0717786778822966e-05;+1.1812921849760504e-04;+3.1805629525694969e-13;+1.1590086060122472e-04
23650;+0.0000000000000000e+00;+1.1863818092309520e-04;+0.0000000000000000e+00;+1.0766426933766682e-05;+1.1863818092309520e-04;+3.1995441027894759e-13;+1.1655535554888758e-04
23700;+0.0000000000000000e+00;+1.1903995821350768e-04;+0.0000000000000000e+00;+1.0816681692820649e-05;+1.1903995821350768e-04;+3.2139209835797288e-13;+1.1693371437412289e-04
23750;+0.0000000000000000e+00;+1.1933610882343819e-04;+0.0000000000000000e+00;+1.0827471723338720e-05;+1.1933610882343819e-04;+3.2273416616243108e-13;+1.1738675904705297e-04
23800;+0.0000000000000000e+00;+1.1969030738104598e-04;+0.0000000000000000e+00;+1.0875289743163679e-05;+1.1969030738104598e-04;+3.2395487603887865e-13;+1.1792636987187951e-04
23850;+0.0000000000000000e+00;+1.2037425743089334e-04;+0.0000000000000000e+00;+1.0932232828062915e-05;+1.2037425743089334e-04;+3.2528126127370684e-13;+1.1868300355198502e-04
23900;+0.0000000000000000e+00;+1.2076835121684377e-04;+0.0000000000000000e+00;+1.0957180162735498e-05;+1.2076835121684377e-04;+3.2610327427949839e-13;+1.1945540611181787e-04
23950;+0.0000000000000000e+00;+1.2133794112207930e-04;+0.0000000000000000e+00;+1.1007994023379965e-05;+1.2133794112207930e-04;+3.2822200028434902e-13;+1.2022259206522947e-04
24000;+0.0000000000000000e+00;+1.2239841167734642e-04;+0.0000000000000000e+00;+1.1176795446169917e-05;+1.2239841167734642e-04;+3.3222417460861751e-13;+1.2146489306733466e-04
