Num rows;TRSV fp64;TRSV fp32;TRSV Acc<fp64, fp64>;TRSV Acc<fp64, fp32>;TRSV Acc<fp32, fp32>;CUBLAS TRSV fp64;CUBLAS TRSV fp32
50;+6.7840002477169037e-02;+6.4127996563911438e-02;+6.6495999693870544e-02;+6.7103996872901917e-02;+6.4608000218868256e-02;+2.8704000636935234e-02;+2.7936000376939774e-02
100;+7.2896003723144531e-02;+7.0592001080513000e-02;+7.1904003620147705e-02;+7.2255998849868774e-02;+7.0143997669219971e-02;+3.4784000366926193e-02;+3.4336000680923462e-02
150;+7.7247999608516693e-02;+7.1295998990535736e-02;+7.5712002813816071e-02;+7.6095998287200928e-02;+7.1488000452518463e-02;+3.7344001233577728e-02;+3.5039998590946198e-02
200;+8.1887997686862946e-02;+7.6736003160476685e-02;+8.1183999776840210e-02;+8.2368001341819763e-02;+7.7408000826835632e-02;+4.2112000286579132e-02;+3.9487998932600021e-02
250;+8.4031999111175537e-02;+7.9328000545501709e-02;+8.5568003356456757e-02;+8.6112000048160553e-02;+8.0288000404834747e-02;+4.5855998992919922e-02;+4.2720001190900803e-02
300;+8.9472003281116486e-02;+8.3456002175807953e-02;+9.1551996767520905e-02;+9.1775998473167419e-02;+8.3871997892856598e-02;+5.0783999264240265e-02;+4.7423999756574631e-02
350;+9.5871999859809875e-02;+8.6847998201847076e-02;+9.5455996692180634e-02;+9.6575997769832611e-02;+8.6592003703117371e-02;+5.3695999085903168e-02;+5.0335999578237534e-02
400;+9.8463997244834900e-02;+9.1935999691486359e-02;+1.0086400061845779e-01;+1.0211200267076492e-01;+9.1647997498512268e-02;+6.0192000120878220e-02;+5.5392000824213028e-02
450;+1.0470400005578995e-01;+9.5392003655433655e-02;+1.0684800148010254e-01;+1.0745599865913391e-01;+9.7120001912117004e-02;+6.6335998475551605e-02;+6.0832001268863678e-02
500;+1.0809600353240967e-01;+9.8783999681472778e-02;+1.0998400300741196e-01;+1.1078400164842606e-01;+9.9040001630783081e-02;+6.9183997809886932e-02;+6.3936002552509308e-02
550;+1.1296000331640244e-01;+1.0403200238943100e-01;+1.1561600118875504e-01;+1.1715199798345566e-01;+1.0335999727249146e-01;+7.7055998146533966e-02;+6.9568000733852386e-02
600;+1.1612799763679504e-01;+1.0630399733781815e-01;+1.1964800208806992e-01;+1.2220799922943115e-01;+1.0745599865913391e-01;+7.8336000442504883e-02;+7.2255998849868774e-02
650;+1.2233600020408630e-01;+1.1123199760913849e-01;+1.2588800489902496e-01;+1.2751999497413635e-01;+1.1168000102043152e-01;+8.4384001791477203e-02;+7.7087998390197754e-02
700;+1.2559999525547028e-01;+1.1452800035476685e-01;+1.2966400384902954e-01;+1.3177600502967834e-01;+1.1494400352239609e-01;+8.6112000048160553e-02;+7.9520002007484436e-02
750;+1.3097600638866425e-01;+1.1875200271606445e-01;+1.3536000251770020e-01;+1.3721600174903870e-01;+1.1945600062608719e-01;+9.2416003346443176e-02;+8.4767997264862061e-02
800;+1.3427199423313141e-01;+1.2188799679279327e-01;+1.3948799669742584e-01;+1.4076800644397736e-01;+1.2243200093507767e-01;+9.4208002090454102e-02;+8.7232001125812531e-02
850;+1.3990400731563568e-01;+1.2630400061607361e-01;+1.4505599439144135e-01;+1.4700800180435181e-01;+1.2694400548934937e-01;+1.0115200281143188e-01;+9.2767998576164246e-02
900;+1.4515200257301331e-01;+1.3068799674510956e-01;+1.5052799880504608e-01;+1.5225599706172943e-01;+1.3094399869441986e-01;+1.0726399719715118e-01;+9.7439996898174286e-02
950;+1.4912000298500061e-01;+1.3347199559211731e-01;+1.5558399260044098e-01;+1.5628799796104431e-01;+1.3417600095272064e-01;+1.0985600203275681e-01;+1.0019200295209885e-01
1000;+1.5657599270343781e-01;+1.3756799697875977e-01;+1.6380800306797028e-01;+1.6188800334930420e-01;+1.3798399269580841e-01;+1.1631999909877777e-01;+1.0563199967145920e-01
1050;+1.6412800550460815e-01;+1.4086399972438812e-01;+1.7190399765968323e-01;+1.6611200571060181e-01;+1.4140799641609192e-01;+1.2092799693346024e-01;+1.0745599865913391e-01
1100;+1.7763200402259827e-01;+1.4499199390411377e-01;+1.8489600718021393e-01;+1.7158399522304535e-01;+1.4575999975204468e-01;+1.3040000200271606e-01;+1.1315199732780457e-01
1150;+1.8825599551200867e-01;+1.4806400239467621e-01;+1.9622400403022766e-01;+1.7520000040531158e-01;+1.4860799908638000e-01;+1.3321599364280701e-01;+1.1513599753379822e-01
1200;+2.0326399803161621e-01;+1.5267199277877808e-01;+2.1129600703716278e-01;+1.8086400628089905e-01;+1.5321600437164307e-01;+1.4044800400733948e-01;+1.2131199985742569e-01
1250;+2.1574400365352631e-01;+1.5721599757671356e-01;+2.2451199591159821e-01;+1.8671999871730804e-01;+1.5756799280643463e-01;+1.4854399859905243e-01;+1.2547199428081512e-01
1300;+2.2892799973487854e-01;+1.6217599809169769e-01;+2.3878400027751923e-01;+1.9260799884796143e-01;+1.6335999965667725e-01;+1.5263999998569489e-01;+1.2943999469280243e-01
1350;+2.4419200420379639e-01;+1.6915200650691986e-01;+2.5305598974227905e-01;+2.0105600357055664e-01;+1.6998399794101715e-01;+1.5945599973201752e-01;+1.3648000359535217e-01
1400;+2.5200000405311584e-01;+1.7628799378871918e-01;+2.6121601462364197e-01;+2.0899200439453125e-01;+1.7702400684356689e-01;+1.6294400393962860e-01;+1.4166399836540222e-01
1450;+2.6121601462364197e-01;+1.8579199910163879e-01;+2.7004799246788025e-01;+2.1910400688648224e-01;+1.8627199530601501e-01;+1.7043200135231018e-01;+1.4940799772739410e-01
1500;+2.6806399226188660e-01;+1.9363200664520264e-01;+2.7807998657226562e-01;+2.2774399816989899e-01;+1.9353599846363068e-01;+1.7360000312328339e-01;+1.5459200739860535e-01
1550;+2.7593600749969482e-01;+2.0496000349521637e-01;+2.8505599498748779e-01;+2.4048000574111938e-01;+2.0611199736595154e-01;+1.8150399625301361e-01;+1.6342400014400482e-01
1600;+2.8166401386260986e-01;+2.1593600511550903e-01;+2.9302400350570679e-01;+2.5216001272201538e-01;+2.1689599752426147e-01;+1.8422399461269379e-01;+1.6911999881267548e-01
1650;+2.9017600417137146e-01;+2.2969600558280945e-01;+3.0127999186515808e-01;+2.6774400472640991e-01;+2.3033599555492401e-01;+1.9084799289703369e-01;+1.7884799838066101e-01
1700;+2.9875200986862183e-01;+2.4288000166416168e-01;+3.0911999940872192e-01;+2.8185600042343140e-01;+2.4332800507545471e-01;+1.9804799556732178e-01;+1.8761600553989410e-01
1750;+3.0393600463867188e-01;+2.5222399830818176e-01;+3.1555199623107910e-01;+2.9203200340270996e-01;+2.5248000025749207e-01;+2.0086400210857391e-01;+1.9254399836063385e-01
1800;+3.1196799874305725e-01;+2.6464000344276428e-01;+3.2380801439285278e-01;+3.0425599217414856e-01;+2.6585599780082703e-01;+2.0947200059890747e-01;+2.0112000405788422e-01
1850;+3.1753599643707275e-01;+2.7535998821258545e-01;+3.2867199182510376e-01;+3.1648001074790955e-01;+2.7635198831558228e-01;+2.1014399826526642e-01;+2.0508800446987152e-01
1900;+3.2528001070022583e-01;+2.8703999519348145e-01;+3.3759999275207520e-01;+3.2982400059700012e-01;+2.8803199529647827e-01;+2.1913599967956543e-01;+2.1145600080490112e-01
1950;+3.3087998628616333e-01;+2.9580798745155334e-01;+3.4476798772811890e-01;+3.4031999111175537e-01;+2.9731199145317078e-01;+2.2169600427150726e-01;+2.1654400229454041e-01
2000;+3.3859199285507202e-01;+3.0550399422645569e-01;+3.5199999809265137e-01;+3.5120001435279846e-01;+3.0585598945617676e-01;+2.3004800081253052e-01;+2.2374400496482849e-01
2050;+3.4697601199150085e-01;+3.1119999289512634e-01;+3.6172801256179810e-01;+3.5836800932884216e-01;+3.1398400664329529e-01;+2.3615999519824982e-01;+2.3043200373649597e-01
2100;+3.5190400481224060e-01;+3.1856000423431396e-01;+3.6633598804473877e-01;+3.6745598912239075e-01;+3.2044801115989685e-01;+2.3804800212383270e-01;+2.3411199450492859e-01
2150;+3.6044800281524658e-01;+3.2675200700759888e-01;+3.7430399656295776e-01;+3.7615999579429626e-01;+3.2870399951934814e-01;+2.4739199876785278e-01;+2.4108800292015076e-01
2200;+3.6623999476432800e-01;+3.3334401249885559e-01;+3.8092800974845886e-01;+3.8409599661827087e-01;+3.3273598551750183e-01;+2.4940800666809082e-01;+2.4406400322914124e-01
2250;+3.7334400415420532e-01;+3.4086400270462036e-01;+3.8975998759269714e-01;+3.9267200231552124e-01;+3.4112000465393066e-01;+2.5836798548698425e-01;+2.5244799256324768e-01
2300;+3.8067200779914856e-01;+3.4428799152374268e-01;+3.9504000544548035e-01;+3.9833599328994751e-01;+3.4761598706245422e-01;+2.5923201441764832e-01;+2.5417599081993103e-01
2350;+3.8851198554039001e-01;+3.5251200199127197e-01;+4.0336000919342041e-01;+4.0723198652267456e-01;+3.5382398962974548e-01;+2.6876801252365112e-01;+2.5977599620819092e-01
2400;+3.9392000436782837e-01;+3.5727998614311218e-01;+4.1007998585700989e-01;+4.1171199083328247e-01;+3.5961601138114929e-01;+2.7171200513839722e-01;+2.6547199487686157e-01
2450;+4.0236800909042358e-01;+3.6368000507354736e-01;+4.1852799057960510e-01;+4.2230400443077087e-01;+3.6559998989105225e-01;+2.7974399924278259e-01;+2.7107200026512146e-01
2500;+4.0966400504112244e-01;+3.7158399820327759e-01;+4.2595198750495911e-01;+4.2972800135612488e-01;+3.7356799840927124e-01;+2.8796800971031189e-01;+2.7798399329185486e-01
2550;+4.1712000966072083e-01;+3.7775999307632446e-01;+4.3366399407386780e-01;+4.3615999817848206e-01;+3.7929600477218628e-01;+2.9036799073219299e-01;+2.8044798970222473e-01
2600;+4.2335999011993408e-01;+3.8383999466896057e-01;+4.4153600931167603e-01;+4.4553598761558533e-01;+3.8579198718070984e-01;+2.9843199253082275e-01;+2.8863999247550964e-01
2650;+4.2899200320243835e-01;+3.8953599333763123e-01;+4.4793599843978882e-01;+4.5219200849533081e-01;+3.9267200231552124e-01;+3.0246400833129883e-01;+2.9036799073219299e-01
2700;+4.3827199935913086e-01;+3.9737600088119507e-01;+4.5673599839210510e-01;+4.6019199490547180e-01;+4.0016001462936401e-01;+3.1052801012992859e-01;+2.9926401376724243e-01
2750;+4.4323199987411499e-01;+4.0252798795700073e-01;+4.6396800875663757e-01;+4.6499198675155640e-01;+4.0463998913764954e-01;+3.1612798571586609e-01;+3.0272001028060913e-01
2800;+4.5235198736190796e-01;+4.1023999452590942e-01;+4.7212800383567810e-01;+4.7407999634742737e-01;+4.1148799657821655e-01;+3.2425600290298462e-01;+3.0992001295089722e-01
2850;+4.6079999208450317e-01;+4.1791999340057373e-01;+4.7974398732185364e-01;+4.8428800702095032e-01;+4.1846400499343872e-01;+3.3129599690437317e-01;+3.1740799546241760e-01
2900;+4.6729600429534912e-01;+4.2332801222801208e-01;+4.8537600040435791e-01;+4.8982399702072144e-01;+4.2601600289344788e-01;+3.3638399839401245e-01;+3.2086399197578430e-01
2950;+4.7488000988960266e-01;+4.3024000525474548e-01;+4.9411201477050781e-01;+4.9904000759124756e-01;+4.3068799376487732e-01;+3.4473600983619690e-01;+3.2831999659538269e-01
3000;+4.8083201050758362e-01;+4.3593600392341614e-01;+5.0041598081588745e-01;+5.0576001405715942e-01;+4.3724799156188965e-01;+3.4774398803710938e-01;+3.3187198638916016e-01
3050;+4.8940798640251160e-01;+4.4086399674415588e-01;+5.0867199897766113e-01;+5.1414400339126587e-01;+4.4518399238586426e-01;+3.5891199111938477e-01;+3.3894398808479309e-01
3100;+4.9379199743270874e-01;+4.4703999161720276e-01;+5.1510399580001831e-01;+5.2121597528457642e-01;+4.4985601305961609e-01;+3.6032000184059143e-01;+3.4284800291061401e-01
3150;+5.0457602739334106e-01;+4.5647999644279480e-01;+5.2553600072860718e-01;+5.2908802032470703e-01;+4.5651200413703918e-01;+3.7088000774383545e-01;+3.5094401240348816e-01
3200;+5.0966399908065796e-01;+4.5923200249671936e-01;+5.3059202432632446e-01;+5.3625601530075073e-01;+4.6297600865364075e-01;+3.7571200728416443e-01;+3.5231998562812805e-01
3250;+5.1823997497558594e-01;+4.6953600645065308e-01;+5.3990399837493896e-01;+5.4412800073623657e-01;+4.7104001045227051e-01;+3.8435199856758118e-01;+3.6083200573921204e-01
3300;+5.2547198534011841e-01;+4.7513601183891296e-01;+5.4889601469039917e-01;+5.5443197488784790e-01;+4.7756800055503845e-01;+3.9440000057220459e-01;+3.6649599671363831e-01
3350;+5.3091198205947876e-01;+4.8054400086402893e-01;+5.5539202690124512e-01;+5.5974400043487549e-01;+4.8342400789260864e-01;+3.9520001411437988e-01;+3.7171199917793274e-01
3400;+5.4073601961135864e-01;+4.8793599009513855e-01;+5.6304001808166504e-01;+5.6710398197174072e-01;+4.9148800969123840e-01;+4.0700799226760864e-01;+3.7811198830604553e-01
3450;+5.4672002792358398e-01;+4.9235200881958008e-01;+5.6931197643280029e-01;+5.7273602485656738e-01;+4.9520000815391541e-01;+4.0809598565101624e-01;+3.8419198989868164e-01
3500;+5.5366402864456177e-01;+5.0022399425506592e-01;+5.7843202352523804e-01;+5.8172798156738281e-01;+5.0371199846267700e-01;+4.2185598611831665e-01;+3.9151999354362488e-01
3550;+5.6038397550582886e-01;+5.0460797548294067e-01;+5.8419197797775269e-01;+5.9024000167846680e-01;+5.0911998748779297e-01;+4.2329600453376770e-01;+3.9440000057220459e-01
3600;+5.6966400146484375e-01;+5.1417601108551025e-01;+5.9097599983215332e-01;+5.9779202938079834e-01;+5.1638400554656982e-01;+4.3206399679183960e-01;+4.0259200334548950e-01
3650;+5.7622402906417847e-01;+5.2044802904129028e-01;+6.0144001245498657e-01;+6.0467201471328735e-01;+5.2428799867630005e-01;+4.4297599792480469e-01;+4.0755200386047363e-01
3700;+5.8307200670242310e-01;+5.2691197395324707e-01;+6.0777598619461060e-01;+6.1273598670959473e-01;+5.2726399898529053e-01;+4.4732800126075745e-01;+4.1164800524711609e-01
3750;+5.9119999408721924e-01;+5.3456002473831177e-01;+6.1695998907089233e-01;+6.2089598178863525e-01;+5.3583997488021851e-01;+4.5568001270294189e-01;+4.2003199458122253e-01
3800;+5.9779202938079834e-01;+5.3747200965881348e-01;+6.2310397624969482e-01;+6.2614399194717407e-01;+5.4121601581573486e-01;+4.6134400367736816e-01;+4.2259201407432556e-01
3850;+6.0409599542617798e-01;+5.4611200094223022e-01;+6.3055998086929321e-01;+6.3644802570343018e-01;+5.4915201663970947e-01;+4.7209599614143372e-01;+4.3174400925636292e-01
3900;+6.1155200004577637e-01;+5.4924798011779785e-01;+6.3843202590942383e-01;+6.4240002632141113e-01;+5.5427199602127075e-01;+4.7635200619697571e-01;+4.3478399515151978e-01
3950;+6.1974400281906128e-01;+5.5891197919845581e-01;+6.4611202478408813e-01;+6.5004801750183105e-01;+5.6294399499893188e-01;+4.8476800322532654e-01;+4.4243198633193970e-01
4000;+6.2550401687622070e-01;+5.6428802013397217e-01;+6.5280002355575562e-01;+6.5711998939514160e-01;+5.6652802228927612e-01;+4.8867198824882507e-01;+4.4556799530982971e-01
4050;+6.3577598333358765e-01;+5.7254397869110107e-01;+6.6246402263641357e-01;+6.6380798816680908e-01;+5.7606399059295654e-01;+5.0092798471450806e-01;+4.5686399936676025e-01
4100;+6.4233601093292236e-01;+5.7635200023651123e-01;+6.7136001586914062e-01;+6.7718398571014404e-01;+5.8326399326324463e-01;+5.0995200872421265e-01;+4.6153599023818970e-01
4150;+6.4825600385665894e-01;+5.8521598577499390e-01;+6.7596799135208130e-01;+6.8284797668457031e-01;+5.8956801891326904e-01;+5.1231998205184937e-01;+4.6486398577690125e-01
4200;+6.5903997421264648e-01;+5.9190398454666138e-01;+6.8566399812698364e-01;+6.9091200828552246e-01;+5.9747201204299927e-01;+5.2483201026916504e-01;+4.7404798865318298e-01
4250;+6.6479998826980591e-01;+5.9798401594161987e-01;+6.9126397371292114e-01;+6.9830399751663208e-01;+6.0169601440429688e-01;+5.3190398216247559e-01;+4.7798401117324829e-01
4300;+6.7142397165298462e-01;+6.0707199573516846e-01;+7.0047998428344727e-01;+7.0550400018692017e-01;+6.0940802097320557e-01;+5.3807997703552246e-01;+4.8528000712394714e-01
4350;+6.7935997247695923e-01;+6.1171197891235352e-01;+7.0777601003646851e-01;+7.1308797597885132e-01;+6.1456000804901123e-01;+5.4060798883438110e-01;+4.9043199419975281e-01
4400;+6.8697601556777954e-01;+6.1865597963333130e-01;+7.1459197998046875e-01;+7.2153598070144653e-01;+6.2316799163818359e-01;+5.5657601356506348e-01;+4.9638399481773376e-01
4450;+6.9555199146270752e-01;+6.2633597850799561e-01;+7.2457599639892578e-01;+7.2950398921966553e-01;+6.2944000959396362e-01;+5.6720000505447388e-01;+5.0614398717880249e-01
4500;+7.0115202665328979e-01;+6.3257598876953125e-01;+7.3161602020263672e-01;+7.3705601692199707e-01;+6.3526397943496704e-01;+5.7103997468948364e-01;+5.0934398174285889e-01
4550;+7.1119999885559082e-01;+6.3974398374557495e-01;+7.3996800184249878e-01;+7.4313598871231079e-01;+6.4249598979949951e-01;+5.7929599285125732e-01;+5.1561599969863892e-01
4600;+7.1702402830123901e-01;+6.4569598436355591e-01;+7.4710398912429810e-01;+7.5081598758697510e-01;+6.4908802509307861e-01;+5.8825600147247314e-01;+5.2121597528457642e-01
4650;+7.2512000799179077e-01;+6.5270400047302246e-01;+7.5539201498031616e-01;+7.5984001159667969e-01;+6.5545600652694702e-01;+5.9769600629806519e-01;+5.2860802412033081e-01
4700;+7.3107200860977173e-01;+6.5763199329376221e-01;+7.6435202360153198e-01;+7.6752001047134399e-01;+6.6265600919723511e-01;+6.0335999727249146e-01;+5.2912002801895142e-01
4750;+7.4111998081207275e-01;+6.6473597288131714e-01;+7.7142399549484253e-01;+7.7529597282409668e-01;+6.6784000396728516e-01;+6.1283200979232788e-01;+5.4211199283599854e-01
4800;+7.4476802349090576e-01;+6.7119997739791870e-01;+7.7683198451995850e-01;+7.8300797939300537e-01;+6.7552000284194946e-01;+6.1887997388839722e-01;+5.4278397560119629e-01
4850;+7.5356799364089966e-01;+6.7782402038574219e-01;+7.8630399703979492e-01;+7.8931200504302979e-01;+6.7974400520324707e-01;+6.2918400764465332e-01;+5.5129599571228027e-01
4900;+7.6441597938537598e-01;+6.8617600202560425e-01;+7.9430401325225830e-01;+7.9680001735687256e-01;+6.9062399864196777e-01;+6.3708800077438354e-01;+5.5996799468994141e-01
4950;+7.6729601621627808e-01;+6.9375997781753540e-01;+8.0086398124694824e-01;+8.0463999509811401e-01;+6.9625598192214966e-01;+6.4217597246170044e-01;+5.6419199705123901e-01
5000;+7.7689599990844727e-01;+6.9769597053527832e-01;+8.0937600135803223e-01;+8.1276798248291016e-01;+7.0294398069381714e-01;+6.5126401185989380e-01;+5.7020801305770874e-01
5050;+7.8275197744369507e-01;+7.0387202501296997e-01;+8.1628799438476562e-01;+8.2239997386932373e-01;+7.0911997556686401e-01;+6.5280002355575562e-01;+5.7395201921463013e-01
5100;+7.9116797447204590e-01;+7.1225601434707642e-01;+8.2288002967834473e-01;+8.2918399572372437e-01;+7.1459197998046875e-01;+6.6758400201797485e-01;+5.8374398946762085e-01
5150;+7.9798400402069092e-01;+7.1769601106643677e-01;+8.2972800731658936e-01;+8.3670401573181152e-01;+7.2195202112197876e-01;+6.7436802387237549e-01;+5.8524799346923828e-01
5200;+8.0716800689697266e-01;+7.2681599855422974e-01;+8.3910399675369263e-01;+8.4467202425003052e-01;+7.3065602779388428e-01;+6.8739199638366699e-01;+5.9887999296188354e-01
5250;+8.1545597314834595e-01;+7.3347198963165283e-01;+8.4732800722122192e-01;+8.5308802127838135e-01;+7.3756802082061768e-01;+6.9532799720764160e-01;+6.0457599163055420e-01
5300;+8.2208001613616943e-01;+7.3926401138305664e-01;+8.5567998886108398e-01;+8.6268800497055054e-01;+7.4089598655700684e-01;+7.0412802696228027e-01;+6.1132800579071045e-01
5350;+8.3155202865600586e-01;+7.4476802349090576e-01;+8.6611199378967285e-01;+8.7084800004959106e-01;+7.5151997804641724e-01;+7.1983999013900757e-01;+6.2057602405548096e-01
5400;+8.3923202753067017e-01;+7.4988800287246704e-01;+8.7193602323532104e-01;+8.7840002775192261e-01;+7.5808000564575195e-01;+7.2246402502059937e-01;+6.2332797050476074e-01
5450;+8.4732800722122192e-01;+7.5891202688217163e-01;+8.7948799133300781e-01;+8.8367998600006104e-01;+7.6550400257110596e-01;+7.3635202646255493e-01;+6.3244801759719849e-01
5500;+8.5097599029541016e-01;+7.6281601190567017e-01;+8.8735997676849365e-01;+8.9203202724456787e-01;+7.6963198184967041e-01;+7.4195200204849243e-01;+6.3772797584533691e-01
5550;+8.6137598752975464e-01;+7.7078402042388916e-01;+8.9907199144363403e-01;+9.0051198005676270e-01;+7.7888000011444092e-01;+7.5334399938583374e-01;+6.4419198036193848e-01
5600;+8.6435198783874512e-01;+7.7779197692871094e-01;+9.0339201688766479e-01;+9.0697598457336426e-01;+7.8329598903656006e-01;+7.5395202636718750e-01;+6.4876800775527954e-01
5650;+8.7737601995468140e-01;+7.8630399703979492e-01;+9.1385602951049805e-01;+9.1663998365402222e-01;+7.9161602258682251e-01;+7.6675200462341309e-01;+6.5792000293731689e-01
5700;+8.8531202077865601e-01;+7.9289597272872925e-01;+9.2201602458953857e-01;+9.2438399791717529e-01;+7.9916799068450928e-01;+7.8671997785568237e-01;+6.6675198078155518e-01
5750;+8.9164799451828003e-01;+8.0121600627899170e-01;+9.2921602725982666e-01;+9.3264001607894897e-01;+8.0454397201538086e-01;+7.9040002822875977e-01;+6.7071998119354248e-01
5800;+9.0192002058029175e-01;+8.0617600679397583e-01;+9.3878400325775146e-01;+9.4271999597549438e-01;+8.1136000156402588e-01;+8.0316799879074097e-01;+6.8019199371337891e-01
5850;+9.0729600191116333e-01;+8.1392002105712891e-01;+9.4335997104644775e-01;+9.4883197546005249e-01;+8.1756800413131714e-01;+8.0323201417922974e-01;+6.8374401330947876e-01
5900;+9.1465598344802856e-01;+8.1910401582717896e-01;+9.5337599515914917e-01;+9.5606398582458496e-01;+8.2806402444839478e-01;+8.1942397356033325e-01;+6.9404798746109009e-01
5950;+9.1952002048492432e-01;+8.2752001285552979e-01;+9.6038401126861572e-01;+9.6531200408935547e-01;+8.3395200967788696e-01;+8.2928001880645752e-01;+6.9241601228713989e-01
6000;+9.2950397729873657e-01;+8.3356797695159912e-01;+9.6912002563476562e-01;+9.7177600860595703e-01;+8.4102398157119751e-01;+8.4201598167419434e-01;+7.0736002922058105e-01
6050;+9.4112002849578857e-01;+8.4054398536682129e-01;+9.8031997680664062e-01;+9.8207998275756836e-01;+8.4691202640533447e-01;+8.5526400804519653e-01;+7.1836799383163452e-01
6100;+9.4400000572204590e-01;+8.4847998619079590e-01;+9.8764801025390625e-01;+9.8960000276565552e-01;+8.5084801912307739e-01;+8.6217600107192993e-01;+7.2172802686691284e-01
6150;+9.5638400316238403e-01;+8.5574400424957275e-01;+9.9283200502395630e-01;+9.9808001518249512e-01;+8.6153602600097656e-01;+8.6937600374221802e-01;+7.3068797588348389e-01
6200;+9.6252799034118652e-01;+8.6057597398757935e-01;+1.0029759407043457e+00;+1.0027199983596802e+00;+8.6844801902770996e-01;+8.7110400199890137e-01;+7.3408001661300659e-01
6250;+9.6934401988983154e-01;+8.6879998445510864e-01;+1.0096960067749023e+00;+1.0122879743576050e+00;+8.7596797943115234e-01;+8.8870400190353394e-01;+7.4243199825286865e-01
6300;+9.7660797834396362e-01;+8.7516802549362183e-01;+1.0166720151901245e+00;+1.0212160348892212e+00;+8.7894397974014282e-01;+8.8547199964523315e-01;+7.4355202913284302e-01
6350;+9.8464000225067139e-01;+8.8243198394775391e-01;+1.0267839431762695e+00;+1.0286079645156860e+00;+8.8908797502517700e-01;+9.0767997503280640e-01;+7.5382399559020996e-01
6400;+9.9046397209167480e-01;+8.8710397481918335e-01;+1.0321919918060303e+00;+1.0360959768295288e+00;+8.9468801021575928e-01;+9.2624002695083618e-01;+7.5980800390243530e-01
6450;+1.0021760463714600e+00;+8.9401602745056152e-01;+1.0409599542617798e+00;+1.0448000431060791e+00;+9.0172797441482544e-01;+9.3782401084899902e-01;+7.6937597990036011e-01
6500;+1.0075520277023315e+00;+9.0300798416137695e-01;+1.0504640340805054e+00;+1.0547840595245361e+00;+9.1088002920150757e-01;+9.4767999649047852e-01;+7.7708798646926880e-01
6550;+1.0162559747695923e+00;+9.1052800416946411e-01;+1.0592960119247437e+00;+1.0621440410614014e+00;+9.1529601812362671e-01;+9.4579201936721802e-01;+7.8291201591491699e-01
6600;+1.0257920026779175e+00;+9.1702401638031006e-01;+1.0672320127487183e+00;+1.0693440437316895e+00;+9.2463999986648560e-01;+9.6240001916885376e-01;+7.9686397314071655e-01
6650;+1.0304640531539917e+00;+9.2297601699829102e-01;+1.0751039981842041e+00;+1.0774079561233521e+00;+9.2966401576995850e-01;+9.6960002183914185e-01;+8.0102401971817017e-01
6700;+1.0388159751892090e+00;+9.3289601802825928e-01;+1.0847359895706177e+00;+1.0873600244522095e+00;+9.3747198581695557e-01;+9.8758399486541748e-01;+8.0732798576354980e-01
6750;+1.0449919700622559e+00;+9.3820798397064209e-01;+1.0919040441513062e+00;+1.0943039655685425e+00;+9.4419199228286743e-01;+9.8780798912048340e-01;+8.1011199951171875e-01
6800;+1.0535999536514282e+00;+9.4646400213241577e-01;+1.0975040197372437e+00;+1.1024639606475830e+00;+9.4825601577758789e-01;+1.0106240510940552e+00;+8.1852799654006958e-01
6850;+1.0650880336761475e+00;+9.5135998725891113e-01;+1.1081600189208984e+00;+1.1100800037384033e+00;+9.6108800172805786e-01;+1.0158400535583496e+00;+8.2752001285552979e-01
6900;+1.0725439786911011e+00;+9.5731198787689209e-01;+1.1156799793243408e+00;+1.1179840564727783e+00;+9.6464002132415771e-01;+1.0324480533599854e+00;+8.3382397890090942e-01
6950;+1.0789760351181030e+00;+9.6627199649810791e-01;+1.1242879629135132e+00;+1.1276479959487915e+00;+9.7487998008728027e-01;+1.0432319641113281e+00;+8.4572798013687134e-01
7000;+1.0872000455856323e+00;+9.7206401824951172e-01;+1.1331520080566406e+00;+1.1350079774856567e+00;+9.7987198829650879e-01;+1.0458879470825195e+00;+8.4937602281570435e-01
7050;+1.0975040197372437e+00;+9.8031997680664062e-01;+1.1415359973907471e+00;+1.1432000398635864e+00;+9.8713600635528564e-01;+1.0539840459823608e+00;+8.5535997152328491e-01
7100;+1.1031999588012695e+00;+9.8588800430297852e-01;+1.1487040519714355e+00;+1.1481599807739258e+00;+9.9360001087188721e-01;+1.0596480369567871e+00;+8.5782402753829956e-01
7150;+1.1097919940948486e+00;+9.9536001682281494e-01;+1.1568640470504761e+00;+1.1603840589523315e+00;+9.9884802103042603e-01;+1.0880320072174072e+00;+8.7193602323532104e-01
7200;+1.1168960332870483e+00;+1.0008319616317749e+00;+1.1623680591583252e+00;+1.1658560037612915e+00;+1.0033279657363892e+00;+1.0958399772644043e+00;+8.7526398897171021e-01
7250;+1.1267520189285278e+00;+1.0077760219573975e+00;+1.1709760427474976e+00;+1.1751359701156616e+00;+1.0140800476074219e+00;+1.0926719903945923e+00;+8.8492798805236816e-01
7300;+1.1344640254974365e+00;+1.0153599977493286e+00;+1.1820479631423950e+00;+1.1840959787368774e+00;+1.0234559774398804e+00;+1.1157439947128296e+00;+8.9747202396392822e-01
7350;+1.1426559686660767e+00;+1.0220479965209961e+00;+1.1904000043869019e+00;+1.1866240501403809e+00;+1.0288640260696411e+00;+1.1237119436264038e+00;+9.0118402242660522e-01
7400;+1.1512960195541382e+00;+1.0244159698486328e+00;+1.1987839937210083e+00;+1.1996799707412720e+00;+1.0388159751892090e+00;+1.1310720443725586e+00;+9.1036802530288696e-01
7450;+1.1565439701080322e+00;+1.0357439517974854e+00;+1.2062079906463623e+00;+1.2066559791564941e+00;+1.0425599813461304e+00;+1.1457920074462891e+00;+9.1081601381301880e-01
7500;+1.1635520458221436e+00;+1.0425599813461304e+00;+1.2135039567947388e+00;+1.2143679857254028e+00;+1.0496000051498413e+00;+1.1469759941101074e+00;+9.1872000694274902e-01
7550;+1.1724799871444702e+00;+1.0487040281295776e+00;+1.2224639654159546e+00;+1.2204480171203613e+00;+1.0562560558319092e+00;+1.1610560417175293e+00;+9.2864000797271729e-01
7600;+1.1823680400848389e+00;+1.0537919998168945e+00;+1.2299840450286865e+00;+1.2321599721908569e+00;+1.0621759891510010e+00;+1.1678719520568848e+00;+9.2940801382064819e-01
7650;+1.1901119947433472e+00;+1.0651520490646362e+00;+1.2391040325164795e+00;+1.2398079633712769e+00;+1.0709439516067505e+00;+1.1872960329055786e+00;+9.4230401515960693e-01
7700;+1.1965440511703491e+00;+1.0679039955139160e+00;+1.2490559816360474e+00;+1.2467839717864990e+00;+1.0742080211639404e+00;+1.1984640359878540e+00;+9.5398402214050293e-01
7750;+1.2077759504318237e+00;+1.0784319639205933e+00;+1.2556799650192261e+00;+1.2547839879989624e+00;+1.0857599973678589e+00;+1.2144320011138916e+00;+9.6521598100662231e-01
7800;+1.2160639762878418e+00;+1.0832639932632446e+00;+1.2644159793853760e+00;+1.2624959945678711e+00;+1.0934400558471680e+00;+1.2202240228652954e+00;+9.6633601188659668e-01
7850;+1.2214720249176025e+00;+1.0920959711074829e+00;+1.2746880054473877e+00;+1.2755199670791626e+00;+1.0998400449752808e+00;+1.2415360212326050e+00;+9.7990399599075317e-01
7900;+1.2295360565185547e+00;+1.1006400585174561e+00;+1.2838720083236694e+00;+1.2801280021667480e+00;+1.1048640012741089e+00;+1.2364480495452881e+00;+9.8179197311401367e-01
7950;+1.2394239902496338e+00;+1.1072319746017456e+00;+1.2915199995040894e+00;+1.2894079685211182e+00;+1.1138240098953247e+00;+1.2545599937438965e+00;+9.8896002769470215e-01
8000;+1.2480640411376953e+00;+1.1116479635238647e+00;+1.2980799674987793e+00;+1.2972799539566040e+00;+1.1182399988174438e+00;+1.2645119428634644e+00;+9.9312001466751099e-01
8050;+1.2558720111846924e+00;+1.1201920509338379e+00;+1.3071999549865723e+00;+1.3056960105895996e+00;+1.1299200057983398e+00;+1.2888000011444092e+00;+1.0073920488357544e+00
8100;+1.2608640193939209e+00;+1.1300480365753174e+00;+1.3175359964370728e+00;+1.3158080577850342e+00;+1.1341120004653931e+00;+1.2994879484176636e+00;+1.0171519517898560e+00
8150;+1.2727359533309937e+00;+1.1334400177001953e+00;+1.3253439664840698e+00;+1.3212159872055054e+00;+1.1391359567642212e+00;+1.3006080389022827e+00;+1.0240000486373901e+00
8200;+1.2815359830856323e+00;+1.1393920183181763e+00;+1.3346879482269287e+00;+1.3318400382995605e+00;+1.1516480445861816e+00;+1.3219519853591919e+00;+1.0311679840087891e+00
8250;+1.2892160415649414e+00;+1.1464639902114868e+00;+1.3445440530776978e+00;+1.3394240140914917e+00;+1.1577600240707397e+00;+1.3323520421981812e+00;+1.0422079563140869e+00
8300;+1.2972799539566040e+00;+1.1571199893951416e+00;+1.3467839956283569e+00;+1.3509119749069214e+00;+1.1666239500045776e+00;+1.3551360368728638e+00;+1.0577600002288818e+00
8350;+1.3036160469055176e+00;+1.1602560281753540e+00;+1.3585599660873413e+00;+1.3550720214843750e+00;+1.1730560064315796e+00;+1.3616960048675537e+00;+1.0620479583740234e+00
8400;+1.3149119615554810e+00;+1.1737279891967773e+00;+1.3694399595260620e+00;+1.3660479784011841e+00;+1.1790080070495605e+00;+1.3737280368804932e+00;+1.0648959875106812e+00
8450;+1.3211200237274170e+00;+1.1820800304412842e+00;+1.3787200450897217e+00;+1.3751679658889771e+00;+1.1896640062332153e+00;+1.3972480297088623e+00;+1.0741759538650513e+00
8500;+1.3294399976730347e+00;+1.1881920099258423e+00;+1.3837120532989502e+00;+1.3819520473480225e+00;+1.1934080123901367e+00;+1.3917119503021240e+00;+1.0811200141906738e+00
8550;+1.3409919738769531e+00;+1.1950720548629761e+00;+1.3953919410705566e+00;+1.3949120044708252e+00;+1.2051839828491211e+00;+1.4084479808807373e+00;+1.0928640365600586e+00
8600;+1.3451199531555176e+00;+1.2020159959793091e+00;+1.4018559455871582e+00;+1.3988800048828125e+00;+1.2116479873657227e+00;+1.4245439767837524e+00;+1.0962560176849365e+00
8650;+1.3547519445419312e+00;+1.2101759910583496e+00;+1.4101120233535767e+00;+1.4090240001678467e+00;+1.2188479900360107e+00;+1.4395200014114380e+00;+1.1172159910202026e+00
8700;+1.3653119802474976e+00;+1.2159680128097534e+00;+1.4223680496215820e+00;+1.4172799587249756e+00;+1.2266880273818970e+00;+1.4561920166015625e+00;+1.1151360273361206e+00
8750;+1.3729599714279175e+00;+1.2248320579528809e+00;+1.4296640157699585e+00;+1.4247360229492188e+00;+1.2327359914779663e+00;+1.4608960151672363e+00;+1.1263359785079956e+00
8800;+1.3786560297012329e+00;+1.2314239740371704e+00;+1.4373120069503784e+00;+1.4332159757614136e+00;+1.2380800247192383e+00;+1.4641280174255371e+00;+1.1269439458847046e+00
8850;+1.3864639997482300e+00;+1.2329280376434326e+00;+1.4447360038757324e+00;+1.4415359497070312e+00;+1.2466559410095215e+00;+1.4881279468536377e+00;+1.1418240070343018e+00
8900;+1.3983360528945923e+00;+1.2468160390853882e+00;+1.4553920030593872e+00;+1.4518400430679321e+00;+1.2561600208282471e+00;+1.4742079973220825e+00;+1.1370240449905396e+00
8950;+1.4051840305328369e+00;+1.2504960298538208e+00;+1.4640640020370483e+00;+1.4559999704360962e+00;+1.2635519504547119e+00;+1.5040639638900757e+00;+1.1577919721603394e+00
9000;+1.4147520065307617e+00;+1.2602560520172119e+00;+1.4700479507446289e+00;+1.4647359848022461e+00;+1.2709439992904663e+00;+1.5287359952926636e+00;+1.1706880331039429e+00
9050;+1.4183679819107056e+00;+1.2677439451217651e+00;+1.4813760519027710e+00;+1.4773119688034058e+00;+1.2756479978561401e+00;+1.5264639854431152e+00;+1.1697920560836792e+00
9100;+1.4302719831466675e+00;+1.2782720327377319e+00;+1.4909119606018066e+00;+1.4841920137405396e+00;+1.2838720083236694e+00;+1.5471359491348267e+00;+1.1853439807891846e+00
9150;+1.4385279417037964e+00;+1.2806400060653687e+00;+1.4999680519104004e+00;+1.4927680492401123e+00;+1.2916159629821777e+00;+1.5544320344924927e+00;+1.1962879896163940e+00
9200;+1.4440319538116455e+00;+1.2888959646224976e+00;+1.5043519735336304e+00;+1.5009280443191528e+00;+1.2996159791946411e+00;+1.5704640150070190e+00;+1.2058559656143188e+00
9250;+1.4580160379409790e+00;+1.2956800460815430e+00;+1.5160640478134155e+00;+1.5109440088272095e+00;+1.3072320222854614e+00;+1.5880960226058960e+00;+1.2132159471511841e+00
9300;+1.4628479480743408e+00;+1.3034559488296509e+00;+1.5258560180664062e+00;+1.5163520574569702e+00;+1.3110400438308716e+00;+1.5865919589996338e+00;+1.2223999500274658e+00
9350;+1.4736000299453735e+00;+1.3096640110015869e+00;+1.5321919918060303e+00;+1.5281599760055542e+00;+1.3235520124435425e+00;+1.6356480121612549e+00;+1.2329599857330322e+00
9400;+1.4811199903488159e+00;+1.3150080442428589e+00;+1.5445760488510132e+00;+1.5318080186843872e+00;+1.3272639513015747e+00;+1.6176960468292236e+00;+1.2360639572143555e+00
9450;+1.4919359683990479e+00;+1.3268799781799316e+00;+1.5541440248489380e+00;+1.5452799797058105e+00;+1.3378880023956299e+00;+1.6439679861068726e+00;+1.2459199428558350e+00
9500;+1.5002559423446655e+00;+1.3341120481491089e+00;+1.5620479583740234e+00;+1.5505599975585938e+00;+1.3429119586944580e+00;+1.6616959571838379e+00;+1.2510080337524414e+00
9550;+1.5090880393981934e+00;+1.3403840065002441e+00;+1.5748480558395386e+00;+1.5624639987945557e+00;+1.3506879806518555e+00;+1.6832319498062134e+00;+1.2662400007247925e+00
9600;+1.5151040554046631e+00;+1.3440639972686768e+00;+1.5772800445556641e+00;+1.5681920051574707e+00;+1.3565440177917480e+00;+1.6909760236740112e+00;+1.2659519910812378e+00
9650;+1.5245440006256104e+00;+1.3538240194320679e+00;+1.5906239748001099e+00;+1.5750399827957153e+00;+1.3622080087661743e+00;+1.6861439943313599e+00;+1.2706240415573120e+00
9700;+1.5351999998092651e+00;+1.3643840551376343e+00;+1.5987199544906616e+00;+1.5895359516143799e+00;+1.3767360448837280e+00;+1.7201600074768066e+00;+1.2960000038146973e+00
9750;+1.5449279546737671e+00;+1.3728959560394287e+00;+1.6074559688568115e+00;+1.5944319963455200e+00;+1.3801280260086060e+00;+1.7344319820404053e+00;+1.2981439828872681e+00
9800;+1.5531200170516968e+00;+1.3796479701995850e+00;+1.6150720119476318e+00;+1.6033279895782471e+00;+1.3885439634323120e+00;+1.7385599613189697e+00;+1.3042240142822266e+00
9850;+1.5626560449600220e+00;+1.3863359689712524e+00;+1.6210880279541016e+00;+1.6078399419784546e+00;+1.3976639509201050e+00;+1.7284480333328247e+00;+1.3069119453430176e+00
9900;+1.5677440166473389e+00;+1.3921600580215454e+00;+1.6352000236511230e+00;+1.6212480068206787e+00;+1.4032319784164429e+00;+1.7760640382766724e+00;+1.3183360099792480e+00
9950;+1.5755200386047363e+00;+1.3971840143203735e+00;+1.6420799493789673e+00;+1.6312960386276245e+00;+1.4063680171966553e+00;+1.7845120429992676e+00;+1.3256000280380249e+00
10000;+1.5896960496902466e+00;+1.4097919464111328e+00;+1.6511679887771606e+00;+1.6368319988250732e+00;+1.4201600551605225e+00;+1.8019200563430786e+00;+1.3391040563583374e+00
10050;+1.5964159965515137e+00;+1.4147520065307617e+00;+1.6616319417953491e+00;+1.6485120058059692e+00;+1.4284800291061401e+00;+1.8268480300903320e+00;+1.3502399921417236e+00
10100;+1.6059199571609497e+00;+1.4224640130996704e+00;+1.6726399660110474e+00;+1.6545280218124390e+00;+1.4373120069503784e+00;+1.8292800188064575e+00;+1.3573440313339233e+00
10150;+1.6114879846572876e+00;+1.4320640563964844e+00;+1.6778559684753418e+00;+1.6665279865264893e+00;+1.4457279443740845e+00;+1.8375040292739868e+00;+1.3687360286712646e+00
10200;+1.6235840320587158e+00;+1.4374079704284668e+00;+1.6864960193634033e+00;+1.6718720197677612e+00;+1.4485119581222534e+00;+1.7821120023727417e+00;+1.3635200262069702e+00
10250;+1.6305919885635376e+00;+1.4449919462203979e+00;+1.6895999908447266e+00;+1.6847360134124756e+00;+1.4594240188598633e+00;+1.8672319650650024e+00;+1.3836480379104614e+00
10300;+1.6401599645614624e+00;+1.4519040584564209e+00;+1.7060799598693848e+00;+1.6933120489120483e+00;+1.4670720100402832e+00;+1.8577920198440552e+00;+1.3896960020065308e+00
10350;+1.6524800062179565e+00;+1.4610879421234131e+00;+1.7156800031661987e+00;+1.7011519670486450e+00;+1.4765759706497192e+00;+1.8906240463256836e+00;+1.3980159759521484e+00
10400;+1.6546880006790161e+00;+1.4739520549774170e+00;+1.7256959676742554e+00;+1.7089920043945312e+00;+1.4753600358963013e+00;+1.9014400243759155e+00;+1.4046080112457275e+00
10450;+1.6698880195617676e+00;+1.4772800207138062e+00;+1.7308800220489502e+00;+1.7216000556945801e+00;+1.4916800260543823e+00;+1.9094079732894897e+00;+1.4204800128936768e+00
10500;+1.6793279647827148e+00;+1.4859520196914673e+00;+1.7470719814300537e+00;+1.7296960353851318e+00;+1.4946240186691284e+00;+1.9457919597625732e+00;+1.4267200231552124e+00
10550;+1.6844160556793213e+00;+1.4936319589614868e+00;+1.7527680397033691e+00;+1.7348159551620483e+00;+1.5055680274963379e+00;+1.9440640211105347e+00;+1.4344960451126099e+00
10600;+1.6931519508361816e+00;+1.5041279792785645e+00;+1.7652800083160400e+00;+1.7493760585784912e+00;+1.5138239860534668e+00;+1.9685440063476562e+00;+1.4489920139312744e+00
10650;+1.7034879922866821e+00;+1.5058560371398926e+00;+1.7719999551773071e+00;+1.7542079687118530e+00;+1.5216000080108643e+00;+1.9618240594863892e+00;+1.4562239646911621e+00
10700;+1.7127679586410522e+00;+1.5193279981613159e+00;+1.7819839715957642e+00;+1.7630079984664917e+00;+1.5265599489212036e+00;+1.9868479967117310e+00;+1.4675840139389038e+00
10750;+1.7214720249176025e+00;+1.5241919755935669e+00;+1.7904640436172485e+00;+1.7708159685134888e+00;+1.5361280441284180e+00;+2.0170879364013672e+00;+1.4760639667510986e+00
10800;+1.7337599992752075e+00;+1.5336320400238037e+00;+1.8009279966354370e+00;+1.7856320142745972e+00;+1.5463360548019409e+00;+2.0276479721069336e+00;+1.4813760519027710e+00
10850;+1.7420159578323364e+00;+1.5437760353088379e+00;+1.8120640516281128e+00;+1.7870080471038818e+00;+1.5560959577560425e+00;+2.0543680191040039e+00;+1.4954559803009033e+00
10900;+1.7509119510650635e+00;+1.5508160591125488e+00;+1.8170239925384521e+00;+1.8032319545745850e+00;+1.5626560449600220e+00;+2.0467519760131836e+00;+1.5048320293426514e+00
10950;+1.7614400386810303e+00;+1.5571839809417725e+00;+1.8287359476089478e+00;+1.8110400438308716e+00;+1.5697599649429321e+00;+2.0805439949035645e+00;+1.5149120092391968e+00
11000;+1.7666560411453247e+00;+1.5630719661712646e+00;+1.8392959833145142e+00;+1.8189439773559570e+00;+1.5803840160369873e+00;+2.0922560691833496e+00;+1.5299839973449707e+00
11050;+1.7764480113983154e+00;+1.5740159749984741e+00;+1.8458880186080933e+00;+1.8253120183944702e+00;+1.5824960470199585e+00;+2.1078081130981445e+00;+1.5403840541839600e+00
11100;+1.7863039970397949e+00;+1.5824960470199585e+00;+1.8563840389251709e+00;+1.8355519771575928e+00;+1.5930559635162354e+00;+2.1161599159240723e+00;+1.5392960309982300e+00
11150;+1.7951680421829224e+00;+1.5886080265045166e+00;+1.8649280071258545e+00;+1.8434239625930786e+00;+1.6027519702911377e+00;+2.1397440433502197e+00;+1.5514559745788574e+00
11200;+1.8017280101776123e+00;+1.5957440137863159e+00;+1.8749760389328003e+00;+1.8535360097885132e+00;+1.6119680404663086e+00;+2.1450560092926025e+00;+1.5686719417572021e+00
11250;+1.8109760284423828e+00;+1.6060800552368164e+00;+1.8885439634323120e+00;+1.8648320436477661e+00;+1.6202880144119263e+00;+2.1660161018371582e+00;+1.5731199979782104e+00
11300;+1.8229440450668335e+00;+1.6123520135879517e+00;+1.8942719697952271e+00;+1.8733119964599609e+00;+1.6251519918441772e+00;+2.1898560523986816e+00;+1.5761280059814453e+00
11350;+1.8306239843368530e+00;+1.6217279434204102e+00;+1.9029120206832886e+00;+1.8816959857940674e+00;+1.6339199542999268e+00;+2.1710720062255859e+00;+1.5985280275344849e+00
11400;+1.8440320491790771e+00;+1.6311680078506470e+00;+1.9123200178146362e+00;+1.8928960561752319e+00;+1.6411199569702148e+00;+2.2086720466613770e+00;+1.5891200304031372e+00
11450;+1.8480000495910645e+00;+1.6353600025177002e+00;+1.9239360094070435e+00;+1.8997759819030762e+00;+1.6496959924697876e+00;+2.2259840965270996e+00;+1.6114239692687988e+00
11500;+1.8627200126647949e+00;+1.6447039842605591e+00;+1.9341759681701660e+00;+1.9074239730834961e+00;+1.6604160070419312e+00;+2.2693119049072266e+00;+1.6165440082550049e+00
11550;+1.8657920360565186e+00;+1.6543040275573730e+00;+1.9413440227508545e+00;+1.9149440526962280e+00;+1.6656639575958252e+00;+2.2481279373168945e+00;+1.6240960359573364e+00
11600;+1.8784320354461670e+00;+1.6594560146331787e+00;+1.9470080137252808e+00;+1.9281280040740967e+00;+1.6772160530090332e+00;+2.2662398815155029e+00;+1.6192959547042847e+00
11650;+1.8879040479660034e+00;+1.6677759885787964e+00;+1.9601279497146606e+00;+1.9367359876632690e+00;+1.6834239959716797e+00;+2.2998080253601074e+00;+1.6428480148315430e+00
11700;+1.8962240219116211e+00;+1.6745599508285522e+00;+1.9730559587478638e+00;+1.9425920248031616e+00;+1.6892800331115723e+00;+2.3147521018981934e+00;+1.6567039489746094e+00
11750;+1.9044799804687500e+00;+1.6853760480880737e+00;+1.9829759597778320e+00;+1.9543039798736572e+00;+1.6976640224456787e+00;+2.3432319164276123e+00;+1.6593600511550903e+00
11800;+1.9164479970932007e+00;+1.6989760398864746e+00;+1.9906879663467407e+00;+1.9608319997787476e+00;+1.7079360485076904e+00;+2.2920000553131104e+00;+1.6676479578018188e+00
11850;+1.9264639616012573e+00;+1.7045120000839233e+00;+1.9979519844055176e+00;+1.9736000299453735e+00;+1.7156159877777100e+00;+2.3167040348052979e+00;+1.6895999908447266e+00
11900;+1.9336639642715454e+00;+1.7084800004959106e+00;+2.0081920623779297e+00;+1.9825600385665894e+00;+1.7208000421524048e+00;+2.3647680282592773e+00;+1.6926079988479614e+00
11950;+1.9435839653015137e+00;+1.7204159498214722e+00;+2.0195519924163818e+00;+1.9941120147705078e+00;+1.7303680181503296e+00;+2.4091200828552246e+00;+1.7112959623336792e+00
12000;+1.9485759735107422e+00;+1.7276480197906494e+00;+2.0299839973449707e+00;+1.9993280172348022e+00;+1.7434879541397095e+00;+2.3923199176788330e+00;+1.7200319766998291e+00
12050;+1.9595199823379517e+00;+1.7363519668579102e+00;+2.0343680381774902e+00;+2.0092160701751709e+00;+1.7447999715805054e+00;+2.4056959152221680e+00;+1.7323839664459229e+00
12100;+1.9728000164031982e+00;+1.7444479465484619e+00;+2.0478720664978027e+00;+2.0205121040344238e+00;+1.7564480304718018e+00;+2.4566719532012939e+00;+1.7401920557022095e+00
12150;+1.9801280498504639e+00;+1.7510720491409302e+00;+2.0599040985107422e+00;+2.0283200740814209e+00;+1.7620799541473389e+00;+2.4254400730133057e+00;+1.7485439777374268e+00
12200;+1.9916800260543823e+00;+1.7567679882049561e+00;+2.0672318935394287e+00;+2.0354559421539307e+00;+1.7719039916992188e+00;+2.4693439006805420e+00;+1.7515840530395508e+00
12250;+1.9991359710693359e+00;+1.7673280239105225e+00;+2.0774719715118408e+00;+2.0460801124572754e+00;+1.7797759771347046e+00;+2.4786880016326904e+00;+1.7588479518890381e+00
12300;+2.0076479911804199e+00;+1.7770880460739136e+00;+2.0826559066772461e+00;+2.0609281063079834e+00;+1.7919360399246216e+00;+2.4863998889923096e+00;+1.7853120565414429e+00
12350;+2.0168960094451904e+00;+1.7858560085296631e+00;+2.0953600406646729e+00;+2.0642879009246826e+00;+1.8014400005340576e+00;+2.5187199115753174e+00;+1.7931840419769287e+00
12400;+2.0286080837249756e+00;+1.7934720516204834e+00;+2.1077759265899658e+00;+2.0733120441436768e+00;+1.8063360452651978e+00;+2.5189120769500732e+00;+1.8102719783782959e+00
12450;+2.0389759540557861e+00;+1.8030400276184082e+00;+2.1175038814544678e+00;+2.0848639011383057e+00;+1.8156479597091675e+00;+2.5690560340881348e+00;+1.8055679798126221e+00
12500;+2.0470399856567383e+00;+1.8075840473175049e+00;+2.1253440380096436e+00;+2.0973439216613770e+00;+1.8221119642257690e+00;+2.5710079669952393e+00;+1.8124159574508667e+00
12550;+2.0577280521392822e+00;+1.8196159601211548e+00;+2.1324160099029541e+00;+2.1052479743957520e+00;+1.8345919847488403e+00;+2.5788159370422363e+00;+1.8284480571746826e+00
12600;+2.0675199031829834e+00;+1.8241599798202515e+00;+2.1432321071624756e+00;+2.1139199733734131e+00;+1.8392000198364258e+00;+2.5631680488586426e+00;+1.8468159437179565e+00
12650;+2.0772800445556641e+00;+1.8347840309143066e+00;+2.1498880386352539e+00;+2.1212480068206787e+00;+1.8511040210723877e+00;+2.6127998828887939e+00;+1.8431999683380127e+00
12700;+2.0824000835418701e+00;+1.8398400545120239e+00;+2.1609280109405518e+00;+2.1328959465026855e+00;+1.8571519851684570e+00;+2.6103680133819580e+00;+1.8523839712142944e+00
12750;+2.0906560420989990e+00;+1.8525439500808716e+00;+2.1704320907592773e+00;+2.1382720470428467e+00;+1.8617600202560425e+00;+2.6327359676361084e+00;+1.8666880130767822e+00
12800;+2.1010560989379883e+00;+1.8546559810638428e+00;+2.1785919666290283e+00;+2.1516160964965820e+00;+1.8669120073318481e+00;+2.6504321098327637e+00;+1.8624639511108398e+00
12850;+2.1117761135101318e+00;+1.8672000169754028e+00;+2.1909759044647217e+00;+2.1530239582061768e+00;+1.8826240301132202e+00;+2.6766080856323242e+00;+1.8896960020065308e+00
12900;+2.1251840591430664e+00;+1.8784320354461670e+00;+2.2028160095214844e+00;+2.1692481040954590e+00;+1.8883520364761353e+00;+2.6988799571990967e+00;+1.8974399566650391e+00
12950;+2.1337280273437500e+00;+1.8767679929733276e+00;+2.2143359184265137e+00;+2.1789119243621826e+00;+1.8998719453811646e+00;+2.7190079689025879e+00;+1.9014719724655151e+00
13000;+2.1436159610748291e+00;+1.8945280313491821e+00;+2.2260160446166992e+00;+2.1868479251861572e+00;+1.9066560268402100e+00;+2.7232639789581299e+00;+1.9185919761657715e+00
13050;+2.1567680835723877e+00;+1.8966399431228638e+00;+2.2323839664459229e+00;+2.1985919475555420e+00;+1.9125119447708130e+00;+2.7593920230865479e+00;+1.9046720266342163e+00
13100;+2.1653120517730713e+00;+1.9110080003738403e+00;+2.2451839447021484e+00;+2.2071039676666260e+00;+1.9236160516738892e+00;+2.7943038940429688e+00;+1.9430079460144043e+00
13150;+2.1737599372863770e+00;+1.9104640483856201e+00;+2.2544319629669189e+00;+2.2165119647979736e+00;+1.9340800046920776e+00;+2.7687680721282959e+00;+1.9444160461425781e+00
13200;+2.1868159770965576e+00;+1.9219199419021606e+00;+2.2664639949798584e+00;+2.2270400524139404e+00;+1.9401279687881470e+00;+2.8067200183868408e+00;+1.9728000164031982e+00
13250;+2.1974720954895020e+00;+1.9363520145416260e+00;+2.2751679420471191e+00;+2.2332160472869873e+00;+1.9517120122909546e+00;+2.8160638809204102e+00;+1.9752960205078125e+00
13300;+2.2040319442749023e+00;+1.9416960477828979e+00;+2.2827200889587402e+00;+2.2395839691162109e+00;+1.9521600008010864e+00;+2.8208639621734619e+00;+1.9776959419250488e+00
13350;+2.2181439399719238e+00;+1.9532480239868164e+00;+2.2952959537506104e+00;+2.2573759555816650e+00;+1.9638400077819824e+00;+2.8800959587097168e+00;+1.9919999837875366e+00
13400;+2.2204160690307617e+00;+1.9567359685897827e+00;+2.3057920932769775e+00;+2.2641599178314209e+00;+1.9774399995803833e+00;+2.8727679252624512e+00;+2.0202240943908691e+00
13450;+2.2384319305419922e+00;+1.9655679464340210e+00;+2.3176960945129395e+00;+2.2703680992126465e+00;+1.9863679409027100e+00;+2.9092159271240234e+00;+2.0264639854431152e+00
13500;+2.2461121082305908e+00;+1.9790719747543335e+00;+2.3210880756378174e+00;+2.2783360481262207e+00;+1.9929920434951782e+00;+2.9227840900421143e+00;+2.0432639122009277e+00
13550;+2.2582080364227295e+00;+1.9875520467758179e+00;+2.3372800350189209e+00;+2.2932159900665283e+00;+2.0030720233917236e+00;+2.9467840194702148e+00;+2.0433919429779053e+00
13600;+2.2662398815155029e+00;+1.9944000244140625e+00;+2.3502399921417236e+00;+2.3060159683227539e+00;+2.0093760490417480e+00;+2.9523520469665527e+00;+2.0649280548095703e+00
13650;+2.2741119861602783e+00;+2.0025920867919922e+00;+2.3583359718322754e+00;+2.3120319843292236e+00;+2.0174400806427002e+00;+2.9953920841217041e+00;+2.0750720500946045e+00
13700;+2.2886719703674316e+00;+2.0191359519958496e+00;+2.3687360286712646e+00;+2.3271360397338867e+00;+2.0318078994750977e+00;+3.0011520385742188e+00;+2.0779840946197510e+00
13750;+2.2999041080474854e+00;+2.0239360332489014e+00;+2.3766720294952393e+00;+2.3351359367370605e+00;+2.0375680923461914e+00;+3.0164480209350586e+00;+2.0939519405364990e+00
13800;+2.3089919090270996e+00;+2.0310399532318115e+00;+2.3877439498901367e+00;+2.3417279720306396e+00;+2.0482881069183350e+00;+3.0525119304656982e+00;+2.0991361141204834e+00
13850;+2.3177280426025391e+00;+2.0346879959106445e+00;+2.3998720645904541e+00;+2.3566079139709473e+00;+2.0536639690399170e+00;+3.0732159614562988e+00;+2.1175680160522461e+00
13900;+2.3306560516357422e+00;+2.0484158992767334e+00;+2.4066879749298096e+00;+2.3612160682678223e+00;+2.0631999969482422e+00;+3.0693440437316895e+00;+2.1332800388336182e+00
13950;+2.3354239463806152e+00;+2.0527040958404541e+00;+2.4224638938903809e+00;+2.3702080249786377e+00;+2.0740799903869629e+00;+3.0869760513305664e+00;+2.1324479579925537e+00
14000;+2.3519680500030518e+00;+2.0618240833282471e+00;+2.4333438873291016e+00;+2.3838078975677490e+00;+2.0795199871063232e+00;+3.1170880794525146e+00;+2.1536641120910645e+00
14050;+2.3555839061737061e+00;+2.0729920864105225e+00;+2.4439039230346680e+00;+2.3936319351196289e+00;+2.0917758941650391e+00;+3.1274240016937256e+00;+2.1680319309234619e+00
14100;+2.3678719997406006e+00;+2.0807681083679199e+00;+2.4551680088043213e+00;+2.4030399322509766e+00;+2.0976641178131104e+00;+3.1411840915679932e+00;+2.1715519428253174e+00
14150;+2.3829441070556641e+00;+2.0911359786987305e+00;+2.4612801074981689e+00;+2.4114239215850830e+00;+2.1080639362335205e+00;+3.1709439754486084e+00;+2.1572799682617188e+00
14200;+2.3942079544067383e+00;+2.0996479988098145e+00;+2.4722559452056885e+00;+2.4230399131774902e+00;+2.1132481098175049e+00;+3.1777920722961426e+00;+2.1871039867401123e+00
14250;+2.3973119258880615e+00;+2.1102399826049805e+00;+2.4815039634704590e+00;+2.4280960559844971e+00;+2.1221759319305420e+00;+3.2137598991394043e+00;+2.2110719680786133e+00
14300;+2.4132800102233887e+00;+2.1176319122314453e+00;+2.4939520359039307e+00;+2.4401600360870361e+00;+2.1350719928741455e+00;+3.2168960571289062e+00;+2.2260479927062988e+00
14350;+2.4232320785522461e+00;+2.1271040439605713e+00;+2.5059840679168701e+00;+2.4504320621490479e+00;+2.1407680511474609e+00;+3.2520320415496826e+00;+2.2307519912719727e+00
14400;+2.4311039447784424e+00;+2.1355519294738770e+00;+2.5178880691528320e+00;+2.4586880207061768e+00;+2.1544959545135498e+00;+3.2454400062561035e+00;+2.2417280673980713e+00
14450;+2.4386560916900635e+00;+2.1471679210662842e+00;+2.5237119197845459e+00;+2.4715199470520020e+00;+2.1607680320739746e+00;+3.3021759986877441e+00;+2.2602241039276123e+00
14500;+2.4539520740509033e+00;+2.1546878814697266e+00;+2.5395200252532959e+00;+2.4816000461578369e+00;+2.1664640903472900e+00;+3.3198080062866211e+00;+2.2683520317077637e+00
14550;+2.4599359035491943e+00;+2.1586880683898926e+00;+2.5464320182800293e+00;+2.4920001029968262e+00;+2.1777279376983643e+00;+3.3166720867156982e+00;+2.2754240036010742e+00
14600;+2.4782080650329590e+00;+2.1725440025329590e+00;+2.5593600273132324e+00;+2.4999039173126221e+00;+2.1848640441894531e+00;+3.3414719104766846e+00;+2.2861440181732178e+00
14650;+2.4842240810394287e+00;+2.1785600185394287e+00;+2.5732159614562988e+00;+2.5134398937225342e+00;+2.1987199783325195e+00;+3.4043838977813721e+00;+2.3152000904083252e+00
14700;+2.4924800395965576e+00;+2.1878719329833984e+00;+2.5799360275268555e+00;+2.5227200984954834e+00;+2.2001600265502930e+00;+3.3895359039306641e+00;+2.3094079494476318e+00
14750;+2.5033280849456787e+00;+2.1970560550689697e+00;+2.5895359516143799e+00;+2.5343680381774902e+00;+2.2137279510498047e+00;+3.3899519443511963e+00;+2.3254079818725586e+00
14800;+2.5115199089050293e+00;+2.2057600021362305e+00;+2.6006400585174561e+00;+2.5411200523376465e+00;+2.2219519615173340e+00;+3.3938879966735840e+00;+2.3421440124511719e+00
14850;+2.5246400833129883e+00;+2.2146239280700684e+00;+2.6152319908142090e+00;+2.5507841110229492e+00;+2.2320320606231689e+00;+3.4421761035919189e+00;+2.3597760200500488e+00
14900;+2.5408000946044922e+00;+2.2195200920104980e+00;+2.6244480609893799e+00;+2.5615680217742920e+00;+2.2400319576263428e+00;+3.4595520496368408e+00;+2.3416960239410400e+00
14950;+2.5507519245147705e+00;+2.2311680316925049e+00;+2.6366400718688965e+00;+2.5746560096740723e+00;+2.2502720355987549e+00;+3.4865601062774658e+00;+2.3613760471343994e+00
15000;+2.5604801177978516e+00;+2.2403841018676758e+00;+2.6452159881591797e+00;+2.5810561180114746e+00;+2.2549760341644287e+00;+3.5152640342712402e+00;+2.3820478916168213e+00
15050;+2.5720961093902588e+00;+2.2515840530395508e+00;+2.6568961143493652e+00;+2.5837121009826660e+00;+2.2642560005187988e+00;+3.5152320861816406e+00;+2.4007039070129395e+00
15100;+2.5828800201416016e+00;+2.2560958862304688e+00;+2.6693120002746582e+00;+2.5934081077575684e+00;+2.2719359397888184e+00;+3.4870080947875977e+00;+2.3976960182189941e+00
15150;+2.5911359786987305e+00;+2.2692799568176270e+00;+2.6780159473419189e+00;+2.6110079288482666e+00;+2.2842240333557129e+00;+3.5568640232086182e+00;+2.4297599792480469e+00
15200;+2.5988481044769287e+00;+2.2733440399169922e+00;+2.6849598884582520e+00;+2.6168000698089600e+00;+2.2940158843994141e+00;+3.5370879173278809e+00;+2.4147839546203613e+00
15250;+2.6150400638580322e+00;+2.2809600830078125e+00;+2.7006080150604248e+00;+2.6223039627075195e+00;+2.3028159141540527e+00;+3.6066880226135254e+00;+2.4367039203643799e+00
15300;+2.6260800361633301e+00;+2.2971520423889160e+00;+2.7093760967254639e+00;+2.6378879547119141e+00;+2.3128321170806885e+00;+3.6016321182250977e+00;+2.4481599330902100e+00
15350;+2.6353280544281006e+00;+2.3020479679107666e+00;+2.7180159091949463e+00;+2.6478080749511719e+00;+2.3170239925384521e+00;+3.6211199760437012e+00;+2.4561600685119629e+00
15400;+2.6462399959564209e+00;+2.3150401115417480e+00;+2.7356479167938232e+00;+2.6625919342041016e+00;+2.3285439014434814e+00;+3.6670720577239990e+00;+2.4695999622344971e+00
15450;+2.6594240665435791e+00;+2.3194561004638672e+00;+2.7439360618591309e+00;+2.6663360595703125e+00;+2.3330559730529785e+00;+3.6776320934295654e+00;+2.4851200580596924e+00
15500;+2.6680960655212402e+00;+2.3360960483551025e+00;+2.7549440860748291e+00;+2.6760320663452148e+00;+2.3496959209442139e+00;+3.6731519699096680e+00;+2.4924480915069580e+00
15550;+2.6789119243621826e+00;+2.3345921039581299e+00;+2.7618880271911621e+00;+2.6914238929748535e+00;+2.3583679199218750e+00;+3.7267200946807861e+00;+2.5079360008239746e+00
15600;+2.6858880519866943e+00;+2.3451519012451172e+00;+2.7794880867004395e+00;+2.7027840614318848e+00;+2.3668799400329590e+00;+3.7321279048919678e+00;+2.5325119495391846e+00
15650;+2.7055039405822754e+00;+2.3552320003509521e+00;+2.7972159385681152e+00;+2.7119359970092773e+00;+2.3734080791473389e+00;+3.7722880840301514e+00;+2.5430719852447510e+00
15700;+2.7111039161682129e+00;+2.3671040534973145e+00;+2.8030080795288086e+00;+2.7239999771118164e+00;+2.3808960914611816e+00;+3.7640640735626221e+00;+2.5459840297698975e+00
15750;+2.7287039756774902e+00;+2.3712000846862793e+00;+2.8159360885620117e+00;+2.7291839122772217e+00;+2.3972160816192627e+00;+3.7876160144805908e+00;+2.5382399559020996e+00
15800;+2.7346239089965820e+00;+2.3817598819732666e+00;+2.8206720352172852e+00;+2.7435200214385986e+00;+2.4038081169128418e+00;+3.8456959724426270e+00;+2.5688960552215576e+00
15850;+2.7450239658355713e+00;+2.3976318836212158e+00;+2.8328959941864014e+00;+2.7548160552978516e+00;+2.4159998893737793e+00;+3.8373119831085205e+00;+2.5887680053710938e+00
15900;+2.7542080879211426e+00;+2.4046080112457275e+00;+2.8456959724426270e+00;+2.7619841098785400e+00;+2.4216001033782959e+00;+3.8673601150512695e+00;+2.5927040576934814e+00
15950;+2.7707839012145996e+00;+2.4096961021423340e+00;+2.8532478809356689e+00;+2.7740480899810791e+00;+2.4308159351348877e+00;+3.8742399215698242e+00;+2.6152958869934082e+00
16000;+2.7740480899810791e+00;+2.4223039150238037e+00;+2.8669760227203369e+00;+2.7818560600280762e+00;+2.4370880126953125e+00;+3.8577599525451660e+00;+2.6155519485473633e+00
16050;+2.7913279533386230e+00;+2.4344000816345215e+00;+2.8816959857940674e+00;+2.7939519882202148e+00;+2.4472639560699463e+00;+3.8907520771026611e+00;+2.6297919750213623e+00
16100;+2.8001921176910400e+00;+2.4416959285736084e+00;+2.8883199691772461e+00;+2.8025920391082764e+00;+2.4558720588684082e+00;+3.9451839923858643e+00;+2.6731839179992676e+00
16150;+2.8170239925384521e+00;+2.4496319293975830e+00;+2.9049599170684814e+00;+2.8146560192108154e+00;+2.4714879989624023e+00;+3.9498240947723389e+00;+2.6621758937835693e+00
16200;+2.8247680664062500e+00;+2.4626879692077637e+00;+2.9164800643920898e+00;+2.8235840797424316e+00;+2.4741439819335938e+00;+3.8533439636230469e+00;+2.6764481067657471e+00
16250;+2.8370239734649658e+00;+2.4657280445098877e+00;+2.9247040748596191e+00;+2.8327360153198242e+00;+2.4889600276947021e+00;+3.9876160621643066e+00;+2.7048640251159668e+00
16300;+2.8507840633392334e+00;+2.4778559207916260e+00;+2.9362559318542480e+00;+2.8473920822143555e+00;+2.4947199821472168e+00;+4.0695681571960449e+00;+2.7217919826507568e+00
16350;+2.8604478836059570e+00;+2.4880640506744385e+00;+2.9531199932098389e+00;+2.8544321060180664e+00;+2.5026240348815918e+00;+4.0447678565979004e+00;+2.7271039485931396e+00
16400;+2.8694400787353516e+00;+2.4930560588836670e+00;+2.9589440822601318e+00;+2.8660159111022949e+00;+2.5122559070587158e+00;+4.0599999427795410e+00;+2.7376959323883057e+00
16450;+2.8856959342956543e+00;+2.5063359737396240e+00;+2.9769599437713623e+00;+2.8785920143127441e+00;+2.5264000892639160e+00;+4.0613121986389160e+00;+2.7358400821685791e+00
16500;+2.8868479728698730e+00;+2.5157759189605713e+00;+2.9829759597778320e+00;+2.8871359825134277e+00;+2.5317440032958984e+00;+4.1282558441162109e+00;+2.7455360889434814e+00
16550;+2.9066560268402100e+00;+2.5256319046020508e+00;+3.0013439655303955e+00;+2.8916480541229248e+00;+2.5431680679321289e+00;+4.1196479797363281e+00;+2.7698559761047363e+00
16600;+2.9223680496215820e+00;+2.5324161052703857e+00;+3.0057599544525146e+00;+2.9047360420227051e+00;+2.5530560016632080e+00;+4.1369600296020508e+00;+2.7788479328155518e+00
16650;+2.9301118850708008e+00;+2.5452160835266113e+00;+3.0174720287322998e+00;+2.9153599739074707e+00;+2.5624001026153564e+00;+4.2317762374877930e+00;+2.7988801002502441e+00
16700;+2.9388480186462402e+00;+2.5493440628051758e+00;+3.0344638824462891e+00;+2.9270720481872559e+00;+2.5678079128265381e+00;+4.2094402313232422e+00;+2.8064320087432861e+00
16750;+2.9548161029815674e+00;+2.5583679676055908e+00;+3.0347199440002441e+00;+2.9357120990753174e+00;+2.5776638984680176e+00;+4.2143039703369141e+00;+2.8221759796142578e+00
16800;+2.9660480022430420e+00;+2.5683839321136475e+00;+3.0589759349822998e+00;+2.9482560157775879e+00;+2.5886719226837158e+00;+4.2592639923095703e+00;+2.8324480056762695e+00
16850;+2.9785280227661133e+00;+2.5808639526367188e+00;+3.0727999210357666e+00;+2.9570240974426270e+00;+2.5960319042205811e+00;+4.3039999008178711e+00;+2.8429119586944580e+00
16900;+2.9925439357757568e+00;+2.5928640365600586e+00;+3.0831360816955566e+00;+2.9702720642089844e+00;+2.6072320938110352e+00;+4.3063359260559082e+00;+2.8527040481567383e+00
16950;+2.9983680248260498e+00;+2.5963521003723145e+00;+3.0843839645385742e+00;+2.9748160839080811e+00;+2.6117119789123535e+00;+4.3463358879089355e+00;+2.8703680038452148e+00
17000;+3.0136001110076904e+00;+2.6103999614715576e+00;+3.1046400070190430e+00;+2.9884159564971924e+00;+2.6277120113372803e+00;+4.3624320030212402e+00;+2.8289599418640137e+00
17050;+3.0099198818206787e+00;+2.6195199489593506e+00;+3.1172480583190918e+00;+3.0017280578613281e+00;+2.6322240829467773e+00;+4.3734722137451172e+00;+2.9070401191711426e+00
17100;+3.0328960418701172e+00;+2.6291201114654541e+00;+3.1265280246734619e+00;+3.0085759162902832e+00;+2.6424639225006104e+00;+4.3875842094421387e+00;+2.9377279281616211e+00
17150;+3.0354559421539307e+00;+2.6375360488891602e+00;+3.1309120655059814e+00;+3.0228159427642822e+00;+2.6528959274291992e+00;+4.3962879180908203e+00;+2.9008638858795166e+00
17200;+3.0590720176696777e+00;+2.6454079151153564e+00;+3.1552000045776367e+00;+3.0295679569244385e+00;+2.6607999801635742e+00;+4.4436478614807129e+00;+2.9525439739227295e+00
17250;+3.0764160156250000e+00;+2.6569919586181641e+00;+3.1657600402832031e+00;+3.0383999347686768e+00;+2.6692159175872803e+00;+4.4468159675598145e+00;+2.9626240730285645e+00
17300;+3.0832641124725342e+00;+2.6621758937835693e+00;+3.1743679046630859e+00;+3.0457279682159424e+00;+2.6770238876342773e+00;+4.5102720260620117e+00;+2.9592959880828857e+00
17350;+3.0949120521545410e+00;+2.6696960926055908e+00;+3.1937921047210693e+00;+3.0650560855865479e+00;+2.6887359619140625e+00;+4.4879360198974609e+00;+2.9720640182495117e+00
17400;+3.1024000644683838e+00;+2.6810879707336426e+00;+3.2038400173187256e+00;+3.0722880363464355e+00;+2.7027199268341064e+00;+4.5393280982971191e+00;+3.0070719718933105e+00
17450;+3.1151680946350098e+00;+2.6893761157989502e+00;+3.2120320796966553e+00;+3.0816960334777832e+00;+2.7040960788726807e+00;+4.5678400993347168e+00;+3.0064001083374023e+00
17500;+3.1331200599670410e+00;+2.6980159282684326e+00;+3.2223041057586670e+00;+3.0916481018066406e+00;+2.7169280052185059e+00;+4.6035518646240234e+00;+3.0199038982391357e+00
17550;+3.1404800415039062e+00;+2.7096960544586182e+00;+3.2405760288238525e+00;+3.1082239151000977e+00;+2.7281920909881592e+00;+4.5953598022460938e+00;+3.0256960391998291e+00
17600;+3.1563839912414551e+00;+2.7193920612335205e+00;+3.2492160797119141e+00;+3.1143040657043457e+00;+2.7416958808898926e+00;+4.6603522300720215e+00;+3.0107839107513428e+00
17650;+3.1656639575958252e+00;+2.7270400524139404e+00;+3.2568640708923340e+00;+3.1220800876617432e+00;+2.7461440563201904e+00;+4.5835518836975098e+00;+3.0703999996185303e+00
17700;+3.1775679588317871e+00;+2.7409598827362061e+00;+3.2698879241943359e+00;+3.1321918964385986e+00;+2.7600960731506348e+00;+4.6720638275146484e+00;+3.0039680004119873e+00
17750;+3.1912639141082764e+00;+2.7447040081024170e+00;+3.2845759391784668e+00;+3.1453759670257568e+00;+2.7666559219360352e+00;+4.6961598396301270e+00;+3.0479040145874023e+00
17800;+3.2034559249877930e+00;+2.7572159767150879e+00;+3.2961599826812744e+00;+3.1551039218902588e+00;+2.7771201133728027e+00;+4.6961598396301270e+00;+3.0967040061950684e+00
17850;+3.2153279781341553e+00;+2.7619519233703613e+00;+3.3089599609375000e+00;+3.1637120246887207e+00;+2.7784318923950195e+00;+4.3969597816467285e+00;+3.1016960144042969e+00
17900;+3.2263360023498535e+00;+2.7683520317077637e+00;+3.3241279125213623e+00;+3.1753919124603271e+00;+2.7926080226898193e+00;+4.7788801193237305e+00;+3.1257600784301758e+00
17950;+3.2356801033020020e+00;+2.7839360237121582e+00;+3.3230080604553223e+00;+3.1786239147186279e+00;+2.7976639270782471e+00;+4.7839040756225586e+00;+3.1502718925476074e+00
18000;+3.2488639354705811e+00;+2.7924480438232422e+00;+3.3429439067840576e+00;+3.1937599182128906e+00;+2.8070719242095947e+00;+4.7549438476562500e+00;+3.1214718818664551e+00
18050;+3.2655999660491943e+00;+2.8019840717315674e+00;+3.3598721027374268e+00;+3.2031040191650391e+00;+2.8209280967712402e+00;+4.8260798454284668e+00;+3.1675839424133301e+00
18100;+3.2733440399169922e+00;+2.8148798942565918e+00;+3.3682880401611328e+00;+3.2184319496154785e+00;+2.8292160034179688e+00;+4.8390722274780273e+00;+3.1836481094360352e+00
18150;+3.2899200916290283e+00;+2.8250238895416260e+00;+3.3841600418090820e+00;+3.2302401065826416e+00;+2.8415679931640625e+00;+4.8964800834655762e+00;+3.2093119621276855e+00
18200;+3.3008639812469482e+00;+2.8349759578704834e+00;+3.3960320949554443e+00;+3.2367041110992432e+00;+2.8360960483551025e+00;+4.9113278388977051e+00;+3.1690239906311035e+00
18250;+3.3132801055908203e+00;+2.8412480354309082e+00;+3.4061119556427002e+00;+3.2480320930480957e+00;+2.8560640811920166e+00;+4.9762558937072754e+00;+3.2111999988555908e+00
18300;+3.3181118965148926e+00;+2.8492159843444824e+00;+3.4063680171966553e+00;+3.2488000392913818e+00;+2.8627519607543945e+00;+4.9371838569641113e+00;+3.2133440971374512e+00
18350;+3.3414719104766846e+00;+2.8429760932922363e+00;+3.4242238998413086e+00;+3.2716159820556641e+00;+2.8744959831237793e+00;+4.9806399345397949e+00;+3.2501440048217773e+00
18400;+3.3436479568481445e+00;+2.8680000305175781e+00;+3.4402239322662354e+00;+3.2742400169372559e+00;+2.8864319324493408e+00;+4.9115519523620605e+00;+3.2583360671997070e+00
18450;+3.3606081008911133e+00;+2.8766078948974609e+00;+3.4548161029815674e+00;+3.2907838821411133e+00;+2.8937280178070068e+00;+4.9606719017028809e+00;+3.2751998901367188e+00
18500;+3.3709440231323242e+00;+2.8831360340118408e+00;+3.4677119255065918e+00;+3.2976961135864258e+00;+2.9063360691070557e+00;+5.0651521682739258e+00;+3.2759358882904053e+00
18550;+3.3827838897705078e+00;+2.8972160816192627e+00;+3.4788160324096680e+00;+3.3120000362396240e+00;+2.9174079895019531e+00;+5.1078081130981445e+00;+3.3042559623718262e+00
18600;+3.3920319080352783e+00;+2.8972799777984619e+00;+3.4943358898162842e+00;+3.3218560218811035e+00;+2.9290881156921387e+00;+5.1008639335632324e+00;+3.3139519691467285e+00
18650;+3.4079680442810059e+00;+2.9093120098114014e+00;+3.5044798851013184e+00;+3.3322238922119141e+00;+2.9388480186462402e+00;+5.1231360435485840e+00;+3.3376638889312744e+00
18700;+3.4235839843750000e+00;+2.9251201152801514e+00;+3.5217280387878418e+00;+3.3474879264831543e+00;+2.9462718963623047e+00;+5.1837759017944336e+00;+3.3378560543060303e+00
18750;+3.4391679763793945e+00;+2.9404799938201904e+00;+3.5387840270996094e+00;+3.3560318946838379e+00;+2.9503359794616699e+00;+5.1987838745117188e+00;+3.3696639537811279e+00
18800;+3.4559359550476074e+00;+2.9485759735107422e+00;+3.5400640964508057e+00;+3.3653120994567871e+00;+2.9640638828277588e+00;+5.2086081504821777e+00;+3.3586559295654297e+00
18850;+3.4679999351501465e+00;+2.9588479995727539e+00;+3.5526080131530762e+00;+3.3748478889465332e+00;+2.9741759300231934e+00;+5.2441282272338867e+00;+3.4064640998840332e+00
18900;+3.4748799800872803e+00;+2.9652159214019775e+00;+3.5726718902587891e+00;+3.3813760280609131e+00;+2.9836800098419189e+00;+5.2585601806640625e+00;+3.4134399890899658e+00
18950;+3.4814720153808594e+00;+2.9735999107360840e+00;+3.5907840728759766e+00;+3.3950400352478027e+00;+2.9964799880981445e+00;+5.3043842315673828e+00;+3.4246718883514404e+00
19000;+3.4984960556030273e+00;+2.9856638908386230e+00;+3.6025600433349609e+00;+3.4029440879821777e+00;+2.9869759082794189e+00;+5.2738881111145020e+00;+3.4428160190582275e+00
19050;+3.5165760517120361e+00;+3.0011520385742188e+00;+3.6133439540863037e+00;+3.4243199825286865e+00;+3.0103681087493896e+00;+5.3592958450317383e+00;+3.4333760738372803e+00
19100;+3.5265600681304932e+00;+3.0100159645080566e+00;+3.6270079612731934e+00;+3.4281919002532959e+00;+3.0177600383758545e+00;+5.3763837814331055e+00;+3.4656000137329102e+00
19150;+3.5439040660858154e+00;+3.0147199630737305e+00;+3.6406400203704834e+00;+3.4421119689941406e+00;+3.0303039550781250e+00;+5.3315839767456055e+00;+3.4788479804992676e+00
19200;+3.5556800365447998e+00;+3.0148799419403076e+00;+3.6419839859008789e+00;+3.4579200744628906e+00;+3.0409920215606689e+00;+5.3864960670471191e+00;+3.5030400753021240e+00
19250;+3.5640320777893066e+00;+3.0372478961944580e+00;+3.6567680835723877e+00;+3.4693119525909424e+00;+3.0492479801177979e+00;+5.4250240325927734e+00;+3.5164480209350586e+00
19300;+3.5755200386047363e+00;+3.0423998832702637e+00;+3.6844799518585205e+00;+3.4779200553894043e+00;+3.0626239776611328e+00;+5.4271998405456543e+00;+3.5030400753021240e+00
19350;+3.5971200466156006e+00;+3.0513598918914795e+00;+3.6849920749664307e+00;+3.4899199008941650e+00;+3.0663359165191650e+00;+5.4280319213867188e+00;+3.5233280658721924e+00
19400;+3.6156160831451416e+00;+3.0680959224700928e+00;+3.6993279457092285e+00;+3.4851520061492920e+00;+3.0857601165771484e+00;+5.5284161567687988e+00;+3.5624320507049561e+00
19450;+3.6187200546264648e+00;+3.0686719417572021e+00;+3.7208640575408936e+00;+3.5089919567108154e+00;+3.0962879657745361e+00;+5.5301117897033691e+00;+3.5537919998168945e+00
19500;+3.6341760158538818e+00;+3.0821440219879150e+00;+3.7317440509796143e+00;+3.5204479694366455e+00;+3.1066560745239258e+00;+5.5701761245727539e+00;+3.5549759864807129e+00
19550;+3.6447360515594482e+00;+3.0943679809570312e+00;+3.7435519695281982e+00;+3.5304958820343018e+00;+3.1115200519561768e+00;+5.5934081077575684e+00;+3.5950720310211182e+00
19600;+3.6560640335083008e+00;+3.1020159721374512e+00;+3.7576000690460205e+00;+3.5377280712127686e+00;+3.1279039382934570e+00;+5.6538238525390625e+00;+3.6094079017639160e+00
19650;+3.6742720603942871e+00;+3.1165759563446045e+00;+3.7735040187835693e+00;+3.5519039630889893e+00;+3.1356160640716553e+00;+5.6277761459350586e+00;+3.6352000236511230e+00
19700;+3.6878080368041992e+00;+3.1266880035400391e+00;+3.7760319709777832e+00;+3.5660800933837891e+00;+3.1480960845947266e+00;+5.6799039840698242e+00;+3.6037120819091797e+00
19750;+3.6993598937988281e+00;+3.1336960792541504e+00;+3.7909440994262695e+00;+3.5755200386047363e+00;+3.1560640335083008e+00;+5.7475199699401855e+00;+3.5284800529479980e+00
19800;+3.7116799354553223e+00;+3.1464641094207764e+00;+3.8065600395202637e+00;+3.5836799144744873e+00;+3.1616001129150391e+00;+5.7456002235412598e+00;+3.6813440322875977e+00
19850;+3.7214720249176025e+00;+3.1520960330963135e+00;+3.8215360641479492e+00;+3.5899519920349121e+00;+3.1766719818115234e+00;+5.7512960433959961e+00;+3.6842238903045654e+00
19900;+3.7339520454406738e+00;+3.1515200138092041e+00;+3.8373439311981201e+00;+3.6046719551086426e+00;+3.1862399578094482e+00;+5.7924799919128418e+00;+3.6876800060272217e+00
19950;+3.7517759799957275e+00;+3.1796801090240479e+00;+3.8342719078063965e+00;+3.6195518970489502e+00;+3.1929919719696045e+00;+5.8906240463256836e+00;+3.7000958919525146e+00
20000;+3.7565119266510010e+00;+3.1859838962554932e+00;+3.8617920875549316e+00;+3.6283841133117676e+00;+3.2034881114959717e+00;+5.8373441696166992e+00;+3.7303359508514404e+00
20050;+3.7787840366363525e+00;+3.1980159282684326e+00;+3.8764801025390625e+00;+3.6427199840545654e+00;+3.2163839340209961e+00;+5.8338241577148438e+00;+3.7064640522003174e+00
20100;+3.7970240116119385e+00;+3.2073919773101807e+00;+3.8816959857940674e+00;+3.6515519618988037e+00;+3.2286078929901123e+00;+5.9522237777709961e+00;+3.7592639923095703e+00
20150;+3.7959039211273193e+00;+3.2176959514617920e+00;+3.9014720916748047e+00;+3.6606719493865967e+00;+3.2358078956604004e+00;+5.9557437896728516e+00;+3.7597761154174805e+00
20200;+3.8183040618896484e+00;+3.2269439697265625e+00;+3.9225919246673584e+00;+3.6737279891967773e+00;+3.2474880218505859e+00;+5.9579839706420898e+00;+3.7912321090698242e+00
20250;+3.8258240222930908e+00;+3.2372479438781738e+00;+3.9288959503173828e+00;+3.6882560253143311e+00;+3.2548160552978516e+00;+6.0054402351379395e+00;+3.8101119995117188e+00
20300;+3.8416960239410400e+00;+3.2483839988708496e+00;+3.9369280338287354e+00;+3.6953279972076416e+00;+3.2693440914154053e+00;+5.9705920219421387e+00;+3.8175039291381836e+00
20350;+3.8584640026092529e+00;+3.2504959106445312e+00;+3.9384639263153076e+00;+3.7077438831329346e+00;+3.2827520370483398e+00;+6.0063362121582031e+00;+3.8219840526580811e+00
20400;+3.8616960048675537e+00;+3.2672960758209229e+00;+3.9643840789794922e+00;+3.7103359699249268e+00;+3.2939200401306152e+00;+6.0669760704040527e+00;+3.8599359989166260e+00
20450;+3.8812160491943359e+00;+3.2747199535369873e+00;+3.9750399589538574e+00;+3.7389121055603027e+00;+3.2933440208435059e+00;+6.0473918914794922e+00;+3.8536961078643799e+00
20500;+3.8847680091857910e+00;+3.2884159088134766e+00;+3.9850881099700928e+00;+3.7446720600128174e+00;+3.3106238842010498e+00;+6.0423359870910645e+00;+3.8657920360565186e+00
20550;+3.9060800075531006e+00;+3.2918078899383545e+00;+4.0042881965637207e+00;+3.7529280185699463e+00;+3.3238399028778076e+00;+6.0478720664978027e+00;+3.8923199176788330e+00
20600;+3.9240000247955322e+00;+3.3112959861755371e+00;+4.0309758186340332e+00;+3.7729279994964600e+00;+3.3278400897979736e+00;+6.1522560119628906e+00;+3.8930559158325195e+00
20650;+3.9428799152374268e+00;+3.3216960430145264e+00;+4.0443520545959473e+00;+3.7824320793151855e+00;+3.3327360153198242e+00;+6.1219840049743652e+00;+3.9159679412841797e+00
20700;+3.9495680332183838e+00;+3.3283200263977051e+00;+4.0417599678039551e+00;+3.7889599800109863e+00;+3.3515839576721191e+00;+6.1853761672973633e+00;+3.9447040557861328e+00
20750;+3.9612479209899902e+00;+3.3424959182739258e+00;+4.0627841949462891e+00;+3.8008320331573486e+00;+3.3660159111022949e+00;+6.2686080932617188e+00;+3.9528319835662842e+00
20800;+3.9823679924011230e+00;+3.3479681015014648e+00;+4.0731520652770996e+00;+3.8122560977935791e+00;+3.3710720539093018e+00;+6.2619519233703613e+00;+3.9607999324798584e+00
20850;+3.9892160892486572e+00;+3.3649280071258545e+00;+4.0918397903442383e+00;+3.8213438987731934e+00;+3.3893120288848877e+00;+6.2825918197631836e+00;+3.9910399913787842e+00
20900;+4.0085759162902832e+00;+3.3594241142272949e+00;+4.0995841026306152e+00;+3.8394238948822021e+00;+3.3938879966735840e+00;+6.3310399055480957e+00;+3.9919040203094482e+00
20950;+4.0125761032104492e+00;+3.3809599876403809e+00;+4.1214718818664551e+00;+3.8538880348205566e+00;+3.4025919437408447e+00;+6.3117761611938477e+00;+3.9803519248962402e+00
21000;+4.0330557823181152e+00;+3.3974719047546387e+00;+4.1328001022338867e+00;+3.8641920089721680e+00;+3.4191999435424805e+00;+6.3715839385986328e+00;+4.0340800285339355e+00
21050;+4.0506558418273926e+00;+3.4088959693908691e+00;+4.1405439376831055e+00;+3.8735039234161377e+00;+3.4270079135894775e+00;+6.3765759468078613e+00;+4.0416960716247559e+00
21100;+4.0592641830444336e+00;+3.4139521121978760e+00;+4.1652159690856934e+00;+3.8833599090576172e+00;+3.4367680549621582e+00;+6.4053440093994141e+00;+4.0519361495971680e+00
21150;+4.0801920890808105e+00;+3.4272000789642334e+00;+4.1782717704772949e+00;+3.8955199718475342e+00;+3.4425280094146729e+00;+6.4524159431457520e+00;+4.0618882179260254e+00
21200;+4.0937280654907227e+00;+3.4349439144134521e+00;+4.1880640983581543e+00;+3.9034879207611084e+00;+3.4496960639953613e+00;+6.5049600601196289e+00;+4.0930562019348145e+00
21250;+4.1069760322570801e+00;+3.4499199390411377e+00;+4.2035517692565918e+00;+3.9181759357452393e+00;+3.4659519195556641e+00;+6.5460481643676758e+00;+4.1327362060546875e+00
21300;+4.1181120872497559e+00;+3.4581439495086670e+00;+4.2204799652099609e+00;+3.9258239269256592e+00;+3.4829120635986328e+00;+6.5796799659729004e+00;+4.1346879005432129e+00
21350;+4.1452479362487793e+00;+3.4719998836517334e+00;+4.2358717918395996e+00;+3.9437439441680908e+00;+3.5004799365997314e+00;+6.5284800529479980e+00;+4.1562237739562988e+00
21400;+4.1439681053161621e+00;+3.4865920543670654e+00;+4.2521600723266602e+00;+3.9600319862365723e+00;+3.4971199035644531e+00;+6.6511678695678711e+00;+4.1633601188659668e+00
21450;+4.1638078689575195e+00;+3.4905920028686523e+00;+4.2578878402709961e+00;+3.9604799747467041e+00;+3.5110399723052979e+00;+6.6993918418884277e+00;+4.1678719520568848e+00
21500;+4.1761918067932129e+00;+3.5002560615539551e+00;+4.2819838523864746e+00;+3.9738559722900391e+00;+3.5220799446105957e+00;+6.6984319686889648e+00;+4.2006402015686035e+00
21550;+4.1928000450134277e+00;+3.5122239589691162e+00;+4.2809600830078125e+00;+3.9907839298248291e+00;+3.5308480262756348e+00;+6.6875839233398438e+00;+4.1994562149047852e+00
21600;+4.2046399116516113e+00;+3.5209279060363770e+00;+4.2997760772705078e+00;+3.9949119091033936e+00;+3.5495040416717529e+00;+6.7504000663757324e+00;+4.2258877754211426e+00
21650;+4.2246718406677246e+00;+3.5233919620513916e+00;+4.3167037963867188e+00;+4.0115838050842285e+00;+3.5473599433898926e+00;+6.7923521995544434e+00;+4.2269120216369629e+00
21700;+4.2391037940979004e+00;+3.5405120849609375e+00;+4.3315839767456055e+00;+4.0238399505615234e+00;+3.5680639743804932e+00;+6.7677440643310547e+00;+4.2609281539916992e+00
21750;+4.2440958023071289e+00;+3.5560638904571533e+00;+4.3137598037719727e+00;+4.0348157882690430e+00;+3.5746879577636719e+00;+6.8254718780517578e+00;+4.2710719108581543e+00
21800;+4.2584638595581055e+00;+3.5584640502929688e+00;+4.3670721054077148e+00;+4.0433602333068848e+00;+3.5907840728759766e+00;+6.6951041221618652e+00;+4.2695360183715820e+00
21850;+4.2750401496887207e+00;+3.5686080455780029e+00;+4.3766078948974609e+00;+4.0523519515991211e+00;+3.5961599349975586e+00;+6.8677759170532227e+00;+4.3006401062011719e+00
21900;+4.2879681587219238e+00;+3.5893440246582031e+00;+4.3908481597900391e+00;+4.0660481452941895e+00;+3.6086399555206299e+00;+6.9825282096862793e+00;+4.3188481330871582e+00
21950;+4.3099842071533203e+00;+3.5988481044769287e+00;+4.4091839790344238e+00;+4.0730562210083008e+00;+3.6097919940948486e+00;+6.9688959121704102e+00;+4.3399038314819336e+00
22000;+4.3030719757080078e+00;+3.6005759239196777e+00;+4.4174718856811523e+00;+4.0935359001159668e+00;+3.6268479824066162e+00;+7.0510082244873047e+00;+4.3507518768310547e+00
22050;+4.3420801162719727e+00;+3.6195199489593506e+00;+4.4337601661682129e+00;+4.1100478172302246e+00;+3.6360640525817871e+00;+7.0189437866210938e+00;+4.3848958015441895e+00
22100;+4.3433279991149902e+00;+3.6258881092071533e+00;+4.4531202316284180e+00;+4.1182398796081543e+00;+3.6445119380950928e+00;+7.0298562049865723e+00;+4.3694400787353516e+00
22150;+4.3591361045837402e+00;+3.6375360488891602e+00;+4.4541120529174805e+00;+4.1244158744812012e+00;+3.6573760509490967e+00;+7.1005120277404785e+00;+4.3924160003662109e+00
22200;+4.3702402114868164e+00;+3.6454079151153564e+00;+4.4746241569519043e+00;+4.1385917663574219e+00;+3.6637759208679199e+00;+7.1441278457641602e+00;+4.4332480430603027e+00
22250;+4.3877439498901367e+00;+3.6558721065521240e+00;+4.4902400970458984e+00;+4.1502718925476074e+00;+3.6887359619140625e+00;+7.1494722366333008e+00;+4.4344320297241211e+00
22300;+4.3951997756958008e+00;+3.6725120544433594e+00;+4.4954237937927246e+00;+4.1636481285095215e+00;+3.6824638843536377e+00;+7.1576638221740723e+00;+4.4756159782409668e+00
22350;+4.4314241409301758e+00;+3.6841599941253662e+00;+4.5081281661987305e+00;+4.1716799736022949e+00;+3.7063679695129395e+00;+7.1972479820251465e+00;+4.4909758567810059e+00
22400;+4.4339518547058105e+00;+3.6837759017944336e+00;+4.5289602279663086e+00;+4.1862077713012695e+00;+3.7109119892120361e+00;+7.2213759422302246e+00;+4.4975681304931641e+00
22450;+4.4488320350646973e+00;+3.6912000179290771e+00;+4.5417280197143555e+00;+4.2001600265502930e+00;+3.7202880382537842e+00;+7.2362880706787109e+00;+4.5204482078552246e+00
22500;+4.4552321434020996e+00;+3.7160000801086426e+00;+4.5707521438598633e+00;+4.2127361297607422e+00;+3.7328000068664551e+00;+7.2995200157165527e+00;+4.5366082191467285e+00
22550;+4.4823360443115234e+00;+3.7209279537200928e+00;+4.5828480720520020e+00;+4.2260160446166992e+00;+3.7484800815582275e+00;+7.3183999061584473e+00;+4.5841279029846191e+00
22600;+4.5019202232360840e+00;+3.7435839176177979e+00;+4.5923519134521484e+00;+4.2343997955322266e+00;+3.7566399574279785e+00;+7.3274559974670410e+00;+4.5377922058105469e+00
22650;+4.5112318992614746e+00;+3.7512640953063965e+00;+4.6078400611877441e+00;+4.2481598854064941e+00;+3.7656960487365723e+00;+7.3966717720031738e+00;+4.5627841949462891e+00
22700;+4.5224962234497070e+00;+3.7554559707641602e+00;+4.6171522140502930e+00;+4.2563838958740234e+00;+3.7832639217376709e+00;+7.4281921386718750e+00;+4.5805759429931641e+00
22750;+4.5397119522094727e+00;+3.7669761180877686e+00;+4.6271362304687500e+00;+4.2628798484802246e+00;+3.7865281105041504e+00;+7.4854397773742676e+00;+4.5913920402526855e+00
22800;+4.5532798767089844e+00;+3.7729918956756592e+00;+4.6571841239929199e+00;+4.2851200103759766e+00;+3.7999999523162842e+00;+7.4824957847595215e+00;+4.6300158500671387e+00
22850;+4.5648322105407715e+00;+3.7945599555969238e+00;+4.6600317955017090e+00;+4.2965760231018066e+00;+3.8108799457550049e+00;+7.1892800331115723e+00;+4.6255998611450195e+00
22900;+4.5767679214477539e+00;+3.7996480464935303e+00;+4.6743679046630859e+00;+4.3014078140258789e+00;+3.8212161064147949e+00;+7.4660801887512207e+00;+4.6700801849365234e+00
22950;+4.5984640121459961e+00;+3.8058559894561768e+00;+4.6903038024902344e+00;+4.3143038749694824e+00;+3.8329598903656006e+00;+7.5772480964660645e+00;+4.5959677696228027e+00
23000;+4.6017279624938965e+00;+3.8194561004638672e+00;+4.6997761726379395e+00;+4.3201918601989746e+00;+3.8454399108886719e+00;+7.5749440193176270e+00;+4.6783680915832520e+00
23050;+4.6251521110534668e+00;+3.8301119804382324e+00;+4.7175359725952148e+00;+4.3469438552856445e+00;+3.8617920875549316e+00;+7.5319042205810547e+00;+4.6743679046630859e+00
23100;+4.6385278701782227e+00;+3.8392961025238037e+00;+4.7386560440063477e+00;+4.3449602127075195e+00;+3.8684480190277100e+00;+7.6680002212524414e+00;+4.7255997657775879e+00
23150;+4.6450557708740234e+00;+3.8571519851684570e+00;+4.7503042221069336e+00;+4.3717122077941895e+00;+3.8752961158752441e+00;+7.7054080963134766e+00;+4.7126398086547852e+00
23200;+4.6663999557495117e+00;+3.8651840686798096e+00;+4.7650241851806641e+00;+4.3727359771728516e+00;+3.8890879154205322e+00;+7.7889599800109863e+00;+4.7544322013854980e+00
23250;+4.6839680671691895e+00;+3.8703360557556152e+00;+4.7792959213256836e+00;+4.3947200775146484e+00;+3.9048960208892822e+00;+7.8237438201904297e+00;+4.7421441078186035e+00
23300;+4.6907520294189453e+00;+3.8935680389404297e+00;+4.8014721870422363e+00;+4.4038720130920410e+00;+3.9175360202789307e+00;+7.8706240653991699e+00;+4.7846717834472656e+00
23350;+4.7141761779785156e+00;+3.9032959938049316e+00;+4.8071360588073730e+00;+4.4130878448486328e+00;+3.9243519306182861e+00;+7.8873600959777832e+00;+4.7846078872680664e+00
23400;+4.7217922210693359e+00;+3.9151680469512939e+00;+4.8225917816162109e+00;+4.4293761253356934e+00;+3.9336960315704346e+00;+7.9554557800292969e+00;+4.8224959373474121e+00
23450;+4.7385277748107910e+00;+3.9247360229492188e+00;+4.8432321548461914e+00;+4.4465279579162598e+00;+3.9509119987487793e+00;+7.9563841819763184e+00;+4.8446078300476074e+00
23500;+4.7572159767150879e+00;+3.9410240650177002e+00;+4.8562879562377930e+00;+4.4532480239868164e+00;+3.9582400321960449e+00;+7.9834241867065430e+00;+4.8159999847412109e+00
23550;+4.7600002288818359e+00;+3.9480960369110107e+00;+4.8720321655273438e+00;+4.4585280418395996e+00;+3.9660480022430420e+00;+8.0709762573242188e+00;+4.8921279907226562e+00
23600;+4.7763519287109375e+00;+3.9544959068298340e+00;+4.8893442153930664e+00;+4.4735360145568848e+00;+3.9857919216156006e+00;+8.1152639389038086e+00;+4.8920640945434570e+00
23650;+4.7837119102478027e+00;+3.9699199199676514e+00;+4.8948159217834473e+00;+4.4968957901000977e+00;+3.9922881126403809e+00;+8.1434879302978516e+00;+4.8825278282165527e+00
23700;+4.8106560707092285e+00;+3.9870400428771973e+00;+4.8984642028808594e+00;+4.5013117790222168e+00;+4.0042238235473633e+00;+8.1879997253417969e+00;+4.9176321029663086e+00
23750;+4.8270077705383301e+00;+3.9942080974578857e+00;+4.9367041587829590e+00;+4.5121598243713379e+00;+4.0140161514282227e+00;+8.2238721847534180e+00;+4.9559998512268066e+00
23800;+4.8538241386413574e+00;+4.0007681846618652e+00;+4.9454717636108398e+00;+4.5219202041625977e+00;+4.0233278274536133e+00;+8.2677755355834961e+00;+4.9872322082519531e+00
23850;+4.8590078353881836e+00;+4.0204157829284668e+00;+4.9716157913208008e+00;+4.5400958061218262e+00;+4.0380158424377441e+00;+8.2948160171508789e+00;+5.0150399208068848e+00
23900;+4.8722882270812988e+00;+4.0162239074707031e+00;+4.9787521362304688e+00;+4.5458240509033203e+00;+4.0423679351806641e+00;+8.2881278991699219e+00;+5.0204482078552246e+00
23950;+4.8929920196533203e+00;+4.0353598594665527e+00;+4.9941759109497070e+00;+4.5606398582458496e+00;+4.0541439056396484e+00;+8.3742399215698242e+00;+5.0059518814086914e+00
24000;+4.9148797988891602e+00;+4.0497918128967285e+00;+5.0176639556884766e+00;+4.5725440979003906e+00;+4.0700159072875977e+00;+8.3025598526000977e+00;+5.0431361198425293e+00
