Vector Size;DOT fp64;DOT fp32;DOT Acc<fp64, fp64>;DOT Acc<fp64, fp32>;CUBLAS DOT fp64;CUBLAS DOT fp32;Error DOT fp64;Error DOT fp32;Error DOT Acc<fp64, fp64>;Error DOT Acc<fp64, fp32>;Error CUBLAS DOT fp64;Error CUBLAS DOT fp32
1000000;3.3792000263929367e-02;3.2767999917268753e-02;3.2767999917268753e-02;3.1743999570608139e-02;1.6383999958634377e-02;1.5359999611973763e-02;0.0000000000000000e+00;2.9315493751862929e-06;8.4011900140749773e-15;1.9770176497716754e-07;1.0612029491463129e-14;4.3898502151323376e-07
3000000;4.8128001391887665e-02;3.9935998618602753e-02;4.5056000351905823e-02;3.5840000957250595e-02;4.5056000351905823e-02;1.9455999135971069e-02;0.0000000000000000e+00;1.8879343409185053e-07;6.6312534987538891e-16;9.0630550444982229e-08;6.6312534987538891e-16;6.4190289240996072e-07
5000000;6.5535999834537506e-02;5.4271999746561050e-02;6.3487999141216278e-02;5.1199998706579208e-02;6.6560000181198120e-02;4.0959998965263367e-02;0.0000000000000000e+00;8.0110530879887235e-08;3.5983462198355547e-16;5.5421957812506297e-08;2.1590077319013330e-15;1.1307421079359945e-07
7000000;8.6015999317169189e-02;6.3487999141216278e-02;8.4991998970508575e-02;5.9392001479864120e-02;9.0112000703811646e-02;5.2223999053239822e-02;0.0000000000000000e+00;5.6093349511195982e-07;9.7068249955034334e-16;7.3388895193759130e-08;1.8200296866568940e-15;1.0494369616543145e-07
9000000;1.0854399949312210e-01;7.3728002607822418e-02;1.0649599879980087e-01;7.0656001567840576e-02;1.1161600053310394e-01;6.3487999141216278e-02;0.0000000000000000e+00;6.2520652747821595e-08;1.2352771767581127e-15;6.1228667701710054e-08;2.2459585031965689e-16;6.2520652747821595e-08
11000000;1.3004800677299500e-01;7.5776003301143646e-02;1.3107199966907501e-01;7.9871997237205505e-02;1.3414399325847626e-01;7.4752002954483032e-02;0.0000000000000000e+00;4.0772771235091083e-06;9.4768629543646595e-15;5.9784356298394774e-07;7.2204670128492639e-15;3.6233752618207087e-07
13000000;1.4847999811172485e-01;8.1919997930526733e-02;1.5257599949836731e-01;8.9088000357151031e-02;1.5462400019168854e-01;8.6015999317169189e-02;0.0000000000000000e+00;4.4292097869104050e-06;3.9223199619720682e-16;5.9003404968409549e-07;4.7067839543664820e-15;1.5513111435527472e-06
15000000;1.6896000504493713e-01;9.1136001050472260e-02;1.7407999932765961e-01;9.9327996373176575e-02;1.7817600071430206e-01;9.7280003130435944e-02;0.0000000000000000e+00;2.9825965402865713e-06;2.7514287756465335e-15;3.3779183983293621e-07;6.3121013088361658e-15;1.5357815747951164e-06
17000000;1.9046400487422943e-01;1.0239999741315842e-01;1.9660800695419312e-01;1.1059200018644333e-01;1.9968000054359436e-01;1.0854399949312210e-01;0.0000000000000000e+00;3.0639948489289836e-06;0.0000000000000000e+00;2.0774237676065250e-07;3.9442757218110261e-16;8.4054959978343281e-07
19000000;2.1196800470352173e-01;1.1264000087976456e-01;2.1811200678348541e-01;1.2083200365304947e-01;2.2015999257564545e-01;1.2083200365304947e-01;0.0000000000000000e+00;4.4503141731134995e-07;1.3488409393171980e-15;1.0253999656876238e-07;3.8538312551919940e-16;1.7567155288935921e-07
21000000;2.3347200453281403e-01;1.2595200538635254e-01;2.3961600661277771e-01;1.3107199966907501e-01;2.4473600089550018e-01;1.3107199966907501e-01;0.0000000000000000e+00;4.2956688369676943e-07;6.6818544804749693e-16;8.9655333016105095e-08;2.0045563441424907e-15;7.3630344165799249e-07
23000000;2.5497600436210632e-01;1.3619199395179749e-01;2.6111999154090881e-01;1.4233599603176117e-01;2.6624000072479248e-01;1.4336000382900238e-01;0.0000000000000000e+00;1.4431874578593525e-06;7.2118299794556105e-15;3.5622325416653747e-07;1.0956434007249870e-14;2.1133104510196118e-06
25000000;2.7647998929023743e-01;1.4745600521564484e-01;2.8262400627136230e-01;1.5360000729560852e-01;2.8876799345016479e-01;1.5462400019168854e-01;0.0000000000000000e+00;2.8913166126375408e-06;4.3339357274581138e-15;1.9611344391726060e-07;3.4671485819664908e-15;8.4376426927369822e-07
27000000;2.9593598842620850e-01;1.5667200088500977e-01;3.0515199899673462e-01;1.6383999586105347e-01;3.1129598617553711e-01;1.6691200435161591e-01;0.0000000000000000e+00;7.5042539619865522e-07;3.2966119905872381e-15;3.1296070833866028e-07;5.8765692006120331e-15;1.7889319009574880e-06
29000000;3.1744000315666199e-01;1.6588799655437469e-01;3.2665601372718811e-01;1.7510400712490082e-01;3.3382400870323181e-01;1.7715199291706085e-01;0.0000000000000000e+00;6.7535141720043495e-06;1.2368420236120463e-14;4.8945803013842651e-07;2.8386538246833849e-15;2.7169992630510049e-06
31000000;3.3894398808479309e-01;1.7817600071430206e-01;3.4918400645256042e-01;1.8636800348758698e-01;3.5532799363136292e-01;1.8943999707698822e-01;0.0000000000000000e+00;2.5740905209671447e-06;1.5286052471207645e-14;9.6141257638247805e-07;9.0509521211097889e-15;4.1207975017699645e-06
33000000;3.6044800281524658e-01;1.8943999707698822e-01;3.7068799138069153e-01;1.9763199985027313e-01;3.7785598635673523e-01;2.0275199413299561e-01;0.0000000000000000e+00;3.0016269918701985e-07;3.0355749757895818e-16;9.8377170473252967e-08;1.0624512415263537e-15;3.0016269918701985e-07
35000000;3.8195198774337769e-01;2.0070399343967438e-01;3.9219200611114502e-01;2.0889599621295929e-01;3.9936000108718872e-01;2.1401600539684296e-01;0.0000000000000000e+00;8.3498993071401145e-07;1.6577188733907575e-15;9.4012532302537199e-08;9.6700267614460862e-16;9.3339061216587697e-08
37000000;4.0345600247383118e-01;2.1401600539684296e-01;4.1369599103927612e-01;2.2015999257564545e-01;4.2188799381256104e-01;2.2528000175952911e-01;0.0000000000000000e+00;7.5424275578402015e-07;4.4874969176451786e-16;1.1808246739404708e-07;1.9445819976462439e-15;3.5270832865512753e-07
39000000;4.2393600940704346e-01;2.2425599396228790e-01;4.3622401356697083e-01;2.3142400383949280e-01;4.4339200854301453e-01;2.3654399812221527e-01;0.0000000000000000e+00;1.3217244401904697e-06;9.3920969190341564e-16;1.6702187698526700e-07;9.3920969190341564e-16;5.9436614244494839e-07
41000000;4.4441598653793335e-01;2.3449599742889404e-01;4.5772799849510193e-01;2.4268800020217896e-01;4.6489599347114563e-01;2.4883200228214264e-01;0.0000000000000000e+00;1.1889251204545943e-07;7.0954409702059467e-16;1.2588080461966550e-07;2.1286322910617843e-15;4.2705794751126807e-08
43000000;4.6592000126838684e-01;2.4371199309825897e-01;4.7820800542831421e-01;2.5395199656486511e-01;4.8742398619651794e-01;2.6009601354598999e-01;0.0000000000000000e+00;1.1757296260311136e-06;8.2704336278769423e-16;9.6025963473961720e-08;1.4177886219217616e-15;1.6083699873196780e-07
45000000;4.8742398619651794e-01;2.5497600436210632e-01;5.0176000595092773e-01;2.6521599292755127e-01;5.1097601652145386e-01;2.7238398790359497e-01;0.0000000000000000e+00;1.1221494153560569e-06;1.0440755764939357e-15;1.2282941580042463e-07;2.5356121143424156e-15;5.6161560840683175e-07
47000000;5.0892800092697144e-01;2.6726400852203369e-01;5.2326399087905884e-01;2.7647998929023743e-01;5.3248000144958496e-01;2.8262400627136230e-01;0.0000000000000000e+00;3.4095575779950611e-07;2.0753725036176013e-15;8.8490777874601335e-08;3.2283572278496022e-15;1.5525456967335529e-07
49000000;5.2940797805786133e-01;2.7647998929023743e-01;5.4681599140167236e-01;2.8774398565292358e-01;5.5603200197219849e-01;2.9491201043128967e-01;0.0000000000000000e+00;1.3240557395541699e-07;1.2837003687767758e-15;1.1307270846751667e-07;5.6161891133983935e-15;2.9833279336953545e-07
51000000;5.5091202259063721e-01;2.8876799345016479e-01;5.6729602813720703e-01;3.0003198981285095e-01;5.7651197910308838e-01;3.0720001459121704e-01;0.0000000000000000e+00;1.2508104603111387e-06;0.0000000000000000e+00;1.2910573453759538e-07;3.7738365381324637e-15;1.5862471462179934e-07
53000000;5.7344001531600952e-01;3.0105599761009216e-01;5.8880001306533813e-01;3.1129598617553711e-01;5.9903997182846069e-01;3.2051199674606323e-01;0.0000000000000000e+00;1.2906717386903144e-06;2.3486436244708321e-15;1.6002256648519642e-07;7.0459308734124959e-15;1.9950460496644316e-07
55000000;5.9187197685241699e-01;3.1027200818061829e-01;6.0927999019622803e-01;3.2256001234054565e-01;6.2054401636123657e-01;3.3177599310874939e-01;0.0000000000000000e+00;9.0857183627107974e-07;1.0223194006096855e-15;9.4241729826223585e-08;1.5902746231706218e-15;6.6463692562191749e-07
57000000;6.1440002918243408e-01;3.2153600454330444e-01;6.3283199071884155e-01;3.3280000090599060e-01;6.4102399349212646e-01;3.4406399726867676e-01;0.0000000000000000e+00;1.3806221927894423e-06;5.8673164333239111e-16;9.2582056426406569e-08;1.9557721444413039e-16;1.2062558296896419e-07
59000000;6.3590401411056519e-01;3.3177599310874939e-01;6.5535998344421387e-01;3.4508800506591797e-01;6.6662400960922241e-01;3.5430398583412170e-01;0.0000000000000000e+00;1.4588838828026504e-06;9.4198602849383110e-16;1.1954662346261495e-07;9.4198602849383110e-16;4.4743408638516820e-07
61000000;6.5535998344421387e-01;3.4303998947143555e-01;6.7584002017974854e-01;3.5635200142860413e-01;6.8915200233459473e-01;3.6659198999404907e-01;0.0000000000000000e+00;5.2371516927575013e-07;2.2888335201694678e-15;1.7602242097417339e-07;2.5940113228587300e-15;3.5987408402380983e-07
63000000;6.7788797616958618e-01;3.5532799363136292e-01;6.9939202070236206e-01;3.6761599779129028e-01;7.0963197946548462e-01;3.7887999415397644e-01;0.0000000000000000e+00;1.7869392479077864e-07;1.5255104412662388e-15;2.1339004216424512e-07;4.3858425186404367e-15;7.9294556119187473e-07
65000000;7.0041602849960327e-01;3.6454400420188904e-01;7.2192001342773438e-01;3.7990400195121765e-01;7.3215997219085693e-01;3.9014399051666260e-01;0.0000000000000000e+00;7.9693824257151231e-08;0.0000000000000000e+00;1.7923731818770927e-07;3.1282478157250652e-15;1.6022978399860929e-07
67000000;7.2089600563049316e-01;3.7785598635673523e-01;7.4239999055862427e-01;3.9116799831390381e-01;7.5673598051071167e-01;4.0243199467658997e-01;0.0000000000000000e+00;3.9109025033145114e-06;1.4671814409588553e-15;4.4067488572322810e-07;8.1510080053269738e-16;1.7228829525449143e-06
69000000;7.4137598276138306e-01;3.8707199692726135e-01;7.6492798328399658e-01;4.0345600247383118e-01;7.7721601724624634e-01;4.1369599103927612e-01;0.0000000000000000e+00;3.8262819189400041e-06;3.0413174999245639e-15;7.6940214639288379e-07;1.2165269999698256e-14;2.2595899805607672e-06
71000000;7.6288002729415894e-01;3.9833599328994751e-01;7.8540802001953125e-01;4.1471999883651733e-01;8.0076801776885986e-01;4.2700800299644470e-01;0.0000000000000000e+00;7.1973684834772027e-07;5.1864484512393823e-16;2.6439139674561662e-07;4.6678036061154446e-15;8.1255195868298274e-07
73000000;7.8438401222229004e-01;4.0959998965263367e-01;8.0793601274490356e-01;4.2598399519920349e-01;8.2227200269699097e-01;4.4031998515129089e-01;0.0000000000000000e+00;2.6555752041468919e-06;4.3240405164448964e-15;3.2135066248765716e-07;7.8618918480816300e-15;5.4516468088441672e-07
75000000;8.0486398935317993e-01;4.1984000802040100e-01;8.3148801326751709e-01;4.3724799156188965e-01;8.4377598762512207e-01;4.5158401131629944e-01;0.0000000000000000e+00;3.0991328197435974e-06;1.5010493477038432e-16;2.4523899601762702e-07;1.5010493477038432e-15;1.1741481038615808e-07
77000000;8.2636797428131104e-01;4.3110400438308716e-01;8.5299199819564819e-01;4.4851198792457581e-01;8.6527997255325317e-01;4.6387198567390442e-01;0.0000000000000000e+00;2.8814976962424878e-07;8.6262730435779896e-16;3.3811533783217158e-07;8.8419298696674396e-15;5.6590015820912199e-08
79000000;8.4889602661132812e-01;4.4339200854301453e-01;8.7449598312377930e-01;4.6079999208450317e-01;8.8883197307586670e-01;4.7513601183891296e-01;0.0000000000000000e+00;5.0237938212732124e-07;2.1708058409402538e-15;3.8142434536332390e-07;2.4421565710577852e-15;5.7521953910235383e-07
81000000;8.6937600374221802e-01;4.5363199710845947e-01;8.9702397584915161e-01;4.7206398844718933e-01;9.0726399421691895e-01;4.8640000820159912e-01;0.0000000000000000e+00;1.9160621799087631e-05;5.2193013075741486e-14;1.0240969757234513e-05;1.6909591566620320e-13;1.3074632181711794e-05
83000000;8.8985598087310791e-01;4.6387198567390442e-01;9.1955202817916870e-01;4.8435199260711670e-01;9.3286401033401489e-01;4.9868801236152649e-01;0.0000000000000000e+00;2.2000530698376431e-05;2.7999132183396900e-14;1.6597878534257931e-06;6.7974771774720793e-15;4.6746099176132539e-06
85000000;9.1136002540588379e-01;4.7513601183891296e-01;9.4003200531005859e-01;4.9459201097488403e-01;9.5436799526214600e-01;5.1302397251129150e-01;0.0000000000000000e+00;4.9102330564395547e-06;1.0604965569595508e-15;1.3822906128370972e-06;3.4466138101185401e-14;2.1391472693005174e-07
87000000;9.3286401033401489e-01;4.8537600040435791e-01;9.6358400583267212e-01;5.0585597753524780e-01;9.7894400358200073e-01;5.2531200647354126e-01;0.0000000000000000e+00;3.3728651746972822e-06;1.9730855732398272e-15;7.7832098686652447e-07;2.6354785871131978e-14;1.3939499555196074e-06
89000000;9.5539200305938721e-01;4.9766400456428528e-01;9.8201602697372437e-01;5.1814401149749756e-01;9.9942398071289062e-01;5.3657597303390503e-01;0.0000000000000000e+00;1.7866167396648334e-06;1.3137422027658942e-14;9.0081836507803306e-07;2.5277065167141257e-14;3.5814084187887983e-07
91000000;9.7587198019027710e-01;5.0892800092697144e-01;1.0076160430908203e+00;5.2940797805786133e-01;1.0219520330429077e+00;5.4681599140167236e-01;0.0000000000000000e+00;2.5343253056742901e-06;3.4180472909615032e-15;5.2516682604703554e-07;4.9371794202777268e-15;5.9732790785234543e-07
93000000;9.9635201692581177e-01;5.1916801929473877e-01;1.0291199684143066e+00;5.4169601202011108e-01;1.0465279817581177e+00;5.6115198135375977e-01;0.0000000000000000e+00;1.1817269603012121e-05;7.2560263389097544e-15;5.2821580372588714e-07;6.8638086989686867e-15;7.1165979941797610e-07
95000000;1.0178560018539429e+00;5.3145599365234375e-01;1.0506240129470825e+00;5.5398398637771606e-01;1.0690560340881348e+00;5.7241600751876831e-01;0.0000000000000000e+00;4.1304758221171653e-06;4.5972636529770122e-15;4.8869591224038930e-07;1.2320666589978393e-14;9.0452392324240436e-07
97000000;1.0393600463867188e+00;5.4169601202011108e-01;1.0731519460678101e+00;5.6524801254272461e-01;1.0885119438171387e+00;5.8572798967361450e-01;0.0000000000000000e+00;2.3847647835420247e-06;1.7360349570219324e-15;2.4161884369193947e-07;7.7157109200974773e-16;1.2397833800589307e-06
99000000;1.0608639717102051e+00;5.5193597078323364e-01;1.0946559906005859e+00;5.7753598690032959e-01;1.1100159883499146e+00;5.9391999244689941e-01;0.0000000000000000e+00;2.2005872558305921e-07;1.0631598628490352e-15;2.1754645738675638e-07;8.5052789027922815e-15;2.9798857193207069e-08
101000000;1.0813440084457397e+00;5.6319999694824219e-01;1.1161600351333618e+00;5.8982402086257935e-01;1.1325440406799316e+00;6.0723197460174561e-01;0.0000000000000000e+00;8.5020334090784004e-07;2.3963832231627488e-16;3.1406423762236827e-07;1.3419746049711393e-14;5.9289365160366314e-07
103000000;1.1028480529785156e+00;5.7446402311325073e-01;1.1376639604568481e+00;6.0108798742294312e-01;1.1560959815979004e+00;6.2156802415847778e-01;0.0000000000000000e+00;1.3944511117275758e-06;9.1962133600798388e-16;3.1015114496985630e-07;5.7476333500498993e-16;1.4841746751387654e-07
105000000;1.1243519783020020e+00;5.8675199747085571e-01;1.1622400283813477e+00;6.1337602138519287e-01;1.1776000261306763e+00;6.3283199071884155e-01;0.0000000000000000e+00;3.0936496998263126e-07;1.4535404161136190e-15;2.3567483931969882e-07;0.0000000000000000e+00;8.0816814431257854e-08
107000000;1.1458560228347778e+00;5.9699201583862305e-01;1.1837439537048340e+00;6.2463998794555664e-01;1.2001279592514038e+00;6.4614397287368774e-01;0.0000000000000000e+00;1.9063708692961513e-06;2.6772323881519441e-15;2.3586995805874196e-07;4.1831756064874125e-15;2.4962142149845703e-07
109000000;1.1663360595703125e+00;6.0723197460174561e-01;1.2031999826431274e+00;6.3590401411056519e-01;1.2216320037841797e+00;6.5638399124145508e-01;0.0000000000000000e+00;2.8705415334124178e-07;1.5099417094673985e-15;2.0816696229417527e-07;9.5126327696446115e-15;3.7203359710198736e-08
111000000;1.1888639926910400e+00;6.1849600076675415e-01;1.2288000583648682e+00;6.4614397287368774e-01;1.2431360483169556e+00;6.6867202520370483e-01;0.0000000000000000e+00;1.1844421184440667e-06;3.1838006145034354e-15;1.8806172664240839e-07;6.1128971798465966e-15;3.1973302834639888e-07
113000000;1.2093440294265747e+00;6.2873601913452148e-01;1.2482559680938721e+00;6.5945601463317871e-01;1.2677119970321655e+00;6.8095999956130981e-01;0.0000000000000000e+00;1.7135508946706864e-06;4.2547151385359759e-15;1.8670454324224733e-07;9.4293686854040544e-15;2.0026577285651595e-07
115000000;1.2298239469528198e+00;6.3999998569488525e-01;1.2707840204238892e+00;6.7071998119354248e-01;1.2871680259704590e+00;6.9017601013183594e-01;0.0000000000000000e+00;2.4878858579438579e-06;1.3834636345658221e-15;1.6988969876853182e-07;5.1385792141016248e-15;3.6576762020617890e-07
117000000;1.2523519992828369e+00;6.5126401185989380e-01;1.2943359613418579e+00;6.8198400735855103e-01;1.3096959590911865e+00;7.0656001567840576e-01;0.0000000000000000e+00;2.4598511290540654e-07;1.4998944647910355e-16;1.4133391504749769e-07;4.1997045014148993e-15;4.4102001405720125e-09
119000000;1.2728320360183716e+00;6.6252797842025757e-01;1.3148159980773926e+00;6.9324797391891479e-01;1.3342720270156860e+00;7.1884799003601074e-01;0.0000000000000000e+00;2.9522663621619055e-07;6.2100708004084667e-16;1.4658304648094443e-07;2.3287765501531749e-15;3.7157463862378214e-07
121000000;1.2953599691390991e+00;6.7379200458526611e-01;1.3373440504074097e+00;7.0451200008392334e-01;1.3567999601364136e+00;7.2908800840377808e-01;0.0000000000000000e+00;2.9661890766360897e-08;3.1233039833054275e-15;1.4516703299718982e-07;3.7182190277445568e-15;3.6957883732183379e-07
123000000;1.3158400058746338e+00;6.8505597114562988e-01;1.3598719835281372e+00;7.1679997444152832e-01;1.3762559890747070e+00;7.4342399835586548e-01;0.0000000000000000e+00;1.6637180251523603e-07;8.9655150363053971e-16;1.7968758412297003e-07;2.6896545108916189e-15;4.5517125656069555e-07
125000000;1.3363200426101685e+00;6.9529598951339722e-01;1.3824000358581543e+00;7.2806400060653687e-01;1.4039039611816406e+00;7.5366401672363281e-01;0.0000000000000000e+00;1.2026444833247391e-06;1.3573133099191798e-15;1.5396530818239591e-07;4.6751902897216198e-15;5.5490934148825137e-07
127000000;1.3578239679336548e+00;7.0758402347564697e-01;1.4039039611816406e+00;7.4035197496414185e-01;1.4223359823226929e+00;7.6595199108123779e-01;0.0000000000000000e+00;1.3640904128166814e-06;1.3689699897087552e-15;1.3438585008928811e-07;3.0117339773592611e-15;3.2333904246901567e-08
129000000;1.3803520202636719e+00;7.1782398223876953e-01;1.4254080057144165e+00;7.5264000892639160e-01;1.4458880424499512e+00;7.8028798103332520e-01;0.0000000000000000e+00;1.0058906853884277e-06;2.1151205640828843e-16;1.0720888569503972e-07;3.3841929025326148e-15;1.2965602084070484e-07
131000000;1.4018559455871582e+00;7.2908800840377808e-01;1.4479360580444336e+00;7.6492798328399658e-01;1.4663679599761963e+00;7.9360002279281616e-01;0.0000000000000000e+00;1.0041619956088731e-06;3.3594135867019695e-16;1.1142380007439728e-07;7.3907098907443334e-15;1.0237627756993443e-07
133000000;1.4233599901199341e+00;7.4035197496414185e-01;1.4694399833679199e+00;7.7516800165176392e-01;1.4919680356979370e+00;8.0179202556610107e-01;0.0000000000000000e+00;4.7950033064586300e-07;8.7710465556616413e-16;1.3126008437426242e-07;5.3879285984778655e-15;5.8661928043568268e-08
135000000;1.4438400268554688e+00;7.5161600112915039e-01;1.4929920434951782e+00;7.8847998380661011e-01;1.5114239454269409e+00;8.1407999992370605e-01;0.0000000000000000e+00;2.1905699025980866e-07;1.0035227598882670e-15;1.2638285469108354e-07;2.5088068997206675e-16;1.7021173017069570e-08
137000000;1.4653439521789551e+00;7.6288002729415894e-01;1.5134719610214233e+00;8.0076801776885986e-01;1.5339519977569580e+00;8.2739198207855225e-01;0.0000000000000000e+00;3.4953431438960891e-07;2.1394851191239287e-16;1.0974239304817344e-07;2.1394851191239287e-16;2.3467158167815968e-07
139000000;1.4868479967117310e+00;7.7414399385452271e-01;1.5370240211486816e+00;8.1305599212646484e-01;1.5585279464721680e+00;8.4070402383804321e-01;0.0000000000000000e+00;2.5077709106044825e-07;1.8302135271969851e-15;1.1197391449568524e-07;1.3726601453977388e-15;6.6541765029014064e-08
141000000;1.5073280334472656e+00;7.8438401222229004e-01;1.5564800500869751e+00;8.2329601049423218e-01;1.5790079832077026e+00;8.5299199819564819e-01;0.0000000000000000e+00;4.2986653285280946e-08;7.5317567982440985e-16;9.2558115922306126e-08;1.5063513596488197e-15;5.8102875245606776e-08
143000000;1.5288319587707520e+00;7.9564797878265381e-01;1.5800319910049438e+00;8.3558398485183716e-01;1.6005120277404785e+00;8.6425602436065674e-01;0.0000000000000000e+00;2.6754864435108048e-07;1.0427357497602688e-15;8.5135585882736358e-08;6.9515716650684587e-16;1.2358602123319183e-08
145000000;1.5513600111007690e+00;8.0691200494766235e-01;1.6005120277404785e+00;8.4787201881408691e-01;1.6261119842529297e+00;8.7756800651550293e-01;0.0000000000000000e+00;1.5466758524866833e-06;4.3629969266780360e-16;7.3054629032935068e-08;4.3629969266780360e-16;1.4901573565872940e-08
147000000;1.5718400478363037e+00;8.1817597150802612e-01;1.6240639686584473e+00;8.5913598537445068e-01;1.6476160287857056e+00;8.8780802488327026e-01;0.0000000000000000e+00;1.6122315129035690e-06;4.8961052066219793e-16;8.0895849641766603e-08;3.7536806584101847e-15;3.5085632387314619e-08
149000000;1.5923199653625488e+00;8.2943999767303467e-01;1.6476160287857056e+00;8.7142401933670044e-01;1.6670720577239990e+00;9.0009599924087524e-01;0.0000000000000000e+00;1.1027689345944475e-06;1.0565951688883717e-15;8.8912503185066290e-08;4.4024798703682148e-15;2.2082655992263875e-07
151000000;1.6148480176925659e+00;8.3968001604080200e-01;1.6680959463119507e+00;8.8371199369430542e-01;1.6875519752502441e+00;9.1750401258468628e-01;0.0000000000000000e+00;1.3977914066068283e-06;1.0440340587685418e-15;9.0556390159668125e-08;5.2201702938427084e-15;1.9032455904853607e-07
153000000;1.6353280544281006e+00;8.5196799039840698e-01;1.6916480064392090e+00;8.9600002765655518e-01;1.7121280431747437e+00;9.2467200756072998e-01;0.0000000000000000e+00;4.2482179498017351e-07;1.0759896836427757e-15;7.9434390716178937e-08;3.0742562389793587e-16;1.2202107294538947e-08
155000000;1.6568319797515869e+00;8.6323201656341553e-01;1.7111040353775024e+00;9.0828800201416016e-01;1.7367039918899536e+00;9.3798398971557617e-01;0.0000000000000000e+00;3.2040544974871927e-07;8.3673888558513025e-16;7.2143011851525504e-08;3.6258685042022314e-15;2.7855557506455081e-07
157000000;1.6783360242843628e+00;8.7347197532653809e-01;1.7326079607009888e+00;9.1955202817916870e-01;1.7551360130310059e+00;9.4924801588058472e-01;0.0000000000000000e+00;1.5675522581297689e-06;1.4980715372422883e-16;8.1902254886002018e-08;2.9961430744845765e-15;4.0989806751249684e-08
159000000;1.7008639574050903e+00;8.8473600149154663e-01;1.7571840286254883e+00;9.3081599473953247e-01;1.7797119617462158e+00;9.6255999803543091e-01;0.0000000000000000e+00;1.2971539775534137e-06;4.8345919258074279e-16;9.2374741793538759e-08;2.5784490270972953e-15;6.2191062462137407e-10
161000000;1.7203199863433838e+00;8.9600002765655518e-01;1.7766400575637817e+00;9.4310402870178223e-01;1.8042880296707153e+00;9.7587198019027710e-01;0.0000000000000000e+00;3.7611319259148304e-07;2.9388928856467923e-16;8.4438226096512381e-08;1.1755571542587169e-15;9.7228638544768473e-08
163000000;1.7428480386734009e+00;9.0726399421691895e-01;1.8001919984817505e+00;9.5744001865386963e-01;1.8257919549942017e+00;9.8918402194976807e-01;0.0000000000000000e+00;9.9625602154720734e-07;7.1984355865112785e-16;8.1723776155366799e-08;2.3034993876836091e-15;8.5479548117194704e-09
165000000;1.7623039484024048e+00;9.1852802038192749e-01;1.8216960430145264e+00;9.6767997741699219e-01;1.8452479839324951e+00;9.9839997291564941e-01;0.0000000000000000e+00;6.4648326441095321e-07;6.7259363154222897e-16;7.7583411472655101e-08;3.0939307050942535e-15;6.8729734216603631e-08
167000000;1.7848320007324219e+00;9.2876797914505005e-01;1.8431999683380127e+00;9.7894400358200073e-01;1.8688000440597534e+00;1.0096640586853027e+00;0.0000000000000000e+00;5.6075688676585805e-07;5.4328403605228512e-16;7.8681623653044242e-08;4.4820932974313518e-15;9.5508254032612084e-08
169000000;1.8063360452651978e+00;9.3798398971557617e-01;1.8647040128707886e+00;9.9123197793960571e-01;1.8903039693832397e+00;1.0229760408401489e+00;0.0000000000000000e+00;3.5550402960685567e-07;1.4101507892999932e-16;8.3400679416607974e-08;1.9742111050199905e-15;5.2676453483252794e-08
171000000;1.8278399705886841e+00;9.5027202367782593e-01;1.8903039693832397e+00;1.0045440196990967e+00;1.9148800373077393e+00;1.0352640151977539e+00;0.0000000000000000e+00;1.8458079467259987e-06;4.1290320086563169e-16;8.2783627102800689e-08;4.1290320086563169e-16;1.4897034110918915e-09
173000000;1.8493440151214600e+00;9.6358400583267212e-01;1.9107840061187744e+00;1.0137599706649780e+00;1.9363839626312256e+00;1.0516480207443237e+00;0.0000000000000000e+00;7.2150549478271278e-07;9.6332796020072210e-16;8.5846838646883690e-08;1.3761828002867459e-15;9.1210271792812302e-08
175000000;1.8698240518569946e+00;9.7382402420043945e-01;1.9343359470367432e+00;1.0240000486373901e+00;1.9558399915695190e+00;1.0588159561157227e+00;0.0000000000000000e+00;4.0023810830145766e-07;2.6746766583312242e-16;8.5823969720058283e-08;2.9421443241643468e-15;2.4594213528707091e-07
177000000;1.8913279771804810e+00;9.8508799076080322e-01;1.9548159837722778e+00;1.0373120307922363e+00;1.9834879636764526e+00;1.0721280574798584e+00;0.0000000000000000e+00;1.1066372960799216e-07;2.0930452330583538e-15;9.8354770844068103e-08;2.5415549258565727e-15;2.9065595008104036e-07
179000000;1.9128320217132568e+00;9.9532800912857056e-01;1.9773440361022949e+00;1.0475519895553589e+00;2.0049920082092285e+00;1.0833920240402222e+00;0.0000000000000000e+00;2.7447099306765744e-07;4.4595550080538535e-16;9.7846833615267785e-08;1.7838220032215414e-15;1.9466414759138946e-07
181000000;1.9322880506515503e+00;1.0076160430908203e+00;1.9978239536285400e+00;1.0618879795074463e+00;2.0275199413299561e+00;1.0977280139923096e+00;0.0000000000000000e+00;9.8669617681222742e-07;2.9826247037378413e-16;9.4012700059886308e-08;8.9478741112135233e-16;1.8605395438749505e-07
183000000;1.9558399915695190e+00;1.0188800096511841e+00;2.0234239101409912e+00;1.0731519460678101e+00;2.0469760894775391e+00;1.1079679727554321e+00;0.0000000000000000e+00;4.3781815609440297e-08;0.0000000000000000e+00;8.2668037829031589e-08;2.2447501324646086e-15;2.5645376575562766e-07
185000000;1.9763200283050537e+00;1.0270719528198242e+00;2.0449280738830566e+00;1.0844160318374634e+00;2.0684800148010254e+00;1.1253759860992432e+00;0.0000000000000000e+00;1.6859555673696760e-06;1.5205854088270968e-16;9.3075675473700375e-08;4.1055806038331618e-15;2.1651103199006259e-07
187000000;1.9988479614257812e+00;1.0403840541839600e+00;2.0664319992065430e+00;1.0956799983978271e+00;2.0920319557189941e+00;1.1335680484771729e+00;0.0000000000000000e+00;5.6200160364733442e-07;2.2740779965728739e-15;9.0357644625459822e-08;1.9708675970298240e-15;3.3331503687075417e-07
189000000;2.0213758945465088e+00;1.0506240129470825e+00;2.0889599323272705e+00;1.1089919805526733e+00;2.1135358810424805e+00;1.1468800306320190e+00;0.0000000000000000e+00;1.9598613889636094e-06;0.0000000000000000e+00;8.7924703638499361e-08;6.0735119914800447e-16;2.4110565832484930e-07
191000000;2.0398080348968506e+00;1.0618879795074463e+00;2.1125121116638184e+00;1.1212799549102783e+00;2.1350400447845459e+00;1.1612160205841064e+00;0.0000000000000000e+00;1.0752011946083318e-07;0.0000000000000000e+00;8.5452478878415759e-08;2.1449217737571262e-15;1.2278910230829601e-07
193000000;2.0633599758148193e+00;1.0741759538650513e+00;2.1309440135955811e+00;1.1325440406799316e+00;2.1585919857025146e+00;1.1714559793472290e+00;0.0000000000000000e+00;2.0807663951997466e-07;0.0000000000000000e+00;8.1056466009352280e-08;2.6472826659710322e-16;3.5020154544014060e-07
195000000;2.0838398933410645e+00;1.0854400396347046e+00;2.1524479389190674e+00;1.1479040384292603e+00;2.1821439266204834e+00;1.1796480417251587e+00;0.0000000000000000e+00;9.1998545940506721e-07;6.4627252557941369e-16;8.4284710698556949e-08;1.8095630716223583e-15;1.2090930122002226e-07
197000000;2.1043200492858887e+00;1.0956799983978271e+00;2.1729280948638916e+00;1.1581439971923828e+00;2.2067201137542725e+00;1.1950080394744873e+00;0.0000000000000000e+00;7.4904475642133281e-07;8.3664220672704137e-16;7.6327315525687001e-08;1.4342437829606424e-15;1.4929297266514563e-07
199000000;2.1268479824066162e+00;1.1069439649581909e+00;2.1975040435791016e+00;1.1683839559555054e+00;2.2261760234832764e+00;1.2093440294265747e+00;0.0000000000000000e+00;3.3318241592718455e-07;7.1562260338748953e-16;7.3682656076107785e-08;2.3854086779582986e-16;1.1504737042268056e-07
201000000;2.1473278999328613e+00;1.1171840429306030e+00;2.2190079689025879e+00;1.1816960573196411e+00;2.2497279644012451e+00;1.2206079959869385e+00;0.0000000000000000e+00;6.6341750729655328e-07;1.1251474892592204e-15;7.7308607950816994e-08;2.2502949785184407e-15;3.2782919691149341e-07
203000000;2.1698560714721680e+00;1.1284480094909668e+00;2.2425599098205566e+00;1.1929600238800049e+00;2.2702078819274902e+00;1.2339199781417847e+00;0.0000000000000000e+00;4.1659023090639936e-07;1.1143227380682629e-15;7.6621494491602915e-08;2.9715273015153680e-15;2.4812917425920670e-07
205000000;2.1903359889984131e+00;1.1397119760513306e+00;2.2630400657653809e+00;1.2052479982376099e+00;2.2958080768585205e+00;1.2462079524993896e+00;0.0000000000000000e+00;1.5584040548654806e-06;4.0231433533120718e-16;8.1966873881462029e-08;4.9618768024182214e-15;2.5528948680738876e-08
207000000;2.2118399143218994e+00;1.1489280462265015e+00;2.2855679988861084e+00;1.2175359725952148e+00;2.3183360099792480e+00;1.2595200538635254e+00;0.0000000000000000e+00;1.5098334753772610e-06;5.0561355070092313e-16;7.5763236651766757e-08;4.0449084056073850e-15;1.1886177312891620e-07
209000000;2.2333440780639648e+00;1.1622400283813477e+00;2.3101439476013184e+00;1.2288000583648682e+00;2.3347198963165283e+00;1.2707840204238892e+00;0.0000000000000000e+00;7.7810950212184293e-08;1.2911303279077599e-16;7.8043166457310136e-08;1.4202433606985359e-15;1.3014014478422513e-07
211000000;2.2548480033874512e+00;1.1735039949417114e+00;2.3306241035461426e+00;1.2410880327224731e+00;2.3613440990447998e+00;1.2830719947814941e+00;0.0000000000000000e+00;1.0157196435461203e-06;1.2285775521848479e-16;7.1169871821393435e-08;6.1428877609242394e-16;2.3749670317187271e-07
213000000;2.2753279209136963e+00;1.1837439537048340e+00;2.3490560054779053e+00;1.2533760070800781e+00;2.3859200477600098e+00;1.2943359613418579e+00;0.0000000000000000e+00;8.4407653009914074e-07;1.3614442330556387e-16;8.3132493735967811e-08;3.1313217360279688e-15;1.7921119975366901e-07
215000000;2.2978560924530029e+00;1.1950080394744873e+00;2.3736319541931152e+00;1.2646399736404419e+00;2.4053759574890137e+00;1.3107199668884277e+00;0.0000000000000000e+00;6.5223370864626143e-07;2.7013766882767404e-15;8.1812245055612326e-08;3.1065831915182515e-15;2.1714653875905944e-07
217000000;2.3193600177764893e+00;1.2062720060348511e+00;2.3971838951110840e+00;1.2769279479980469e+00;2.4279038906097412e+00;1.3199360370635986e+00;0.0000000000000000e+00;7.1533551607002669e-07;1.4258242963658332e-15;9.5819199349805443e-08;3.1684984363685179e-15;5.0148074271656401e-08
219000000;2.3408639430999756e+00;1.2165119647979736e+00;2.4176640510559082e+00;1.2881920337677002e+00;2.4483840465545654e+00;1.3342720270156860e+00;0.0000000000000000e+00;6.3702892817013060e-07;9.2410953742384832e-16;9.3650151980199881e-08;3.3884016372207769e-15;1.0716236704682876e-07
221000000;2.3613440990447998e+00;1.2288000583648682e+00;2.4412159919738770e+00;1.3015040159225464e+00;2.4719359874725342e+00;1.3455359935760498e+00;0.0000000000000000e+00;5.5130673545766883e-07;1.3381012763459041e-15;1.0391608355106362e-07;2.0071519145188563e-15;7.7282460549997092e-08
223000000;2.3828480243682861e+00;1.2400640249252319e+00;2.4647679328918457e+00;1.3158400058746338e+00;2.4954879283905029e+00;1.3578239679336548e+00;0.0000000000000000e+00;2.5473099985154412e-07;1.0804337428051890e-15;1.1520740287756374e-07;1.0804337428051890e-15;3.5295724576153523e-08
225000000;2.4043519496917725e+00;1.2513279914855957e+00;2.4872961044311523e+00;1.3240319490432739e+00;2.5180160999298096e+00;1.3690880537033081e+00;0.0000000000000000e+00;9.0328160294896771e-07;1.8383583848029371e-16;1.2056678729426361e-07;1.8383583848029371e-15;1.1371268884336788e-07
227000000;2.4258561134338379e+00;1.2615679502487183e+00;2.5067520141601562e+00;1.3342720270156860e+00;2.5384960174560547e+00;1.3824000358581543e+00;0.0000000000000000e+00;2.5495486703019072e-06;1.5380224898306649e-15;1.3101003358821228e-07;3.4605506021189960e-15;3.0824882172779774e-08
229000000;2.4473600387573242e+00;1.2718080282211304e+00;2.5292799472808838e+00;1.3486080169677734e+00;2.5640959739685059e+00;1.3926399946212769e+00;0.0000000000000000e+00;3.9042688470802098e-07;3.8607066027353117e-16;1.3271931919814899e-07;5.7910599041029672e-15;7.9521723491781681e-08
231000000;2.4688639640808105e+00;1.2840960025787354e+00;2.5507841110229492e+00;1.3629440069198608e+00;2.5825281143188477e+00;1.4069759845733643e+00;0.0000000000000000e+00;1.8774043783979887e-07;3.6801307150696624e-16;1.7310724092392913e-07;3.4347886673983515e-15;1.2188193339717679e-07
233000000;2.4883201122283936e+00;1.2943359613418579e+00;2.5733120441436768e+00;1.3742079734802246e+00;2.6071040630340576e+00;1.4161920547485352e+00;0.0000000000000000e+00;1.1296940702593656e-07;4.1526008057292271e-16;1.4258202776739403e-07;1.2457802417187680e-15;1.1296940702593656e-07
235000000;2.5118720531463623e+00;1.3066240549087524e+00;2.5948159694671631e+00;1.3864959478378296e+00;2.6265599727630615e+00;1.4295040369033813e+00;0.0000000000000000e+00;3.8669120123460615e-07;2.1686407126083693e-15;1.2050513353343966e-07;3.6144011876806159e-15;9.5621171940009826e-08
237000000;2.5303039550781250e+00;1.3178880214691162e+00;2.6173439025878906e+00;1.3998080492019653e+00;2.6490879058837891e+00;1.4417920112609863e+00;0.0000000000000000e+00;5.0455170005538762e-07;0.0000000000000000e+00;1.4082772089738928e-07;3.1890553169429181e-15;2.9053782050218846e-07
239000000;2.5518081188201904e+00;1.3271039724349976e+00;2.6398720741271973e+00;1.4110720157623291e+00;2.6726400852203369e+00;1.4581760168075562e+00;0.0000000000000000e+00;2.8795895379501962e-07;1.9736659291865494e-15;1.5553492775836609e-07;3.7280356440190378e-15;1.7022519519660736e-07
241000000;2.5753600597381592e+00;1.3404159545898438e+00;2.6603519916534424e+00;1.4213119745254517e+00;2.6961920261383057e+00;1.4632960557937622e+00;0.0000000000000000e+00;5.1174229916403347e-08;5.9328101036314636e-16;1.6863309990081280e-07;2.1358116373073270e-15;1.1487729333759212e-07
243000000;2.5958399772644043e+00;1.3496320247650146e+00;2.6828799247741699e+00;1.4346239566802979e+00;2.7217919826507568e+00;1.4796799421310425e+00;0.0000000000000000e+00;2.5572009990378040e-07;5.6664320330066314e-16;1.5807851043298486e-07;1.4732723285817243e-15;1.3403439856992901e-07
245000000;2.6173439025878906e+00;1.3619199991226196e+00;2.7064321041107178e+00;1.4428160190582275e+00;2.7422719001770020e+00;1.4909440279006958e+00;0.0000000000000000e+00;7.4358707252311862e-07;8.3472331749779048e-16;1.5109182780255238e-07;7.0951481987312194e-15;2.9544840379041429e-07
247000000;2.6378240585327148e+00;1.3742079734802246e+00;2.7310080528259277e+00;1.4592000246047974e+00;2.7648000717163086e+00;1.5022079944610596e+00;0.0000000000000000e+00;1.6479946047124132e-06;8.3887089030338516e-16;1.5420232311720281e-07;7.1304025675787749e-15;7.1715774966407027e-08
249000000;2.6603519916534424e+00;1.3844480514526367e+00;2.7514879703521729e+00;1.4704639911651611e+00;2.7842559814453125e+00;1.5165439844131470e+00;0.0000000000000000e+00;5.1206326755699064e-07;1.1949441647341857e-15;1.4902707573701611e-07;1.9915736078903093e-15;2.9821967972035052e-07
251000000;2.6808319091796875e+00;1.3957120180130005e+00;2.7699201107025146e+00;1.4817279577255249e+00;2.8098559379577637e+00;1.5288319587707520e+00;0.0000000000000000e+00;6.6566425396007507e-07;2.6520050987497055e-15;1.3133912273123026e-07;2.2984044189164116e-15;9.6150495562313271e-08
253000000;2.7033600807189941e+00;1.4059519767761230e+00;2.7904000282287598e+00;1.4940160512924194e+00;2.8262400627136230e+00;1.5390720367431641e+00;0.0000000000000000e+00;1.3993898615162002e-06;2.0754508194383406e-15;1.3014728333526774e-07;1.7295423495319506e-15;1.9228658941960683e-07
255000000;2.7248640060424805e+00;1.4182399511337280e+00;2.8170239925384521e+00;1.5063040256500244e+00;2.8487679958343506e+00;1.5564800500869751e+00;0.0000000000000000e+00;8.9234695164633079e-07;3.2863394528845367e-15;1.3564904448955632e-07;1.4605953123931275e-15;1.0819581421890747e-07
257000000;2.7453439235687256e+00;1.4295040369033813e+00;2.8375039100646973e+00;1.5175679922103882e+00;2.8712959289550781e+00;1.5656960010528564e+00;0.0000000000000000e+00;1.1396760710405805e-06;5.0972737428293832e-15;1.4648399147225853e-07;1.7644409109794017e-15;3.3386593058905405e-07
259000000;2.7678720951080322e+00;1.4407680034637451e+00;2.8620800971984863e+00;1.5308799743652344e+00;2.8958721160888672e+00;1.5769599676132202e+00;0.0000000000000000e+00;6.4329450972143496e-08;2.3002768384147285e-16;1.7155136491901891e-07;4.9455952025916658e-15;3.0615606625551406e-07
261000000;2.7873280048370361e+00;1.4520319700241089e+00;2.8805119991302490e+00;1.5431679487228394e+00;2.9163520336151123e+00;1.5892479419708252e+00;0.0000000000000000e+00;1.6347546251427757e-06;1.2691319249802213e-15;1.8877412808782126e-07;3.5535693899446196e-15;5.4559741969705472e-07
263000000;2.8098559379577637e+00;1.4622720479965210e+00;2.9030399322509766e+00;1.5544320344924927e+00;2.9419519901275635e+00;1.6025600433349609e+00;0.0000000000000000e+00;7.9720169008811266e-07;5.7510438183764743e-15;1.5292264551091469e-07;2.4647330650184893e-15;3.5612052727043549e-07
265000000;2.8323841094970703e+00;1.4745600223541260e+00;2.9255681037902832e+00;1.5656960010528564e+00;2.9583361148834229e+00;1.6179200410842896e+00;0.0000000000000000e+00;1.6972619922117691e-06;2.1543158450186891e-15;1.5144707097084646e-07;9.7923447500849497e-16;1.2009447523281335e-07
267000000;2.8518400192260742e+00;1.4858239889144897e+00;2.9501440525054932e+00;1.5779839754104614e+00;2.9818880558013916e+00;1.6240639686584473e+00;0.0000000000000000e+00;6.7209463812608575e-07;7.6932944263097608e-16;1.5024052873359804e-07;2.8849854098661603e-15;3.6232168850577784e-07
269000000;2.8712959289550781e+00;1.4970879554748535e+00;2.9716479778289795e+00;1.5912959575653076e+00;3.0074880123138428e+00;1.6435199975967407e+00;0.0000000000000000e+00;1.0826104326965446e-06;5.3301413746631732e-16;1.3941030124934629e-07;5.1524699955077344e-15;2.5280190239215291e-07
271000000;2.8968958854675293e+00;1.5052800178527832e+00;2.9900801181793213e+00;1.6035840511322021e+00;3.0330879688262939e+00;1.6517119407653809e+00;0.0000000000000000e+00;2.0533852601589889e-06;3.5011907800946229e-15;1.4156079370962652e-07;2.2112783874281827e-15;2.7262869334230205e-07
273000000;2.9194240570068359e+00;1.5206400156021118e+00;3.0177280902862549e+00;1.6128000020980835e+00;3.0535678863525391e+00;1.6629760265350342e+00;0.0000000000000000e+00;1.8036915135650582e-06;1.0896494049291354e-15;1.3919378380051422e-07;1.8160823415485589e-15;4.3868901740107979e-07
275000000;2.9399039745330811e+00;1.5308799743652344e+00;3.0371840000152588e+00;1.6281599998474121e+00;3.0750720500946045e+00;1.6814080476760864e+00;0.0000000000000000e+00;2.0183465602736298e-07;1.7135399868836348e-15;1.1126388500919083e-07;4.1410549683021177e-15;2.7849713731958675e-07
277000000;2.9593598842620850e+00;1.5431679487228394e+00;3.0597119331359863e+00;1.6383999586105347e+00;3.0996479988098145e+00;1.6906239986419678e+00;0.0000000000000000e+00;2.1678045178413527e-06;1.2991498683723567e-15;1.1478380766320086e-07;1.7321998244964755e-15;3.1210934760841457e-07
279000000;2.9818880558013916e+00;1.5513600111007690e+00;3.0812160968780518e+00;1.6496640443801880e+00;3.1129601001739502e+00;1.6988159418106079e+00;0.0000000000000000e+00;6.3158556837681189e-07;6.0192558409693719e-16;1.2364970130615828e-07;1.9562581483150459e-15;1.7630527484882652e-07
281000000;3.0033919811248779e+00;1.5636479854583740e+00;3.1047680377960205e+00;1.6650240421295166e+00;3.1436800956726074e+00;1.7172479629516602e+00;0.0000000000000000e+00;8.5977752717833256e-08;1.1472257005357988e-15;1.3479145058167362e-07;4.9166815737248517e-16;2.0096912988086324e-09
283000000;3.0238718986511230e+00;1.5759359598159790e+00;3.1262719631195068e+00;1.6762880086898804e+00;3.1641600131988525e+00;1.7264640331268311e+00;0.0000000000000000e+00;5.4582311971048770e-08;1.6262249519207285e-15;1.3548116225432270e-07;2.7645824182652385e-15;2.9464683725088631e-07
285000000;3.0453760623931885e+00;1.5872000455856323e+00;3.1457281112670898e+00;1.6875519752502441e+00;3.1866879463195801e+00;1.7408000230789185e+00;0.0000000000000000e+00;1.8449619629785100e-06;6.9466341002380231e-16;1.4323721401440433e-07;3.6469829026249625e-15;1.6671135985222081e-07
287000000;3.0679039955139160e+00;1.5984640121459961e+00;3.1682560443878174e+00;1.7018879652023315e+00;3.2051200866699219e+00;1.7479679584503174e+00;0.0000000000000000e+00;5.8685750517554634e-08;1.4786951818298020e-16;1.2092635064564179e-07;2.3659122909276833e-15;4.1763530798582840e-07
289000000;3.0873599052429199e+00;1.6107519865036011e+00;3.1969280242919922e+00;1.7141760587692261e+00;3.2276480197906494e+00;1.7633279561996460e+00;0.0000000000000000e+00;1.0769329679101749e-06;3.6107068915445419e-15;1.1431232534462151e-07;1.3887334198248236e-16;1.1597995629179631e-07
291000000;3.1098880767822266e+00;1.6199680566787720e+00;3.2163839340209961e+00;1.7233920097351074e+00;3.2522239685058594e+00;1.7756160497665405e+00;0.0000000000000000e+00;8.6795375317947267e-07;1.5404183569995769e-16;1.2583430244162328e-07;1.6944601926995346e-15;2.0634910663234917e-07
293000000;3.1324160099029541e+00;1.6312320232391357e+00;3.2378880977630615e+00;1.7346559762954712e+00;3.2727038860321045e+00;1.7899520397186279e+00;0.0000000000000000e+00;2.5483717574194405e-07;1.3691823020633466e-15;1.4393013812714559e-07;1.7114778775791832e-15;3.8835270656068825e-07
295000000;3.1528959274291992e+00;1.6424959897994995e+00;3.2604160308837891e+00;1.7510399818420410e+00;3.2952320575714111e+00;1.7991679906845093e+00;0.0000000000000000e+00;3.5912794529633556e-07;5.6111699425066012e-16;1.6384884240299629e-07;3.5537409635875144e-15;1.5829635033496847e-07
297000000;3.1733760833740234e+00;1.6527359485626221e+00;3.2788479328155518e+00;1.7623039484024048e+00;3.3228800296783447e+00;1.8135039806365967e+00;0.0000000000000000e+00;6.9596955747534693e-07;2.9380744117960000e-15;1.4414202090688674e-07;8.1613178105444442e-16;5.3087120062392796e-07
299000000;3.1969280242919922e+00;1.6640000343322754e+00;3.3034238815307617e+00;1.7725440263748169e+00;3.3433599472045898e+00;1.8237440586090088e+00;0.0000000000000000e+00;8.0046181595007395e-07;1.8060856077369128e-15;1.3885493442696827e-07;5.5687639571888140e-15;1.5403859769954690e-07
301000000;3.2163839340209961e+00;1.6762880086898804e+00;3.3259520530700684e+00;1.7858560085296631e+00;3.3638401031494141e+00;1.8350080251693726e+00;0.0000000000000000e+00;1.7923530322950113e-06;2.5201283046280285e-15;1.3022453276395986e-07;1.2600641523140143e-15;2.3712233959898412e-07
303000000;3.2389121055603027e+00;1.6865279674530029e+00;3.3454079627990723e+00;1.8001919984817505e+00;3.3832960128784180e+00;1.8462719917297363e+00;0.0000000000000000e+00;2.3898212802868226e-07;1.3310470192844658e-15;1.2593501556181437e-07;1.1979423173560192e-15;1.8977812826619740e-07
305000000;3.2593920230865479e+00;1.6988159418106079e+00;3.3689599037170410e+00;1.8114559650421143e+00;3.4088959693908691e+00;1.8575359582901001e+00;0.0000000000000000e+00;9.9911210253519857e-07;2.5071887359224051e-16;1.1891698542996053e-07;2.5071887359224051e-16;2.1232093035451118e-07
307000000;3.2819199562072754e+00;1.7080320119857788e+00;3.3935360908508301e+00;1.8268159627914429e+00;3.4283521175384521e+00;1.8780159950256348e+00;0.0000000000000000e+00;5.5926966123641118e-07;2.8384941348482604e-15;1.2291071845075665e-07;6.5801454944209677e-15;2.7195121233593607e-07
309000000;3.3013761043548584e+00;1.7203199863433838e+00;3.4160640239715576e+00;1.8380800485610962e+00;3.4519040584564209e+00;1.8882559537887573e+00;0.0000000000000000e+00;1.5016989169421381e-06;4.4345853510630816e-16;1.3603524266833337e-07;5.6171414446799033e-15;3.9065897211750211e-07
311000000;3.3218560218811035e+00;1.7315839529037476e+00;3.4355199337005615e+00;1.8472959995269775e+00;3.4703359603881836e+00;1.9005440473556519e+00;0.0000000000000000e+00;4.9457111570600419e-08;2.3571557812973052e-15;1.4762861488236675e-07;7.8571859376576836e-15;3.0255478637683179e-07
313000000;3.3474559783935547e+00;1.7438720464706421e+00;3.4580481052398682e+00;1.8616319894790649e+00;3.4979839324951172e+00;1.9056639671325684e+00;0.0000000000000000e+00;1.2155582966330891e-06;1.0509944240541247e-15;1.4475986062917031e-07;6.4561086049039098e-15;3.9657980322077590e-07
315000000;3.3679358959197998e+00;1.7551360130310059e+00;3.4795520305633545e+00;1.8739199638366699e+00;3.5174400806427002e+00;1.9220479726791382e+00;0.0000000000000000e+00;1.8688273324246991e-07;2.7905503798854767e-16;1.3579718366122530e-07;5.7206282787652271e-15;3.3669926598557617e-07
317000000;3.3894400596618652e+00;1.7663999795913696e+00;3.5031039714813232e+00;1.8862080574035645e+00;3.5399680137634277e+00;1.9353599548339844e+00;0.0000000000000000e+00;1.1129306003800156e-06;2.0807836111345918e-15;1.5960056321372378e-07;6.4024111111833588e-16;5.1140864923452544e-07
319000000;3.4088959693908691e+00;1.7766400575637817e+00;3.5256319046020508e+00;1.8984960317611694e+00;3.5676159858703613e+00;1.9476480484008789e+00;0.0000000000000000e+00;1.5658631386321341e-07;3.4571424336910332e-15;1.5867026517938695e-07;3.6142852715860805e-15;3.4960619830667875e-07
321000000;3.4303998947143555e+00;1.7889280319213867e+00;3.5440640449523926e+00;1.9107840061187744e+00;3.5788800716400146e+00;1.9630080461502075e+00;0.0000000000000000e+00;6.0088624093431693e-07;2.9947704055168246e-16;1.5068653566136191e-07;1.7968622433100948e-15;3.5971547310825281e-07
323000000;3.4519040584564209e+00;1.7981439828872681e+00;3.5676159858703613e+00;1.9240959882736206e+00;3.6085760593414307e+00;1.9732480049133301e+00;0.0000000000000000e+00;5.3502892525209062e-07;1.2196772591909399e-15;1.5149239722717516e-07;4.4213300645671571e-15;3.6533378316822235e-07
325000000;3.4713599681854248e+00;1.8104319572448730e+00;3.5932159423828125e+00;1.9343359470367432e+00;3.6259839534759521e+00;1.9855359792709351e+00;0.0000000000000000e+00;8.1162805992614034e-07;9.7642900268071103e-16;1.3914374552703279e-07;4.3241855833002917e-15;4.6146873949265161e-07
327000000;3.4969599246978760e+00;1.8227200508117676e+00;3.6126720905303955e+00;1.9476480484008789e+00;3.6536319255828857e+00;1.9998719692230225e+00;0.0000000000000000e+00;5.1643900269835957e-07;1.8223911723828591e-15;1.3944416860265165e-07;3.5045984084285750e-15;3.6591764720021574e-07
329000000;3.5174400806427002e+00;1.8329600095748901e+00;3.6341760158538818e+00;1.9578880071640015e+00;3.6730880737304688e+00;2.0152320861816406e+00;0.0000000000000000e+00;3.6927495757460678e-07;3.0208139613264419e-16;1.5319213974342185e-07;1.2083255845305767e-15;6.0379733026518886e-07
331000000;3.5379199981689453e+00;1.8431999683380127e+00;3.6587519645690918e+00;1.9722239971160889e+00;3.7017600536346436e+00;2.0203518867492676e+00;0.0000000000000000e+00;7.0865973021689583e-07;5.7857302736178121e-16;1.4611991753523729e-07;3.4714381641706873e-15;3.0085211357264556e-07
333000000;3.5583999156951904e+00;1.8565119504928589e+00;3.6823039054870605e+00;1.9814399480819702e+00;3.7181439399719238e+00;2.0357120037078857e+00;0.0000000000000000e+00;3.2626006723740167e-07;2.3405403594995233e-15;1.4783242040062132e-07;5.8513508987488082e-16;2.4772456490131938e-07
335000000;3.5809280872344971e+00;1.8667520284652710e+00;3.7027840614318848e+00;1.9957760572433472e+00;3.7437438964843750e+00;2.0490241050720215e+00;0.0000000000000000e+00;2.5919954479604848e-07;4.4074294072431064e-16;1.5307887166883106e-07;8.8148588144862128e-16;3.3807356631078939e-07
337000000;3.6003839969635010e+00;1.8780159950256348e+00;3.7242879867553711e+00;2.0111360549926758e+00;3.7693440914154053e+00;2.0613119602203369e+00;0.0000000000000000e+00;2.3016608533336458e-07;6.3864475190288810e-16;1.7249464409899085e-07;1.1176283158300541e-15;3.1588353293289392e-07
339000000;3.6229119300842285e+00;1.8882559537887573e+00;3.7457919120788574e+00;2.0223999023437500e+00;3.7816319465637207e+00;2.0715520381927490e+00;0.0000000000000000e+00;1.1732246340248113e-06;2.1267779667286362e-15;1.6451102634078684e-07;4.5573813572756496e-16;1.9453443977986100e-07
341000000;3.6433920860290527e+00;1.9005440473556519e+00;3.7703680992126465e+00;2.0326399803161621e+00;3.8103039264678955e+00;2.0838398933410645e+00;0.0000000000000000e+00;1.9054085533418828e-06;7.4356734786407672e-16;1.5812891015046833e-07;3.7178367393203832e-15;1.4892996054456718e-07
343000000;3.6669440269470215e+00;1.9107840061187744e+00;3.7939200401306152e+00;2.0459520816802979e+00;3.8328320980072021e+00;2.0961279869079590e+00;0.0000000000000000e+00;2.1523584774985374e-07;2.7149532753172599e-16;1.4218021586434324e-07;2.7149532753172599e-16;5.0675173594124662e-07
345000000;3.6884479522705078e+00;1.9220479726791382e+00;3.8133759498596191e+00;2.0551679134368896e+00;3.8492159843444824e+00;2.1155838966369629e+00;0.0000000000000000e+00;1.2002134334972332e-06;2.5804734345650320e-15;1.4433223055523104e-07;1.3581439129289641e-15;3.2523588010352723e-07
347000000;3.7099521160125732e+00;1.9343359470367432e+00;3.8359038829803467e+00;2.0705280303955078e+00;3.8717439174652100e+00;2.1247999668121338e+00;0.0000000000000000e+00;2.1349520682521309e-07;1.4758612357573154e-15;1.4621010542592683e-07;2.4150456585119709e-15;2.9072559075527223e-07
349000000;3.7283840179443359e+00;1.9456000328063965e+00;3.8563840389251709e+00;2.0828158855438232e+00;3.8963201045989990e+00;2.1329920291900635e+00;0.0000000000000000e+00;6.8166995706798672e-07;1.7741546878794717e-15;1.6100565771236255e-07;2.6612320318192076e-15;4.4354694574025487e-07
351000000;3.7509119510650635e+00;1.9568639993667603e+00;3.8799359798431396e+00;2.0971519947052002e+00;3.9270401000976562e+00;2.1503999233245850e+00;0.0000000000000000e+00;6.3402793045073374e-07;1.8076727425093681e-15;1.5970103451589341e-07;1.5063939520911402e-15;6.7910564027415464e-08
353000000;3.7754878997802734e+00;1.9671039581298828e+00;3.9004158973693848e+00;2.1053440570831299e+00;3.9383039474487305e+00;2.1524479389190674e+00;0.0000000000000000e+00;5.6629189665616563e-07;5.0617920313858410e-16;1.3355834376990899e-07;2.5308960156929205e-16;3.6247722883783200e-07
355000000;3.7939200401306152e+00;1.9773440361022949e+00;3.9249920845031738e+00;2.1207039356231689e+00;3.9659519195556641e+00;2.1729280948638916e+00;0.0000000000000000e+00;2.3507608186276273e-07;1.9238860404311268e-15;1.4728677305853033e-07;6.8710215729683101e-16;3.0885311422778615e-07
357000000;3.8164479732513428e+00;1.9896320104598999e+00;3.9475200176239014e+00;2.1329920291900635e+00;3.9946238994598389e+00;2.1831679344177246e+00;0.0000000000000000e+00;8.9476903980630963e-07;7.8439280991183276e-16;1.7041022557224937e-07;4.0788426115415306e-15;5.3703108315395861e-07
359000000;3.8369278907775879e+00;2.0019199848175049e+00;3.9659519195556641e+00;2.1452798843383789e+00;4.0140800476074219e+00;2.1975040435791016e+00;0.0000000000000000e+00;1.6054200173687689e-06;1.7833910182039225e-15;1.7627397847120234e-07;8.9169550910196111e-15;3.9652248582234132e-07
361000000;3.8615040779113770e+00;2.0121600627899170e+00;3.9884800910949707e+00;2.1544959545135498e+00;4.0355839729309082e+00;2.2097918987274170e+00;0.0000000000000000e+00;8.7708672659301958e-07;1.5457940033920842e-15;1.5645455217404798e-07;4.6373820101762529e-15;1.9808431502146016e-07
363000000;3.8799359798431396e+00;2.0244479179382324e+00;4.0089597702026367e+00;2.1688320636749268e+00;4.0529918670654297e+00;2.2210559844970703e+00;0.0000000000000000e+00;1.1774185324750868e-07;2.0104040338155933e-15;1.6280285037505234e-07;2.1540043219452788e-15;1.1774185324750868e-07
365000000;3.9014399051666260e+00;2.0346879959106445e+00;4.0335359573364258e+00;2.1780478954315186e+00;4.0816640853881836e+00;2.2333440780639648e+00;0.0000000000000000e+00;1.9105725948208319e-07;4.5471033359084592e-16;1.7084656588513633e-07;4.3955332247115105e-15;1.3443707583890570e-07
367000000;3.9219200611114502e+00;2.0449280738830566e+00;4.0581121444702148e+00;2.1944320201873779e+00;4.1011199951171875e+00;2.2466559410095215e+00;0.0000000000000000e+00;1.3321576650376746e-07;2.1549947168814714e-15;1.7650104626298314e-07;1.3853537465666602e-15;4.4526122299990126e-07
369000000;3.9444479942321777e+00;2.0572159290313721e+00;4.0775680541992188e+00;2.2056961059570312e+00;4.1216001510620117e+00;2.2558720111846924e+00;0.0000000000000000e+00;1.0154616562485630e-06;3.2175496276283647e-16;1.8588964621240952e-07;6.4350992552567294e-16;3.2449813505252270e-07
371000000;3.9649279117584229e+00;2.0695040225982666e+00;4.1000962257385254e+00;2.2190079689025879e+00;4.1431040763854980e+00;2.2712318897247314e+00;0.0000000000000000e+00;1.7113943691787774e-06;0.0000000000000000e+00;2.0801289206699107e-07;3.0150487522938215e-15;8.5946935322993111e-07
373000000;3.9864320755004883e+00;2.0797441005706787e+00;4.1205759048461914e+00;2.2282240390777588e+00;4.1687040328979492e+00;2.2845439910888672e+00;0.0000000000000000e+00;1.6147909408020455e-07;5.2163450741910718e-16;2.0108144678092788e-07;1.7387816913970240e-16;2.1192143089148456e-07
375000000;4.0099840164184570e+00;2.0910079479217529e+00;4.1431040763854980e+00;2.2384641170501709e+00;4.1809921264648438e+00;2.2906880378723145e+00;0.0000000000000000e+00;2.6577517772987638e-06;1.8303216279436698e-15;1.9683497942962240e-07;4.4926076322253710e-15;5.1379590461343452e-07
377000000;4.0273919105529785e+00;2.1032960414886475e+00;4.1635842323303223e+00;2.2517759799957275e+00;4.2096638679504395e+00;2.3091199398040771e+00;0.0000000000000000e+00;1.7645809026343122e-06;1.6495305708435436e-16;1.9500421756041437e-07;2.6392489133496697e-15;2.5908643333520069e-07
379000000;4.0499200820922852e+00;2.1145598888397217e+00;4.1861119270324707e+00;2.2691841125488281e+00;4.2332158088684082e+00;2.3203840255737305e+00;0.0000000000000000e+00;5.4145352937469149e-07;1.0791067404846429e-15;1.7758054737853853e-07;5.0872174908561739e-15;4.5170250475560149e-07
381000000;4.0734720230102539e+00;2.1258239746093750e+00;4.2096638679504395e+00;2.2783999443054199e+00;4.2588157653808594e+00;2.3316481113433838e+00;0.0000000000000000e+00;1.5289541813504347e-06;9.9988283068520998e-16;1.6450398535064565e-07;2.2854464701376226e-15;3.1153041477451475e-07
383000000;4.0970239639282227e+00;2.1360640525817871e+00;4.2301440238952637e+00;2.2917120456695557e+00;4.2782721519470215e+00;2.3480319976806641e+00;0.0000000000000000e+00;2.0731316120344022e-06;1.3287335563218425e-15;1.6875711973341691e-07;2.3621929890166088e-15;2.2546766456979950e-07
385000000;4.1154561042785645e+00;2.1452798843383789e+00;4.2536959648132324e+00;2.3060479164123535e+00;4.3069438934326172e+00;2.3552000522613525e+00;0.0000000000000000e+00;2.9669153710258221e-07;8.5702659165085688e-16;1.6322691139635216e-07;3.5709441318785701e-15;8.6735669453957084e-08
387000000;4.1390080451965332e+00;2.1596159934997559e+00;4.2782721519470215e+00;2.3152639865875244e+00;4.3161602020263672e+00;2.3674879074096680e+00;0.0000000000000000e+00;7.6734851853312081e-07;8.9650187569549797e-16;1.4638065515977435e-07;5.3790112541729878e-15;2.1728477040243209e-07
389000000;4.1594882011413574e+00;2.1688320636749268e+00;4.3007998466491699e+00;2.3296000957489014e+00;4.3407359123229980e+00;2.3818240165710449e+00;0.0000000000000000e+00;1.0382139398669794e-06;1.9768699225219951e-15;1.5353760187231534e-07;5.5352357830615861e-15;9.3864948890090276e-08
391000000;4.1799678802490234e+00;2.1811199188232422e+00;4.3202562332153320e+00;2.3377919197082520e+00;4.3724799156188965e+00;2.3910400867462158e+00;0.0000000000000000e+00;2.9963157877519015e-07;1.8224000842211921e-15;1.5122078663109767e-07;6.1180574255997168e-15;8.9975808365609810e-08
393000000;4.1984000205993652e+00;2.1893119812011719e+00;4.3448319435119629e+00;2.3511040210723877e+00;4.3919358253479004e+00;2.4053759574890137e+00;0.0000000000000000e+00;4.3247470239186372e-07;2.7100186735774676e-16;1.5912870614422921e-07;3.1165214746140878e-15;1.4949737633636241e-07
395000000;4.2250242233276367e+00;2.2046720981597900e+00;4.3632640838623047e+00;2.3633921146392822e+00;4.4144639968872070e+00;2.4197120666503906e+00;0.0000000000000000e+00;1.4667022060301040e-06;1.0757710369915410e-15;1.5755066297421431e-07;3.2273131109746233e-15;1.2156078273519065e-07
397000000;4.2444801330566406e+00;2.2138879299163818e+00;4.3827199935913086e+00;2.3777279853820801e+00;4.4380159378051758e+00;2.4289278984069824e+00;0.0000000000000000e+00;1.4915762660968999e-06;5.2080100732621554e-16;1.5355552040419627e-07;9.1140176282087724e-15;2.3336316311505191e-07
399000000;4.2659840583801270e+00;2.2261760234832764e+00;4.4124159812927246e+00;2.3920640945434570e+00;4.4625921249389648e+00;2.4391679763793945e+00;0.0000000000000000e+00;3.0444068344153930e-06;3.1933106075856120e-15;1.7443198779456359e-07;2.9030096432596473e-15;8.3178108444350176e-08
401000000;4.2864642143249512e+00;2.2374401092529297e+00;4.4298238754272461e+00;2.4043519496917725e+00;4.4759039878845215e+00;2.4535040855407715e+00;0.0000000000000000e+00;8.8113789528035610e-07;4.8876687268308221e-16;1.4944926607176774e-07;1.8328757725615583e-15;2.3408215066384935e-07
403000000;4.3079681396484375e+00;2.2487039566040039e+00;4.4492797851562500e+00;2.4156160354614258e+00;4.5004801750183105e+00;2.4668159484863281e+00;0.0000000000000000e+00;3.0150242364681945e-07;8.5913818762155570e-16;1.5435093461453657e-07;5.2775631525324130e-15;3.6739475255002110e-07
405000000;4.3274240493774414e+00;2.2589440345764160e+00;4.4738559722900391e+00;2.4279038906097412e+00;4.5301761627197266e+00;2.4832000732421875e+00;0.0000000000000000e+00;6.0354950156562035e-07;2.2013109443069901e-15;1.5183766576401698e-07;3.7911466263064829e-15;2.4998703095958934e-07
407000000;4.3499522209167480e+00;2.2702078819274902e+00;4.4984321594238281e+00;2.4401919841766357e+00;4.5465598106384277e+00;2.4934399127960205e+00;0.0000000000000000e+00;2.1505714331363865e-06;2.4874756847621162e-16;1.5667534015015425e-07;8.8305386809055125e-15;3.4770942487070297e-07
409000000;4.3704319000244141e+00;2.2835199832916260e+00;4.5189118385314941e+00;2.4504320621490479e+00;4.5680642127990723e+00;2.5057280063629150e+00;0.0000000000000000e+00;8.6989415330022627e-07;1.1387844618914377e-15;1.4225543527161399e-07;7.1743421099160575e-15;3.8078995119855801e-07
411000000;4.3919358253479004e+00;2.2917120456695557e+00;4.5383682250976562e+00;2.4657919406890869e+00;4.5967359542846680e+00;2.5200641155242920e+00;0.0000000000000000e+00;2.5876600457102085e-07;1.3579031331287847e-15;1.4049711460842422e-07;3.8473922105315565e-15;2.2724645775598454e-07
413000000;4.4144639968872070e+00;2.3029758930206299e+00;4.5649919509887695e+00;2.4760320186614990e+00;4.6202878952026367e+00;2.5323519706726074e+00;0.0000000000000000e+00;2.9012476948821750e-07;5.0165718745048455e-16;1.5526486525961400e-07;1.2541429686262113e-15;3.1585682192204982e-07
415000000;4.4369921684265137e+00;2.3162879943847656e+00;4.5885438919067383e+00;2.4903678894042969e+00;4.6346240043640137e+00;2.5456640720367432e+00;0.0000000000000000e+00;1.5294846567270853e-07;0.0000000000000000e+00;1.4970540720259347e-07;4.1492976864633451e-15;3.5622575903382089e-07
417000000;4.4574718475341797e+00;2.3265280723571777e+00;4.6110720634460449e+00;2.5016319751739502e+00;4.6551041603088379e+00;2.5528318881988525e+00;0.0000000000000000e+00;7.8175064060653124e-07;2.2149024419445050e-16;1.4011615775395517e-07;5.0942756164723620e-15;2.8845438399146491e-07
419000000;4.4810237884521484e+00;2.3388159275054932e+00;4.6315522193908691e+00;2.5149440765380859e+00;4.6827521324157715e+00;2.5671679973602295e+00;0.0000000000000000e+00;8.3587085255799592e-07;4.7429402760895700e-16;1.4730770347760010e-07;4.2686462484806132e-15;3.7364381644523019e-07
421000000;4.4994559288024902e+00;2.3511040210723877e+00;4.6499838829040527e+00;2.5262079238891602e+00;4.7032318115234375e+00;2.5774080753326416e+00;0.0000000000000000e+00;1.2156970987483465e-06;2.3210151603247990e-15;1.5095440925783354e-07;6.1079346324336816e-16;1.6155532460309670e-07
423000000;4.5209598541259766e+00;2.3592960834503174e+00;4.6714878082275391e+00;2.5354239940643311e+00;4.7206401824951172e+00;2.5948159694671631e+00;0.0000000000000000e+00;1.4842242726927631e-06;1.0718287060511309e-15;1.4816821790366171e-07;1.7863811767518848e-15;5.0265473775105129e-08
425000000;4.5424637794494629e+00;2.3715839385986328e+00;4.6991357803344727e+00;2.5518081188201904e+00;4.7482881546020508e+00;2.6040320396423340e+00;0.0000000000000000e+00;6.4476717135402576e-07;6.8162630523288118e-16;1.3803838164710153e-07;2.3856920683150842e-15;3.4858277798080259e-08
427000000;4.5649919509887695e+00;2.3818240165710449e+00;4.7206401824951172e+00;2.5640959739685059e+00;4.7636480331420898e+00;2.6112000942230225e+00;0.0000000000000000e+00;1.3409190775513757e-06;2.4105958506190595e-16;1.4913799559608838e-07;2.0490064730262006e-15;1.4738653415168515e-07
429000000;4.5864958763122559e+00;2.3941121101379395e+00;4.7400960922241211e+00;2.5743360519409180e+00;4.7943677902221680e+00;2.6286079883575439e+00;0.0000000000000000e+00;1.7990391564471343e-06;2.8540161365453253e-15;1.3517059238636639e-07;3.7321749477900408e-15;3.1071949420435691e-08
431000000;4.6069760322570801e+00;2.4053759574890137e+00;4.7595520019531250e+00;2.5896959304809570e+00;4.8158721923828125e+00;2.6439681053161621e+00;0.0000000000000000e+00;2.8253784376106689e-06;4.2478924602287796e-16;1.3201809885110299e-07;3.3983139681830236e-15;4.3078004344967300e-07
433000000;4.6315522193908691e+00;2.4156160354614258e+00;4.7871999740600586e+00;2.6019840240478516e+00;4.8394241333007812e+00;2.6531839370727539e+00;0.0000000000000000e+00;1.9381360633741009e-07;0.0000000000000000e+00;1.2402938062307133e-07;2.5861064863239681e-15;1.9381360633741009e-07
435000000;4.6520318984985352e+00;2.4289278984069824e+00;4.8035840988159180e+00;2.6132481098175049e+00;4.8568320274353027e+00;2.6675200462341309e+00;0.0000000000000000e+00;8.8325614911630889e-07;7.9868297313927380e-16;1.2336652441162007e-07;3.7937441224115510e-15;1.3287425078704037e-07
437000000;4.6725120544433594e+00;2.4401919841766357e+00;4.8291840553283691e+00;2.6224639415740967e+00;4.8844799995422363e+00;2.6736640930175781e+00;0.0000000000000000e+00;2.5734567563080131e-07;6.0256966535549584e-16;1.2569912417896593e-07;2.2094221063034845e-15;4.7301375948609458e-07
439000000;4.6919679641723633e+00;2.4504320621490479e+00;4.8517122268676758e+00;2.6368000507354736e+00;4.8998398780822754e+00;2.6910719871520996e+00;0.0000000000000000e+00;3.0466399665165730e-08;1.0099676748669731e-15;1.2512492250839652e-07;4.4438577694146818e-15;5.1175586703118565e-07
441000000;4.7175679206848145e+00;2.4616959095001221e+00;4.8721919059753418e+00;2.6511359214782715e+00;4.9254398345947266e+00;2.7043840885162354e+00;0.0000000000000000e+00;2.6445969257035804e-09;1.5701405338288571e-15;1.2114046380379763e-07;3.1402810676577142e-15;4.1883679325672915e-07
443000000;4.7370238304138184e+00;2.4739840030670166e+00;4.8916478157043457e+00;2.6603519916534424e+00;4.9479680061340332e+00;2.7156479358673096e+00;0.0000000000000000e+00;2.1937052644507972e-06;2.0040687995407156e-16;1.2580261620095226e-07;2.0040687995407156e-16;5.7981589827054360e-07
445000000;4.7564802169799805e+00;2.4862720966339111e+00;4.9172477722167969e+00;2.6777598857879639e+00;4.9715199470520020e+00;2.7289600372314453e+00;0.0000000000000000e+00;7.0275818214102707e-08;7.6499448020158504e-16;1.1991705686024485e-07;1.9124862005039625e-15;5.4577910817708362e-07
447000000;4.7800321578979492e+00;2.4975359439849854e+00;4.9377279281616211e+00;2.6920959949493408e+00;4.9930238723754883e+00;2.7351040840148926e+00;0.0000000000000000e+00;8.1672070177980466e-07;5.5110889778964606e-16;1.1516959243949360e-07;2.3881385570884663e-15;5.6402620220252504e-07
449000000;4.8005118370056152e+00;2.5088000297546387e+00;4.9633278846740723e+00;2.6992640495300293e+00;5.0145277976989746e+00;2.7576320171356201e+00;0.0000000000000000e+00;8.8247764005850977e-07;1.2628373145110164e-15;1.1425396971265331e-07;2.5256746290220328e-15;3.7662922704707355e-07
451000000;4.8199682235717773e+00;2.5190401077270508e+00;4.9827837944030762e+00;2.7166719436645508e+00;5.0421757698059082e+00;2.7648000717163086e+00;0.0000000000000000e+00;8.2145528574224740e-08;2.6532988065226232e-15;1.1049459601697567e-07;3.1839585678271478e-15;5.8261131479005431e-07
453000000;4.8445439338684082e+00;2.5313279628753662e+00;5.0042881965637207e+00;2.7258880138397217e+00;5.0575361251831055e+00;2.7811839580535889e+00;0.0000000000000000e+00;7.1552061030510315e-07;0.0000000000000000e+00;1.0554343087026970e-07;1.0090995920534989e-15;3.6799182626407672e-07
455000000;4.8650240898132324e+00;2.5425920486450195e+00;5.0257921218872070e+00;2.7392001152038574e+00;5.0769920349121094e+00;2.7914240360260010e+00;0.0000000000000000e+00;1.2992640714505690e-07;4.6192457050264194e-16;9.6119361305815251e-08;4.3112959913579913e-15;6.1405518917782816e-07
457000000;4.8865280151367188e+00;2.5538558959960938e+00;5.0472960472106934e+00;2.7525119781494141e+00;5.1015682220458984e+00;2.7996160984039307e+00;0.0000000000000000e+00;5.2941224844378325e-07;1.1034158182731291e-15;9.9791442352715384e-08;3.7831399483650142e-15;4.0148924061146416e-07
459000000;4.9090561866760254e+00;2.5661439895629883e+00;5.0728960037231445e+00;2.7658240795135498e+00;5.1322879791259766e+00;2.8129279613494873e+00;0.0000000000000000e+00;1.1033338306897989e-07;7.8766658061958009e-16;1.0013556908195335e-07;1.4177998451152442e-15;2.7948349326464208e-07
461000000;4.9315838813781738e+00;2.5774080753326416e+00;5.0913281440734863e+00;2.7770879268646240e+00;5.1517438888549805e+00;2.8231680393218994e+00;0.0000000000000000e+00;2.0237578493954840e-08;0.0000000000000000e+00;1.0448640924427548e-07;0.0000000000000000e+00;4.5521777287200167e-07
463000000;4.9520640373229980e+00;2.5866239070892334e+00;5.1159038543701172e+00;2.7914240360260010e+00;5.1681280136108398e+00;2.8354558944702148e+00;0.0000000000000000e+00;5.5202652547920550e-08;8.5453536034903153e-16;1.0998631854693666e-07;2.2217919369074820e-15;2.2006245440017937e-07
465000000;4.9725441932678223e+00;2.5968639850616455e+00;5.1415038108825684e+00;2.8037118911743164e+00;5.1916799545288086e+00;2.8508160114288330e+00;0.0000000000000000e+00;9.5970324090472627e-07;4.9412315784135092e-16;1.0591039932276813e-07;3.1294466663285556e-15;5.1756932358704966e-07
467000000;4.9930238723754883e+00;2.6112000942230225e+00;5.1558399200439453e+00;2.8119039535522461e+00;5.2131838798522949e+00;2.8600320816040039e+00;0.0000000000000000e+00;6.6997532217799285e-07;3.3330170292017251e-16;1.0840443872557341e-07;4.9995255438025875e-15;1.3315535452427461e-07
469000000;5.0155520439147949e+00;2.6204159259796143e+00;5.1865601539611816e+00;2.8313601016998291e+00;5.2387838363647461e+00;2.8846080303192139e+00;0.0000000000000000e+00;4.2604945806714465e-07;1.8142523090174929e-15;1.0629429023471806e-07;1.4843882528324940e-15;2.4895504138708520e-07
471000000;5.0319361686706543e+00;2.6296319961547852e+00;5.2070398330688477e+00;2.8415999412536621e+00;5.2633600234985352e+00;2.8825600147247314e+00;0.0000000000000000e+00;2.2927865272876651e-07;6.7117096533982870e-16;1.0954579984085481e-07;2.0135128960194861e-15;4.0130264174358336e-07
473000000;5.0585598945617676e+00;2.6439681053161621e+00;5.2234239578247070e+00;2.8518400192260742e+00;5.2807679176330566e+00;2.9020159244537354e+00;0.0000000000000000e+00;3.5064201954951949e-07;8.0093073652538508e-16;1.0536295210688881e-07;1.6018614730507702e-15;3.3735224439802478e-07
475000000;5.0790400505065918e+00;2.6542079448699951e+00;5.2520961761474609e+00;2.8651518821716309e+00;5.3043198585510254e+00;2.9132800102233887e+00;0.0000000000000000e+00;4.5163408114538591e-07;1.3305227334468682e-15;9.7745697423269822e-08;1.7740303112624909e-15;1.3415899077100676e-07
477000000;5.1036162376403809e+00;2.6654720306396484e+00;5.2736001014709473e+00;2.8764159679412842e+00;5.3278717994689941e+00;2.9245440959930420e+00;0.0000000000000000e+00;8.9173569241836869e-07;8.3458250412687148e-16;9.2037660491667147e-08;1.3909708402114524e-15;2.1964108722361275e-07
479000000;5.1220479011535645e+00;2.6777598857879639e+00;5.2930560111999512e+00;2.8917760848999023e+00;5.3544960021972656e+00;2.9409279823303223e+00;0.0000000000000000e+00;8.9927688866865922e-08;1.3404145719037852e-15;8.9574245939800109e-08;2.8148706009979491e-15;1.2596118923595651e-07
481000000;5.1384320259094238e+00;2.6869759559631348e+00;5.3145599365234375e+00;2.8989439010620117e+00;5.3770241737365723e+00;2.9480960369110107e+00;0.0000000000000000e+00;1.5002134998621813e-06;6.6196530879754094e-16;9.0276443090835720e-08;2.6478612351901638e-15;1.4973180748549112e-07
483000000;5.1630082130432129e+00;2.6992640495300293e+00;5.3391361236572266e+00;2.9173760414123535e+00;5.3893117904663086e+00;2.9603838920593262e+00;0.0000000000000000e+00;4.0031707408305375e-07;6.6030460195822863e-16;8.9001943977152068e-08;1.5847310446997487e-15;3.2941740731283151e-07
485000000;5.1875839233398438e+00;2.7105278968811035e+00;5.3596158027648926e+00;2.9317119121551514e+00;5.4108161926269531e+00;2.9695999622344971e+00;0.0000000000000000e+00;1.8335415322686998e-07;3.8491902571836941e-16;8.7304696718114370e-08;3.2076585476530781e-15;2.2994950354027487e-07
487000000;5.2080640792846680e+00;2.7197439670562744e+00;5.3841919898986816e+00;2.9419519901275635e+00;5.4425601959228516e+00;2.9849600791931152e+00;0.0000000000000000e+00;5.7587465345811581e-09;0.0000000000000000e+00;8.9972571491936711e-08;1.1691037163017581e-15;2.1497800599908590e-07
489000000;5.2285442352294922e+00;2.7351040840148926e+00;5.4046721458435059e+00;2.9532160758972168e+00;5.4640641212463379e+00;2.9962239265441895e+00;0.0000000000000000e+00;7.0240905459409563e-07;1.3565302949806466e-16;9.5588678287630928e-08;1.7634893834748405e-15;2.4435709901435971e-07
491000000;5.2510719299316406e+00;2.7463679313659668e+00;5.4261760711669922e+00;2.9706239700317383e+00;5.4824957847595215e+00;3.0156800746917725e+00;0.0000000000000000e+00;2.3917358902791083e-07;2.7824015315627876e-16;9.9199331734870800e-08;2.7824015315627876e-15;2.0896354531218231e-07
493000000;5.2736001014709473e+00;2.7566080093383789e+00;5.4466562271118164e+00;2.9798400402069092e+00;5.5060482025146484e+00;3.0228478908538818e+00;0.0000000000000000e+00;4.5389258580986774e-07;1.3121160843530770e-16;9.3589195305440145e-08;3.8051366446239231e-15;1.0167410638161501e-07
495000000;5.2961277961730957e+00;2.7678720951080322e+00;5.4732799530029297e+00;2.9880321025848389e+00;5.5244798660278320e+00;3.0402560234069824e+00;0.0000000000000000e+00;6.8722292560214281e-07;6.6641440968920272e-16;9.6986544876309642e-08;7.1972756246433884e-15;1.8633300894244534e-07
497000000;5.3145599365234375e+00;2.7801599502563477e+00;5.4978561401367188e+00;3.0044159889221191e+00;5.5500798225402832e+00;3.0504961013793945e+00;0.0000000000000000e+00;4.8695664776507375e-07;6.4374763031208579e-16;9.4150053333418796e-08;3.7337362558100975e-15;7.2225394904887693e-08
499000000;5.3381118774414062e+00;2.7893760204315186e+00;5.5162878036499023e+00;3.0167040824890137e+00;5.5828480720520020e+00;3.0658559799194336e+00;0.0000000000000000e+00;2.1449454042804679e-07;1.3328585379488824e-15;9.8209162532698380e-08;2.6657170758977646e-16;7.1734651106194418e-08
501000000;5.3565440177917480e+00;2.8047358989715576e+00;5.5459837913513184e+00;3.0300159454345703e+00;5.5982079505920410e+00;3.0781440734863281e+00;0.0000000000000000e+00;8.4107811812171208e-07;6.7585707586529712e-16;1.0041110549820435e-07;1.2165427365575348e-15;4.2812507778510562e-08
503000000;5.3780479431152344e+00;2.8149759769439697e+00;5.5582718849182129e+00;3.0412800312042236e+00;5.6166400909423828e+00;3.0853118896484375e+00;0.0000000000000000e+00;1.7775674996514977e-07;9.5176384014221841e-16;1.0183198220975945e-07;2.7193252575491954e-15;1.1422857624386452e-07
505000000;5.3975038528442383e+00;2.8231680393218994e+00;5.5889921188354492e+00;3.0566399097442627e+00;5.6422400474548340e+00;3.0986239910125732e+00;0.0000000000000000e+00;7.8325161120979121e-07;1.3638923857409171e-16;1.0285920082470624e-07;3.1369524872041091e-15;2.7068770690798389e-07
507000000;5.4251518249511719e+00;2.8344318866729736e+00;5.6104960441589355e+00;3.0679039955139160e+00;5.6596479415893555e+00;3.1119360923767090e+00;0.0000000000000000e+00;1.8239806916756015e-06;1.0408464842719009e-15;9.7598530943260048e-08;2.7322220212137399e-15;1.4758008788645434e-07
509000000;5.4456319808959961e+00;2.8508160114288330e+00;5.6289281845092773e+00;3.0760960578918457e+00;5.6831998825073242e+00;3.1231999397277832e+00;0.0000000000000000e+00;4.5193702142842604e-07;6.2535669678531339e-16;9.4802411908911403e-08;2.1262127690700657e-15;2.5049552935136283e-07
511000000;5.4681601524353027e+00;2.8600320816040039e+00;5.6514558792114258e+00;3.0894079208374023e+00;5.7036800384521484e+00;3.1436800956726074e+00;0.0000000000000000e+00;2.0867016775578264e-07;1.3205064711503502e-15;1.0211980195778819e-07;5.2820258846014007e-16;2.0867016775578264e-07
513000000;5.4906878471374512e+00;2.8712959289550781e+00;5.6709117889404297e+00;3.1047680377960205e+00;5.7292799949645996e+00;3.1549439430236816e+00;0.0000000000000000e+00;8.8848596781222759e-07;1.9078252507991084e-15;9.6579411590230586e-08;1.2718835005327390e-16;2.7233736549867131e-07
515000000;5.5111680030822754e+00;2.8866560459136963e+00;5.6995840072631836e+00;3.1150081157684326e+00;5.7466878890991211e+00;3.1569919586181641e+00;0.0000000000000000e+00;9.9307155922860586e-07;1.2479745039137610e-16;9.4318653421195283e-08;0.0000000000000000e+00;2.1293061889546529e-07
517000000;5.5306239128112793e+00;2.8968958854675293e+00;5.7190399169921875e+00;3.1272959709167480e+00;5.7763838768005371e+00;3.1764481067657471e+00;0.0000000000000000e+00;5.2122401970187477e-07;0.0000000000000000e+00;9.7622039923801788e-08;3.7491193155024561e-15;2.4224922744353259e-07
519000000;5.5531520843505859e+00;2.9091839790344238e+00;5.7405438423156738e+00;3.1426560878753662e+00;5.7968640327453613e+00;3.1877119541168213e+00;0.0000000000000000e+00;2.6184127378582738e-07;5.9464585787454876e-16;8.9894662533088408e-08;2.3785834314981950e-15;2.6184127378582738e-07
521000000;5.5726079940795898e+00;2.9184000492095947e+00;5.7671680450439453e+00;3.1539199352264404e+00;5.8234882354736328e+00;3.2020480632781982e+00;0.0000000000000000e+00;1.4723829415822582e-06;0.0000000000000000e+00;8.8434198705099117e-08;2.2385367991030376e-15;1.4407182839909080e-07
523000000;5.5982079505920410e+00;2.9306879043579102e+00;5.7886719703674316e+00;3.1621119976043701e+00;5.8388481140136719e+00;3.2092161178588867e+00;0.0000000000000000e+00;1.2030590950348058e-06;1.8773474670629735e-15;8.8031730624475097e-08;3.0506896339773321e-15;3.2115250409969087e-07
525000000;5.6207361221313477e+00;2.9429759979248047e+00;5.8142719268798828e+00;3.1733760833740234e+00;5.8624000549316406e+00;3.2225279808044434e+00;0.0000000000000000e+00;8.8579056663177915e-07;1.1669497505270340e-16;8.6918048150012301e-08;5.8347487526351692e-16;3.0456204933310110e-07
527000000;5.6422400474548340e+00;2.9511680603027344e+00;5.8357758522033691e+00;3.1938560009002686e+00;5.8880000114440918e+00;3.2409598827362061e+00;0.0000000000000000e+00;7.9868693742401095e-07;1.7650790355429087e-15;8.8424865203860607e-08;4.5892054924115623e-15;2.9328982192320994e-07
529000000;5.6668162345886230e+00;2.9644799232482910e+00;5.8552317619323730e+00;3.2071681022644043e+00;5.9084801673889160e+00;3.2471039295196533e+00;0.0000000000000000e+00;1.0590358286716223e-06;6.0521868521546951e-16;9.2096355133551113e-08;3.0260934260773477e-15;3.4420235219126817e-07
531000000;5.6893439292907715e+00;2.9757440090179443e+00;5.8746881484985352e+00;3.2112638950347900e+00;5.9371519088745117e+00;3.2624640464782715e+00;0.0000000000000000e+00;8.0368773478669117e-07;1.9092532983929134e-15;9.0293614112995562e-08;1.9092532983929134e-15;4.1930427495648691e-07
533000000;5.7067518234252930e+00;2.9849600791931152e+00;5.8992638587951660e+00;3.2276480197906494e+00;5.9576320648193359e+00;3.2757759094238281e+00;0.0000000000000000e+00;1.2787917947247208e-06;1.1750363112299966e-15;8.7163840116118728e-08;9.4002904898399723e-16;3.3252757065997451e-07
535000000;5.7262082099914551e+00;2.9972479343414307e+00;5.9176959991455078e+00;3.2450559139251709e+00;5.9740161895751953e+00;3.2890880107879639e+00;0.0000000000000000e+00;1.9696064877794021e-06;2.2384516601806411e-16;8.4024133985193965e-08;1.1192258300903205e-16;4.6740700744303346e-07
