Num rows;Error TRSV multi-kernel fp64;Error TRSV single kernel fp64;Error TRSV fp64;Error CUBLAS TRSV fp64
50;+1.4339919265638844e-16;+1.4339919265638844e-16;+3.5058724811751602e-16;+0.0000000000000000e+00
100;+2.5627360793308149e-16;+5.6101054142194744e-16;+3.1601548907040838e-15;+0.0000000000000000e+00
150;+5.4238056205717308e-16;+9.5034762843552808e-16;+7.8223725072207236e-16;+0.0000000000000000e+00
200;+9.5058705773220778e-16;+1.0147842516882480e-15;+5.2532374463399264e-16;+0.0000000000000000e+00
250;+7.1254742698505134e-15;+4.0813338060960888e-15;+5.1840510998649447e-15;+0.0000000000000000e+00
300;+3.6893827479782052e-16;+4.0169073968603626e-16;+6.1501136593847415e-16;+0.0000000000000000e+00
350;+1.0924415276685482e-15;+8.2103921159250740e-16;+1.2511216342613022e-15;+0.0000000000000000e+00
400;+5.8927706198616965e-16;+9.6915305801088271e-16;+1.0931323895861750e-15;+0.0000000000000000e+00
450;+9.6802300500221941e-16;+1.5938304819577891e-15;+1.9937201359002050e-15;+0.0000000000000000e+00
500;+6.7100717598630830e-16;+7.5268204846614858e-16;+1.7031743167717737e-15;+0.0000000000000000e+00
550;+1.0673752309088668e-15;+1.9495788097390407e-15;+4.7909368140267660e-15;+0.0000000000000000e+00
600;+2.8184136750613676e-15;+3.7112309620315306e-15;+3.9694729067751623e-15;+0.0000000000000000e+00
650;+1.5289734063556228e-15;+2.3092992773526992e-15;+1.3760632211565138e-15;+0.0000000000000000e+00
700;+6.8992732329860545e-16;+1.3897045548802600e-15;+4.6415868894826488e-15;+0.0000000000000000e+00
750;+5.7528193806226436e-15;+6.0529011020295072e-15;+5.5225564278218574e-15;+0.0000000000000000e+00
800;+2.7056443781710744e-15;+1.0213555348933201e-15;+9.7693754104042106e-16;+0.0000000000000000e+00
850;+1.6468725676928160e-14;+1.1393644937399191e-14;+1.6233225661177647e-14;+0.0000000000000000e+00
900;+1.5033206150701536e-15;+8.2637893050109031e-15;+1.4482264785247438e-15;+0.0000000000000000e+00
950;+3.4554227555061098e-15;+5.7579498132527146e-15;+4.5964893889831709e-15;+0.0000000000000000e+00
1000;+1.5956045805018470e-15;+1.3258521141470373e-15;+6.5863115062904519e-15;+0.0000000000000000e+00
1050;+7.0890443998273433e-16;+1.5008536880840620e-15;+1.3590442993253872e-15;+0.0000000000000000e+00
1100;+6.5722206161134409e-15;+2.3248126072759675e-14;+8.6592661443922804e-15;+0.0000000000000000e+00
1150;+1.0746679157835733e-15;+4.0156644092804715e-15;+9.8702153564257917e-15;+0.0000000000000000e+00
1200;+2.6445217315636761e-15;+2.6169828490294231e-15;+3.4832238251626962e-15;+0.0000000000000000e+00
1250;+1.2583881402217337e-15;+1.7406329353386425e-15;+3.1206998829112561e-15;+0.0000000000000000e+00
1300;+2.7251015078163803e-15;+7.3028089508107773e-15;+2.2171994000309458e-15;+0.0000000000000000e+00
1350;+2.0012048138719338e-15;+3.8018303486098161e-15;+2.5897415407726844e-15;+0.0000000000000000e+00
1400;+1.2417255242196617e-14;+8.4808226474748317e-15;+1.4756248731099546e-15;+0.0000000000000000e+00
1450;+1.6800690722229653e-14;+5.8209020051760059e-15;+1.9673245858880684e-14;+0.0000000000000000e+00
1500;+1.1160492383033744e-14;+9.8079817391096002e-15;+4.6805416523972464e-15;+0.0000000000000000e+00
1550;+5.9142912983084628e-15;+1.4160584573027529e-15;+6.5808594006281172e-16;+0.0000000000000000e+00
1600;+1.8565148866470325e-15;+1.2071109330047523e-15;+3.2955968958954734e-15;+0.0000000000000000e+00
1650;+1.1858587539964066e-15;+5.2117616134539949e-15;+4.1377842825105648e-15;+0.0000000000000000e+00
1700;+2.9535802091070613e-14;+1.8948113623730324e-14;+4.0105659522485793e-14;+0.0000000000000000e+00
1750;+1.7057053344895412e-15;+2.3332638882471176e-15;+2.4151478103171412e-15;+0.0000000000000000e+00
1800;+2.3266138733114277e-15;+1.0146334388846215e-14;+3.8399320815966447e-15;+0.0000000000000000e+00
1850;+1.6340855619216211e-15;+4.3502564772375082e-15;+2.0698491573068001e-15;+0.0000000000000000e+00
1900;+7.7225468437385126e-15;+9.8357923738091009e-15;+1.3486631992706561e-14;+0.0000000000000000e+00
1950;+4.7642294109021688e-15;+9.3339922373581100e-15;+3.6604620500024115e-15;+0.0000000000000000e+00
2000;+6.7880248782240454e-15;+5.0827731491680702e-15;+3.8757436141356769e-15;+0.0000000000000000e+00
2050;+9.7882244919491836e-14;+3.6314130548430212e-14;+1.3949523022058982e-13;+0.0000000000000000e+00
2100;+7.6461865452641646e-15;+1.3552056009766887e-14;+8.9461957092456116e-15;+0.0000000000000000e+00
2150;+4.4373430447747990e-15;+9.2250936374836587e-15;+5.2147395259835369e-15;+0.0000000000000000e+00
2200;+5.8455648878818692e-15;+5.9169045753475196e-16;+4.9485762850022588e-15;+0.0000000000000000e+00
2250;+2.3973799510589526e-15;+6.6512360982930575e-15;+1.9525368590934310e-14;+0.0000000000000000e+00
2300;+7.2521545304813796e-15;+4.1005044850798093e-15;+8.2806943748627852e-16;+0.0000000000000000e+00
2350;+2.9157251880024628e-15;+1.9932484715779100e-15;+2.9601996393768207e-15;+0.0000000000000000e+00
2400;+3.3284763202043300e-14;+2.7684238920784900e-14;+1.5412515476736670e-13;+0.0000000000000000e+00
2450;+9.8350819289718359e-15;+1.7444551936137191e-14;+4.7689659871125433e-15;+0.0000000000000000e+00
2500;+6.2066082492466162e-15;+8.5021829197798793e-15;+1.3712913528395081e-14;+0.0000000000000000e+00
2550;+1.2918991125746327e-15;+8.8228204120740644e-15;+1.1410328327927532e-15;+0.0000000000000000e+00
2600;+3.5457687690508026e-14;+1.6303784226240749e-14;+1.9356367478475532e-14;+0.0000000000000000e+00
2650;+4.3093681241350002e-15;+1.2832531291604758e-15;+1.1876587974451198e-15;+0.0000000000000000e+00
2700;+2.0495863363779241e-14;+7.3873527853391722e-15;+3.6478606293996170e-14;+0.0000000000000000e+00
2750;+1.1484132104696078e-15;+4.9656783668873270e-15;+6.7639376851134812e-15;+0.0000000000000000e+00
2800;+5.6127686419881363e-15;+4.6850108445869972e-15;+2.2347586785898354e-14;+0.0000000000000000e+00
2850;+1.7802171471271933e-14;+3.3319393716612946e-14;+5.2068991492233400e-15;+0.0000000000000000e+00
2900;+1.2270351977413553e-14;+7.7116474027067217e-15;+1.4342261878597860e-15;+0.0000000000000000e+00
2950;+1.0340170950406006e-15;+4.6655153291870956e-15;+1.1592402624996504e-15;+0.0000000000000000e+00
3000;+7.5725594199754643e-15;+1.4563980999946262e-14;+7.4905956818683301e-15;+0.0000000000000000e+00
3050;+1.1262206425436218e-14;+7.3412524485240904e-15;+1.2533103886089406e-14;+0.0000000000000000e+00
3100;+1.7485197641858736e-14;+5.1040142760207859e-15;+1.2426482223659819e-15;+0.0000000000000000e+00
3150;+3.0760273050734233e-14;+5.4032988218719754e-14;+1.5894251583428378e-13;+0.0000000000000000e+00
3200;+1.4625998586388777e-14;+7.7896228101851859e-15;+9.1937782594998381e-15;+0.0000000000000000e+00
3250;+9.1901810270352623e-15;+8.8097995511930833e-15;+3.6660029120144252e-15;+0.0000000000000000e+00
3300;+2.6607779896166513e-15;+2.6327052525101824e-15;+2.7901499883662377e-15;+0.0000000000000000e+00
3350;+7.6990305839406575e-15;+3.6970279206929311e-15;+2.5654381336715879e-15;+0.0000000000000000e+00
3400;+1.9242156368273515e-14;+2.4072152490175923e-14;+1.2073064561963385e-14;+0.0000000000000000e+00
3450;+6.0973452699868588e-15;+7.3009538373872451e-15;+1.6253823904927635e-14;+0.0000000000000000e+00
3500;+1.1209144098278129e-14;+3.2314812268375101e-14;+1.3110780701377832e-15;+0.0000000000000000e+00
3550;+2.0226998810146424e-14;+1.8422508690050430e-14;+1.3294185471363142e-14;+0.0000000000000000e+00
3600;+8.7426234616943520e-15;+8.6942510274963356e-15;+3.0731937287468030e-14;+0.0000000000000000e+00
3650;+3.0436150825731450e-14;+2.3748121802085509e-14;+1.7718922519435309e-14;+0.0000000000000000e+00
3700;+1.2407041724038676e-14;+2.4786965758745825e-15;+7.6858233131374191e-15;+0.0000000000000000e+00
3750;+4.2531337069335232e-15;+3.0972504002638281e-15;+2.7333054451997245e-15;+0.0000000000000000e+00
3800;+3.5372188538494152e-14;+1.5156515329210880e-15;+3.6093476286522390e-14;+0.0000000000000000e+00
3850;+8.5902924515753432e-14;+1.6890724317714828e-13;+1.3286827145249643e-13;+0.0000000000000000e+00
3900;+3.1598042359795052e-14;+2.5980935456289847e-14;+2.7595058521670751e-14;+0.0000000000000000e+00
3950;+4.7771140897064492e-14;+7.9411236976064068e-15;+2.1061969209278474e-14;+0.0000000000000000e+00
4000;+3.7632030614987098e-15;+1.9034120244305980e-14;+9.1286127610906745e-15;+0.0000000000000000e+00
4050;+4.2219663491517001e-15;+5.6093848406413498e-15;+4.5092372326002792e-15;+0.0000000000000000e+00
4100;+3.9930237169286960e-15;+3.3307955832024298e-15;+1.6537358779497107e-15;+0.0000000000000000e+00
4150;+2.1523413021897078e-15;+7.0177686983929632e-15;+9.6295969275874668e-15;+0.0000000000000000e+00
4200;+1.0689667592353405e-14;+7.3843903647550114e-15;+4.9163604235794264e-15;+0.0000000000000000e+00
4250;+8.5498207078100552e-14;+7.7755776063909968e-14;+2.2828814348623840e-13;+0.0000000000000000e+00
4300;+9.7047740785115293e-15;+1.9408320743880109e-14;+1.4355544049938974e-14;+0.0000000000000000e+00
4350;+1.1641521326726573e-14;+3.8948305707438368e-15;+3.2836242079252733e-15;+0.0000000000000000e+00
4400;+2.8636909532830589e-15;+2.6929519575356332e-14;+3.4535864801436177e-15;+0.0000000000000000e+00
4450;+1.0019379683262392e-14;+2.2380094418227976e-14;+1.9325897725339738e-14;+0.0000000000000000e+00
4500;+9.9970017801292219e-15;+7.8312422198088498e-15;+7.2999766041599812e-15;+0.0000000000000000e+00
4550;+3.0427166383359789e-14;+8.2908178157723622e-14;+1.0584652066713047e-13;+0.0000000000000000e+00
4600;+8.0780004355889618e-15;+1.7092265818303771e-14;+1.6753396726859580e-14;+0.0000000000000000e+00
4650;+1.0640266260601503e-13;+2.6575008704367208e-14;+1.1403863868222220e-13;+0.0000000000000000e+00
4700;+2.8221860729818016e-14;+1.6716799416865227e-14;+2.0347958393753573e-14;+0.0000000000000000e+00
4750;+6.2408373444125849e-16;+5.0802690318676345e-14;+1.3266383792858117e-14;+0.0000000000000000e+00
4800;+3.1296693420540290e-14;+4.8115314807980255e-14;+3.7272433198651577e-14;+0.0000000000000000e+00
4850;+7.7045998879493259e-15;+9.6318172261425776e-15;+2.6993033098462091e-14;+0.0000000000000000e+00
4900;+9.4595941228791714e-14;+4.3334360196272060e-15;+1.7353654300466745e-14;+0.0000000000000000e+00
4950;+1.1933951602809262e-13;+1.2629411773845226e-13;+7.7023639814494017e-14;+0.0000000000000000e+00
5000;+2.9335370883089550e-14;+3.6486474577880411e-14;+5.4318473359612852e-14;+0.0000000000000000e+00
5050;+8.9037518470269915e-15;+1.7143432740209413e-15;+1.1053707612980612e-14;+0.0000000000000000e+00
5100;+6.6401312656732995e-13;+1.0320105408133205e-12;+1.7083776127649423e-13;+0.0000000000000000e+00
5150;+1.0647352084524054e-14;+1.3323704772649420e-14;+6.1924946940527545e-15;+0.0000000000000000e+00
5200;+1.0949787174279615e-14;+3.2465198791032948e-14;+2.4805252095649966e-14;+0.0000000000000000e+00
5250;+8.8522359302371479e-14;+5.5525021381560422e-15;+2.5209410311209675e-14;+0.0000000000000000e+00
5300;+4.5178342863963685e-15;+7.6738462202434055e-16;+1.0026935015013745e-14;+0.0000000000000000e+00
5350;+4.3141442119563037e-13;+4.2016381527829205e-13;+4.5150161008902319e-13;+0.0000000000000000e+00
5400;+2.7325021710188945e-14;+2.2776261310486078e-14;+1.8990083581935723e-14;+0.0000000000000000e+00
5450;+1.2968727878064477e-14;+3.2720903383180728e-14;+1.2575134789546727e-14;+0.0000000000000000e+00
5500;+4.6020868686971937e-14;+4.4802719072381458e-14;+5.1078145565230553e-14;+0.0000000000000000e+00
5550;+4.0417194304581679e-15;+2.0339327851473079e-14;+7.0899050816579610e-15;+0.0000000000000000e+00
5600;+8.1667217671316411e-14;+3.7150787655925223e-14;+3.2620153828773116e-14;+0.0000000000000000e+00
5650;+2.4748064567543427e-13;+5.6925061270414087e-14;+8.8580375599711739e-14;+0.0000000000000000e+00
5700;+3.8079629493581736e-16;+2.3269319268657560e-14;+3.4754722342398580e-15;+0.0000000000000000e+00
5750;+2.5001973023638591e-14;+1.9135898198365863e-14;+1.2649098866881790e-14;+0.0000000000000000e+00
5800;+2.7199796349836918e-14;+1.3333760362396891e-14;+5.1361362235359710e-15;+0.0000000000000000e+00
5850;+3.0725180263321053e-14;+4.2636323615515273e-14;+5.9526948679527064e-15;+0.0000000000000000e+00
5900;+1.1929759886810686e-15;+7.3996870386406395e-15;+2.3858203078768936e-14;+0.0000000000000000e+00
5950;+2.6099986953727662e-14;+7.0380170884744208e-16;+1.7647136686559123e-14;+0.0000000000000000e+00
6000;+6.9019935773217514e-14;+4.2578783050168226e-14;+1.5590738989786172e-14;+0.0000000000000000e+00
6050;+1.5726666554882508e-14;+1.9033331058867567e-14;+6.9751481384753173e-15;+0.0000000000000000e+00
6100;+1.5300767195153579e-14;+2.6106875650667633e-14;+7.7309178836340702e-15;+0.0000000000000000e+00
6150;+1.2788618681859297e-14;+4.2361049402589833e-14;+3.8145204950828147e-14;+0.0000000000000000e+00
6200;+1.8022579056972621e-14;+7.5485624162954272e-14;+3.2302874478549220e-14;+0.0000000000000000e+00
6250;+1.7163613000081558e-14;+3.8427376796411035e-14;+5.7869760087674307e-14;+0.0000000000000000e+00
6300;+4.6307087170646853e-14;+4.1235558646519154e-14;+7.3672425194606181e-14;+0.0000000000000000e+00
6350;+1.1955820201839389e-14;+2.0498365960268341e-14;+3.7103312639231562e-15;+0.0000000000000000e+00
6400;+1.2682484176930643e-14;+9.4585755488161083e-15;+2.8324652161727831e-15;+0.0000000000000000e+00
6450;+1.1318150943368361e-13;+6.4873641046290774e-14;+1.3876897701800362e-13;+0.0000000000000000e+00
6500;+1.2000672320609735e-13;+3.4369779630900866e-14;+1.8705120545501436e-13;+0.0000000000000000e+00
6550;+8.6140598959783715e-15;+7.5969718865680509e-15;+1.1529453228999402e-14;+0.0000000000000000e+00
6600;+1.8579069697581215e-14;+7.0662325909408939e-14;+9.5776982944935818e-15;+0.0000000000000000e+00
6650;+1.9835090513682774e-14;+2.3967066288660550e-14;+3.6107838224709585e-15;+0.0000000000000000e+00
6700;+3.4219910390462236e-13;+1.5597098950697115e-13;+2.3367552973471716e-13;+0.0000000000000000e+00
6750;+6.7804008388943802e-14;+1.9275722551443123e-14;+6.7097534430846899e-14;+0.0000000000000000e+00
6800;+1.0276182549933959e-13;+1.4992545533189556e-13;+1.0252862692973421e-13;+0.0000000000000000e+00
6850;+5.7405106682391671e-14;+6.6920547471501093e-14;+2.8276563635804226e-14;+0.0000000000000000e+00
6900;+1.0799933688804807e-13;+2.3701092657428365e-14;+2.2984166261757602e-14;+0.0000000000000000e+00
6950;+1.6481209360627566e-13;+4.0367806787580104e-14;+1.4892003979407078e-13;+0.0000000000000000e+00
7000;+6.5068931806147409e-15;+2.2543093813948830e-15;+6.9494765751626001e-15;+0.0000000000000000e+00
7050;+1.1208846658663761e-13;+5.0120122098927849e-14;+1.2848540693179616e-13;+0.0000000000000000e+00
7100;+4.0515686829788135e-13;+2.3128940363004998e-13;+3.2299182997446146e-13;+0.0000000000000000e+00
7150;+8.4503038604010312e-16;+6.3835576756187126e-15;+1.9298681252394650e-14;+0.0000000000000000e+00
7200;+2.6961690416383569e-14;+1.4383261214661015e-14;+1.5153031312431331e-14;+0.0000000000000000e+00
7250;+5.4481598960487817e-15;+5.2279621265337391e-15;+4.2822402792630686e-14;+0.0000000000000000e+00
7300;+2.5225713935370035e-14;+2.2208298219158353e-14;+3.0054263393217852e-14;+0.0000000000000000e+00
7350;+5.9197275798940851e-14;+6.2465890680039796e-14;+6.1934979277597288e-14;+0.0000000000000000e+00
7400;+2.9376304630750435e-14;+2.0977110462283824e-14;+8.8738767948144184e-15;+0.0000000000000000e+00
7450;+1.9725924539647812e-14;+4.5852740356717765e-14;+1.5399744170307507e-14;+0.0000000000000000e+00
7500;+3.3614237654114598e-14;+5.7621983538277675e-14;+5.7197556410145972e-14;+0.0000000000000000e+00
7550;+3.2490881823373046e-15;+1.3955753401633282e-14;+7.1568488754803829e-15;+0.0000000000000000e+00
7600;+1.3625610686985785e-15;+9.4286294155164282e-15;+3.7900715462272350e-15;+0.0000000000000000e+00
7650;+6.5787539888010244e-15;+1.1513915931831428e-15;+4.6355324447201139e-15;+0.0000000000000000e+00
7700;+9.5635646230026644e-15;+3.1000032114394823e-15;+4.6508358778880793e-15;+0.0000000000000000e+00
7750;+3.8632830059062423e-14;+2.6829025087355064e-14;+5.2499133095289287e-14;+0.0000000000000000e+00
7800;+1.4951486930342228e-14;+5.8869923050615803e-14;+1.8288635741343531e-14;+0.0000000000000000e+00
7850;+1.1241243165560554e-14;+7.7713309282027955e-14;+7.2708672455821438e-14;+0.0000000000000000e+00
7900;+2.7687047991260019e-14;+5.4436320996564709e-15;+1.9495106305722635e-13;+0.0000000000000000e+00
7950;+3.1202661190218650e-15;+1.6828980201664424e-14;+8.8470156098393776e-15;+0.0000000000000000e+00
8000;+1.7336518647985365e-14;+5.4944595024199048e-15;+8.2648738904096059e-14;+0.0000000000000000e+00
8050;+1.4612908030844449e-14;+1.5136789748211363e-14;+3.9492401769110836e-15;+0.0000000000000000e+00
8100;+5.6745824488644587e-15;+5.5888421329361079e-15;+1.7449621370532974e-14;+0.0000000000000000e+00
8150;+2.7786101831152189e-14;+4.5804690651894649e-15;+4.1400991908057044e-15;+0.0000000000000000e+00
8200;+9.8293867220204269e-14;+1.5448374779075520e-14;+9.6783416270528433e-14;+0.0000000000000000e+00
8250;+1.2247224551320537e-14;+1.9743352859612867e-14;+1.8402266793396418e-14;+0.0000000000000000e+00
8300;+1.7805316243139093e-13;+1.1341551062877971e-13;+1.1424076836460423e-13;+0.0000000000000000e+00
8350;+1.3431554318890606e-13;+6.6760445031502772e-13;+3.4202883548771301e-13;+0.0000000000000000e+00
8400;+1.9693692669072371e-14;+2.3231536409537297e-14;+2.6121643763976832e-14;+0.0000000000000000e+00
8450;+1.8896055212904702e-14;+2.3247999902427671e-14;+1.1755818066777311e-14;+0.0000000000000000e+00
8500;+4.2961046787238839e-14;+2.3762986237471290e-14;+4.1345931125419584e-14;+0.0000000000000000e+00
8550;+3.4645144665080860e-14;+4.0894330929165475e-15;+3.0039493334994232e-15;+0.0000000000000000e+00
8600;+1.8025689844309613e-14;+1.9056481942618496e-14;+3.0907557455762869e-14;+0.0000000000000000e+00
8650;+3.9595744369221619e-14;+1.0112855286066114e-14;+3.7105893847052183e-14;+0.0000000000000000e+00
8700;+5.9400530312674677e-15;+2.3448989370570808e-14;+5.6493684720354394e-14;+0.0000000000000000e+00
8750;+4.5795530803883612e-15;+1.6897576725000324e-14;+5.8692617958331517e-14;+0.0000000000000000e+00
8800;+1.0414596137987423e-13;+6.9422525768006909e-14;+2.3307698555227716e-13;+0.0000000000000000e+00
8850;+1.8150458307096078e-13;+2.8311383011103034e-13;+1.4828535921993803e-13;+0.0000000000000000e+00
8900;+3.1811275464470891e-14;+2.9734267035003290e-14;+1.4684163501963196e-14;+0.0000000000000000e+00
8950;+3.1152506851876656e-14;+6.5298182078769121e-14;+7.1944563144824209e-14;+0.0000000000000000e+00
9000;+5.1472192115097403e-14;+1.4678609563428782e-14;+5.7559001404430665e-14;+0.0000000000000000e+00
9050;+9.3783737577100168e-15;+1.2530622637420797e-14;+7.0692331541467863e-15;+0.0000000000000000e+00
9100;+2.0332156673718184e-14;+1.6424891069071602e-13;+1.0795025522495001e-13;+0.0000000000000000e+00
9150;+2.6709514574902994e-13;+2.4192847527624035e-13;+2.9820409188774989e-13;+0.0000000000000000e+00
9200;+1.4808436662923354e-14;+5.5621364587037137e-15;+2.5540031313184524e-14;+0.0000000000000000e+00
9250;+2.8932324630933528e-14;+1.0010495007991059e-14;+3.9051405428910333e-14;+0.0000000000000000e+00
9300;+7.7209515380698314e-14;+8.3197853379501004e-14;+6.8630962460681412e-14;+0.0000000000000000e+00
9350;+1.1364297199997956e-14;+1.0873616039193671e-14;+1.3294778489825413e-14;+0.0000000000000000e+00
9400;+3.8554849503310507e-14;+1.5848519812055517e-13;+8.7976199982479662e-14;+0.0000000000000000e+00
9450;+2.8124657802180315e-14;+4.2719786958446456e-14;+4.0138553880646186e-14;+0.0000000000000000e+00
9500;+7.2361645173250795e-13;+9.8388472839445171e-13;+2.8936192444899784e-13;+0.0000000000000000e+00
9550;+2.6651206124468227e-14;+9.9512978761680492e-15;+2.7929688816019897e-14;+0.0000000000000000e+00
9600;+1.7530770388660332e-14;+1.0445180148825197e-13;+3.4195105955991680e-15;+0.0000000000000000e+00
9650;+1.2245705963342473e-14;+6.8054619150405349e-14;+2.5456207849147392e-14;+0.0000000000000000e+00
9700;+3.4080519818428421e-14;+6.2698535986437334e-14;+5.2428978828826541e-14;+0.0000000000000000e+00
9750;+4.8100614422879195e-14;+5.1752546838364157e-15;+8.1659536331718040e-15;+0.0000000000000000e+00
9800;+1.0998644278276101e-14;+2.9048001827798019e-14;+1.5149168042132211e-14;+0.0000000000000000e+00
9850;+2.4963014838867914e-14;+1.5423078852630228e-14;+1.1758290370631383e-14;+0.0000000000000000e+00
9900;+4.0644866984440563e-14;+3.0864012266870967e-14;+5.9135160979982265e-14;+0.0000000000000000e+00
9950;+3.5634187417517097e-14;+5.6489600427198009e-14;+3.6994555146100500e-14;+0.0000000000000000e+00
10000;+3.2575289073649286e-14;+7.5290788348452847e-14;+2.5957314359756581e-14;+0.0000000000000000e+00
10050;+1.9301202870624999e-14;+2.8314487200821221e-14;+2.4588218476020893e-15;+0.0000000000000000e+00
10100;+7.3443828462569608e-13;+2.3998934138616923e-13;+6.4001051766431304e-14;+0.0000000000000000e+00
10150;+4.7378613586904725e-15;+1.6371170942084954e-14;+2.9971303738668857e-14;+0.0000000000000000e+00
10200;+3.3425766345023325e-14;+1.5017906738265093e-14;+7.0551470853628847e-14;+0.0000000000000000e+00
10250;+1.2926530755324945e-14;+2.1042362344080565e-14;+2.6430391042034453e-14;+0.0000000000000000e+00
10300;+8.2719915685487597e-14;+6.2544212822777257e-13;+2.7824480970690090e-13;+0.0000000000000000e+00
10350;+1.8275705803046416e-14;+2.3920716617182443e-15;+3.5959680553419997e-14;+0.0000000000000000e+00
10400;+8.8939224529862498e-15;+5.0062018633567798e-14;+4.9110412294784715e-13;+0.0000000000000000e+00
10450;+1.1674057895325056e-13;+1.5183568777862804e-13;+1.9593318522821219e-13;+0.0000000000000000e+00
10500;+1.5624739640416972e-14;+2.0379334257668730e-14;+3.4323580731106200e-14;+0.0000000000000000e+00
10550;+3.4487769144496786e-14;+2.7597711023297067e-15;+3.9380627554713028e-14;+0.0000000000000000e+00
10600;+8.6273466449983329e-13;+8.8967596041909085e-13;+9.0539646973666728e-13;+0.0000000000000000e+00
10650;+6.5157139561927470e-15;+1.1243185820554913e-14;+9.1593089149306571e-15;+0.0000000000000000e+00
10700;+1.6130228578904755e-15;+4.5807426087278238e-14;+1.7624536647638905e-14;+0.0000000000000000e+00
10750;+1.1902061422333701e-15;+1.6835113198528503e-14;+5.3117857796500827e-14;+0.0000000000000000e+00
10800;+1.9374775896814418e-14;+5.7726782830278169e-14;+2.8045678416285257e-14;+0.0000000000000000e+00
10850;+1.0092215441809620e-14;+4.3747302495420435e-14;+1.6988095072632267e-14;+0.0000000000000000e+00
10900;+2.3150093724435418e-14;+9.2458244086289606e-15;+4.4427582837257326e-14;+0.0000000000000000e+00
10950;+9.8880771090043756e-15;+1.2099628277311796e-14;+1.4169176362495141e-14;+0.0000000000000000e+00
11000;+6.9270197264564182e-14;+3.5298934921781722e-14;+3.5879980157085323e-15;+0.0000000000000000e+00
11050;+8.5683472596646073e-14;+6.9209166186965564e-14;+1.2700050483690018e-14;+0.0000000000000000e+00
11100;+2.7566492190036182e-14;+8.9779396678218397e-14;+3.1751296295821966e-13;+0.0000000000000000e+00
11150;+6.5571328383758738e-15;+6.7880960116524758e-15;+1.1911447523075412e-14;+0.0000000000000000e+00
11200;+1.8851461952600152e-14;+5.2251322747152332e-15;+1.2670662307235669e-14;+0.0000000000000000e+00
11250;+2.8184113983969105e-15;+3.1165263437817861e-14;+5.8057597656657477e-14;+0.0000000000000000e+00
11300;+1.5785522702276575e-13;+2.1501576019056929e-13;+3.4833859471225334e-13;+0.0000000000000000e+00
11350;+1.6423904431519108e-10;+1.6105873524951046e-10;+1.7077199029543437e-10;+0.0000000000000000e+00
11400;+7.5215746890804443e-14;+6.8846708601248935e-14;+1.0451782503265556e-13;+0.0000000000000000e+00
11450;+1.5374079586242653e-14;+8.7521631276322127e-14;+6.9794812321881480e-14;+0.0000000000000000e+00
11500;+2.7441924258810715e-14;+8.3597054179557537e-16;+2.5237095550393350e-14;+0.0000000000000000e+00
11550;+1.5824181214503085e-14;+2.6360209308788703e-14;+1.4551781535795586e-14;+0.0000000000000000e+00
11600;+1.9721111518290865e-13;+5.5990110452784168e-14;+6.1965555867941723e-14;+0.0000000000000000e+00
11650;+1.2555286340245257e-14;+7.6334392796220920e-15;+1.9705494499616004e-15;+0.0000000000000000e+00
11700;+2.3181851552430183e-13;+1.3024190547633735e-13;+2.3649431667474213e-13;+0.0000000000000000e+00
11750;+3.6308399966034562e-14;+3.2912435706890027e-14;+7.7171174034968129e-15;+0.0000000000000000e+00
11800;+5.3668341304645519e-14;+7.9465385164723616e-14;+1.3555258913101823e-13;+0.0000000000000000e+00
11850;+4.9348099195779058e-14;+2.8142299966844362e-14;+1.6094157560284603e-13;+0.0000000000000000e+00
11900;+2.7687231012180697e-14;+2.4304976000052719e-14;+3.1224864042109786e-14;+0.0000000000000000e+00
11950;+2.5014502722774142e-14;+1.4750864601848916e-14;+6.4996125886477073e-15;+0.0000000000000000e+00
12000;+2.1577442685615239e-14;+4.2808546897792410e-14;+8.1561951794495648e-15;+0.0000000000000000e+00
12050;+5.2645878694813904e-14;+1.6686446366252860e-14;+2.4745095958390945e-15;+0.0000000000000000e+00
12100;+4.3884782297493081e-14;+1.1917874866439953e-13;+4.5983211080384900e-14;+0.0000000000000000e+00
12150;+6.1639369699307163e-13;+7.9981635060583814e-13;+4.0329881728094534e-13;+0.0000000000000000e+00
12200;+9.9374525373908671e-15;+2.5541608262415402e-14;+6.3582176390964212e-15;+0.0000000000000000e+00
12250;+2.4289499424238128e-14;+1.5314267200395404e-14;+3.2312379885762917e-14;+0.0000000000000000e+00
12300;+6.4237166567418033e-15;+1.1411446434566388e-14;+1.0827225423162146e-14;+0.0000000000000000e+00
12350;+4.3026455443071504e-15;+8.0224635374518073e-15;+6.2303245647061696e-15;+0.0000000000000000e+00
12400;+1.5899799235667221e-14;+2.3481878570995636e-14;+3.7712065100830420e-14;+0.0000000000000000e+00
12450;+8.4442991348586911e-15;+1.1748727019231338e-14;+1.6258458021216554e-14;+0.0000000000000000e+00
12500;+9.6443869979724991e-15;+2.8805653164154993e-14;+3.0036201296421156e-14;+0.0000000000000000e+00
12550;+2.0319641254587682e-13;+7.6274393550092069e-14;+2.1135368204078145e-14;+0.0000000000000000e+00
12600;+3.1044495236828329e-14;+5.6336539531763230e-14;+6.5842916919761573e-14;+0.0000000000000000e+00
12650;+1.5925593905395571e-14;+7.4306600642762705e-15;+2.9675177071452203e-14;+0.0000000000000000e+00
12700;+2.1836124080528876e-14;+2.9315716766873979e-14;+5.2610894712213237e-15;+0.0000000000000000e+00
12750;+1.1063827891115569e-14;+5.1249700390937313e-14;+2.3295145813773924e-14;+0.0000000000000000e+00
12800;+5.2567084241548905e-14;+1.3321412172076836e-14;+2.2269558247892165e-14;+0.0000000000000000e+00
12850;+9.2051852381158184e-15;+6.0796017732271225e-14;+2.6520442795135189e-14;+0.0000000000000000e+00
12900;+6.8545052684966781e-13;+5.2005708245862818e-15;+2.8032931600370260e-13;+0.0000000000000000e+00
12950;+1.9391865085784735e-14;+3.6585074856499291e-15;+4.8737198799731589e-15;+0.0000000000000000e+00
13000;+2.2549661819795745e-14;+3.1306853661561207e-15;+6.4268887582415986e-14;+0.0000000000000000e+00
13050;+7.3741931715193763e-14;+8.0255502907070531e-14;+8.6387133114464491e-14;+0.0000000000000000e+00
13100;+2.2522124266939269e-14;+4.4179179247888802e-14;+4.1201492283294447e-14;+0.0000000000000000e+00
13150;+5.5787817251266458e-14;+4.6404351488712744e-14;+2.0832561580312194e-13;+0.0000000000000000e+00
13200;+1.8561763610865117e-14;+3.8332538729455340e-14;+1.1898424806110489e-15;+0.0000000000000000e+00
13250;+8.2618258362215068e-14;+1.1234423963979485e-13;+2.2264353546108794e-14;+0.0000000000000000e+00
13300;+2.8196067449838339e-14;+1.1795174100959106e-13;+5.7812315989970582e-14;+0.0000000000000000e+00
13350;+8.6439944803216980e-14;+1.9301140490579228e-13;+3.2257139455792040e-13;+0.0000000000000000e+00
13400;+5.0046144606169427e-15;+1.4530097706934318e-14;+7.3442897623703086e-15;+0.0000000000000000e+00
13450;+1.5508050590846375e-15;+1.9520956037631641e-14;+7.5890066405881374e-14;+0.0000000000000000e+00
13500;+4.1282648748489438e-14;+8.8001993671728495e-14;+1.0755663972152718e-13;+0.0000000000000000e+00
13550;+9.2265674531894813e-13;+1.6251112539285526e-15;+1.3481069819446214e-12;+0.0000000000000000e+00
13600;+3.5608657439671803e-14;+3.5835028937422073e-15;+7.9377633731872825e-14;+0.0000000000000000e+00
13650;+4.8758035123261819e-13;+3.1527330318589968e-13;+3.9400267036620778e-13;+0.0000000000000000e+00
13700;+4.6678299773765105e-15;+1.1036632572602580e-14;+1.2866960670800586e-14;+0.0000000000000000e+00
13750;+2.5925009998320470e-13;+2.3924277784833730e-13;+3.7107218242576901e-14;+0.0000000000000000e+00
13800;+1.0924376799823452e-13;+2.4304354954295128e-13;+1.0298665634940583e-13;+0.0000000000000000e+00
13850;+2.6009113646610118e-14;+3.2251157307822229e-14;+4.5870201754538387e-14;+0.0000000000000000e+00
13900;+3.0954791796593432e-14;+1.5651322693518665e-14;+1.8584657658902794e-14;+0.0000000000000000e+00
13950;+1.8831014135479108e-14;+1.3201574256453026e-14;+1.4044482461340589e-14;+0.0000000000000000e+00
14000;+3.2055385320999079e-14;+1.3410878997320534e-14;+5.4725202739272746e-14;+0.0000000000000000e+00
14050;+1.9455081686110213e-15;+6.6287346244486295e-14;+1.0135208273202597e-14;+0.0000000000000000e+00
14100;+2.4466930457146879e-13;+1.6749029721388929e-13;+1.4330105785035816e-13;+0.0000000000000000e+00
14150;+9.3621003421777432e-13;+1.4854339410469233e-12;+1.8096111902556740e-13;+0.0000000000000000e+00
14200;+1.1058055194180913e-14;+5.2861480387806407e-14;+1.0341454326316741e-14;+0.0000000000000000e+00
14250;+3.1014640121297725e-13;+1.1378882478512885e-13;+2.9205554065105843e-13;+0.0000000000000000e+00
14300;+7.7996998072064192e-14;+9.7325660018290334e-13;+5.5498866016024368e-13;+0.0000000000000000e+00
14350;+2.4036915317461133e-13;+3.0950568188314213e-13;+3.0065575636768979e-13;+0.0000000000000000e+00
14400;+5.1149948643976924e-14;+2.4561801733111262e-14;+3.5332703899680683e-14;+0.0000000000000000e+00
14450;+1.5407893289370958e-13;+1.1673967716103374e-13;+2.1900913476016544e-13;+0.0000000000000000e+00
14500;+1.5873262208888924e-13;+2.7161448451828606e-14;+1.4607904618158945e-13;+0.0000000000000000e+00
14550;+3.2920903638884912e-14;+3.3891755483815475e-14;+8.8494466732105598e-15;+0.0000000000000000e+00
14600;+5.4576772777287555e-15;+6.0250288337122100e-15;+4.7035944702014835e-14;+0.0000000000000000e+00
14650;+2.6580993856502190e-14;+5.2308306179583266e-14;+2.0277306781780912e-14;+0.0000000000000000e+00
14700;+3.3974751749669212e-14;+1.4356763853345564e-14;+2.2011402817857459e-14;+0.0000000000000000e+00
14750;+7.6967672727104622e-14;+5.8547488097741518e-14;+5.3651039049620019e-14;+0.0000000000000000e+00
14800;+1.9881773471440616e-13;+1.4339084346137184e-13;+2.3821291271731820e-13;+0.0000000000000000e+00
14850;+5.7049761872815426e-14;+2.3378347640030675e-14;+1.0437881481129981e-14;+0.0000000000000000e+00
14900;+1.8354976793182508e-14;+8.1313844650316052e-14;+5.7657412298829311e-14;+0.0000000000000000e+00
14950;+1.8985377460172785e-14;+2.0002712601807054e-14;+1.1405544372907157e-14;+0.0000000000000000e+00
15000;+1.2238863097448248e-13;+7.0789892533260671e-14;+1.4350200167306527e-13;+0.0000000000000000e+00
15050;+1.3270604300418552e-13;+6.4226626969074421e-14;+2.0864484968167628e-13;+0.0000000000000000e+00
15100;+nan;+nan;+nan;+nan
15150;+nan;+nan;+nan;+nan
15200;+nan;+nan;+nan;+nan
15250;+nan;+nan;+nan;+nan
15300;+nan;+nan;+nan;+nan
15350;+nan;+nan;+nan;+nan
15400;+nan;+nan;+nan;+nan
15450;+nan;+nan;+nan;+nan
15500;+nan;+nan;+nan;+nan
15550;+nan;+nan;+nan;+nan
15600;+nan;+nan;+nan;+nan
15650;+nan;+nan;+nan;+nan
15700;+nan;+nan;+nan;+nan
15750;+nan;+nan;+nan;+nan
15800;+nan;+nan;+nan;+nan
15850;+nan;+nan;+nan;+nan
15900;+nan;+nan;+nan;+nan
15950;+nan;+nan;+nan;+nan
16000;+nan;+nan;+nan;+nan
16050;+nan;+nan;+nan;+nan
16100;+nan;+nan;+nan;+nan
16150;+nan;+nan;+nan;+nan
16200;+nan;+nan;+nan;+nan
16250;+nan;+nan;+nan;+nan
16300;+nan;+nan;+nan;+nan
16350;+nan;+nan;+nan;+nan
16400;+nan;+nan;+nan;+nan
16450;+nan;+nan;+nan;+nan
16500;+nan;+nan;+nan;+nan
16550;+nan;+nan;+nan;+nan
16600;+nan;+nan;+nan;+nan
16650;+nan;+nan;+nan;+nan
16700;+nan;+nan;+nan;+nan
16750;+nan;+nan;+nan;+nan
16800;+nan;+nan;+nan;+nan
16850;+nan;+nan;+nan;+nan
16900;+nan;+nan;+nan;+nan
16950;+nan;+nan;+nan;+nan
17000;+nan;+nan;+nan;+nan
17050;+nan;+nan;+nan;+nan
17100;+nan;+nan;+nan;+nan
17150;+nan;+nan;+nan;+nan
17200;+nan;+nan;+nan;+nan
17250;+nan;+nan;+nan;+nan
17300;+nan;+nan;+nan;+nan
17350;+nan;+nan;+nan;+nan
17400;+nan;+nan;+nan;+nan
17450;+nan;+nan;+nan;+nan
17500;+nan;+nan;+nan;+nan
17550;+nan;+nan;+nan;+nan
17600;+nan;+nan;+nan;+nan
17650;+nan;+nan;+nan;+nan
17700;+nan;+nan;+nan;+nan
17750;+nan;+nan;+nan;+nan
17800;+nan;+nan;+nan;+nan
17850;+nan;+nan;+nan;+nan
17900;+nan;+nan;+nan;+nan
17950;+nan;+nan;+nan;+nan
18000;+nan;+nan;+nan;+nan
18050;+nan;+nan;+nan;+nan
18100;+nan;+nan;+nan;+nan
18150;+nan;+nan;+nan;+nan
18200;+nan;+nan;+nan;+nan
18250;+nan;+nan;+nan;+nan
18300;+nan;+nan;+nan;+nan
18350;+nan;+nan;+nan;+nan
18400;+nan;+nan;+nan;+nan
18450;+nan;+nan;+nan;+nan
18500;+nan;+nan;+nan;+nan
18550;+nan;+nan;+nan;+nan
18600;+nan;+nan;+nan;+nan
18650;+nan;+nan;+nan;+nan
18700;+nan;+nan;+nan;+nan
18750;+nan;+nan;+nan;+nan
18800;+nan;+nan;+nan;+nan
18850;+nan;+nan;+nan;+nan
18900;+nan;+nan;+nan;+nan
18950;+nan;+nan;+nan;+nan
19000;+nan;+nan;+nan;+nan
19050;+nan;+nan;+nan;+nan
19100;+nan;+nan;+nan;+nan
19150;+nan;+nan;+nan;+nan
19200;+nan;+nan;+nan;+nan
19250;+nan;+nan;+nan;+nan
19300;+nan;+nan;+nan;+nan
19350;+nan;+nan;+nan;+nan
19400;+nan;+nan;+nan;+nan
19450;+nan;+nan;+nan;+nan
19500;+nan;+nan;+nan;+nan
19550;+nan;+nan;+nan;+nan
19600;+nan;+nan;+nan;+nan
19650;+nan;+nan;+nan;+nan
19700;+nan;+nan;+nan;+nan
19750;+nan;+nan;+nan;+nan
19800;+nan;+nan;+nan;+nan
19850;+nan;+nan;+nan;+nan
19900;+nan;+nan;+nan;+nan
19950;+nan;+nan;+nan;+nan
20000;+nan;+nan;+nan;+nan
20050;+nan;+nan;+nan;+nan
20100;+nan;+nan;+nan;+nan
20150;+nan;+nan;+nan;+nan
20200;+nan;+nan;+nan;+nan
20250;+nan;+nan;+nan;+nan
20300;+nan;+nan;+nan;+nan
20350;+nan;+nan;+nan;+nan
20400;+nan;+nan;+nan;+nan
20450;+nan;+nan;+nan;+nan
20500;+nan;+nan;+nan;+nan
20550;+nan;+nan;+nan;+nan
20600;+nan;+nan;+nan;+nan
20650;+nan;+nan;+nan;+nan
20700;+nan;+nan;+nan;+nan
20750;+nan;+nan;+nan;+nan
20800;+nan;+nan;+nan;+nan
20850;+nan;+nan;+nan;+nan
20900;+nan;+nan;+nan;+nan
20950;+nan;+nan;+nan;+nan
21000;+nan;+nan;+nan;+nan
21050;+nan;+nan;+nan;+nan
21100;+nan;+nan;+nan;+nan
21150;+nan;+nan;+nan;+nan
21200;+nan;+nan;+nan;+nan
21250;+nan;+nan;+nan;+nan
21300;+nan;+nan;+nan;+nan
21350;+nan;+nan;+nan;+nan
21400;+nan;+nan;+nan;+nan
21450;+nan;+nan;+nan;+nan
21500;+nan;+nan;+nan;+nan
21550;+nan;+nan;+nan;+nan
21600;+nan;+nan;+nan;+nan
21650;+nan;+nan;+nan;+nan
21700;+nan;+nan;+nan;+nan
21750;+nan;+nan;+nan;+nan
21800;+nan;+nan;+nan;+nan
21850;+nan;+nan;+nan;+nan
21900;+nan;+nan;+nan;+nan
21950;+nan;+nan;+nan;+nan
22000;+nan;+nan;+nan;+nan
22050;+nan;+nan;+nan;+nan
22100;+nan;+nan;+nan;+nan
22150;+nan;+nan;+nan;+nan
22200;+nan;+nan;+nan;+nan
22250;+nan;+nan;+nan;+nan
22300;+nan;+nan;+nan;+nan
22350;+nan;+nan;+nan;+nan
22400;+nan;+nan;+nan;+nan
22450;+nan;+nan;+nan;+nan
22500;+nan;+nan;+nan;+nan
22550;+nan;+nan;+nan;+nan
22600;+nan;+nan;+nan;+nan
22650;+nan;+nan;+nan;+nan
22700;+nan;+nan;+nan;+nan
22750;+nan;+nan;+nan;+nan
22800;+nan;+nan;+nan;+nan
22850;+nan;+nan;+nan;+nan
22900;+nan;+nan;+nan;+nan
22950;+nan;+nan;+nan;+nan
23000;+nan;+nan;+nan;+nan
23050;+nan;+nan;+nan;+nan
23100;+nan;+nan;+nan;+nan
23150;+nan;+nan;+nan;+nan
23200;+nan;+nan;+nan;+nan
23250;+nan;+nan;+nan;+nan
23300;+nan;+nan;+nan;+nan
23350;+nan;+nan;+nan;+nan
23400;+nan;+nan;+nan;+nan
23450;+nan;+nan;+nan;+nan
23500;+nan;+nan;+nan;+nan
23550;+nan;+nan;+nan;+nan
23600;+nan;+nan;+nan;+nan
23650;+nan;+nan;+nan;+nan
23700;+nan;+nan;+nan;+nan
23750;+nan;+nan;+nan;+nan
23800;+nan;+nan;+nan;+nan
23850;+nan;+nan;+nan;+nan
23900;+nan;+nan;+nan;+nan
23950;+nan;+nan;+nan;+nan
24000;+nan;+nan;+nan;+nan
24050;+nan;+nan;+nan;+nan
24100;+nan;+nan;+nan;+nan
24150;+nan;+nan;+nan;+nan
24200;+nan;+nan;+nan;+nan
24250;+nan;+nan;+nan;+nan
24300;+nan;+nan;+nan;+nan
24350;+nan;+nan;+nan;+nan
24400;+nan;+nan;+nan;+nan
24450;+nan;+nan;+nan;+nan
24500;+nan;+nan;+nan;+nan
24550;+nan;+nan;+nan;+nan
