Vector Size;DOT fp64;DOT fp32;DOT Acc<fp64, fp64>;DOT Acc<fp64, fp32>;DOT Acc<fp32, fp32>;CUBLAS DOT fp64;CUBLAS DOT fp32;Error DOT fp64;Error DOT fp32;Error DOT Acc<fp64, fp64>;Error DOT Acc<fp64, fp32>;Error DOT Acc<fp32, fp32>;Error CUBLAS DOT fp64;Error CUBLAS DOT fp32
1000000;5.4079998284578323e-02;4.7584000974893570e-02;5.3695999085903168e-02;5.3376000374555588e-02;4.8672001808881760e-02;4.5248001813888550e-02;3.5487998276948929e-02;0.0000000000000000e+00;5.5002929163707401e-08;1.2112302681763986e-16;1.0024500708079361e-08;2.7013422019522644e-07;1.0901072413587587e-15;1.4007936045165290e-07
3000000;7.2991997003555298e-02;5.6223999708890915e-02;7.2640001773834229e-02;6.3327997922897339e-02;5.7727999985218048e-02;8.0544002354145050e-02;5.4111998528242111e-02;0.0000000000000000e+00;5.8801793734969986e-07;1.7522082111099737e-15;3.9121809525300214e-08;1.0061111019330332e-06;1.9468980123444152e-16;3.9121809525300214e-08
5000000;1.0838399827480316e-01;6.9760002195835114e-02;1.0851199924945831e-01;7.6576001942157745e-02;7.1327999234199524e-02;1.1692799627780914e-01;7.0848003029823303e-02;0.0000000000000000e+00;8.7246175418871521e-07;2.1605874537183342e-16;5.5503491198100603e-08;8.7246175418871521e-07;1.0802937268591670e-15;1.7149914687145258e-07
7000000;1.4355200529098511e-01;8.7711997330188751e-02;1.4377599954605103e-01;9.4272002577781677e-02;8.8288001716136932e-02;1.5196800231933594e-01;8.9951999485492706e-02;0.0000000000000000e+00;1.0890172152685545e-06;4.7998241254371986e-15;1.5362480015618900e-08;7.2089065017383003e-07;8.2282699293209121e-16;3.5276408507910556e-07
9000000;1.8009600043296814e-01;1.0371199995279312e-01;1.8012799322605133e-01;1.1052799969911575e-01;1.0515200346708298e-01;1.8732799589633942e-01;1.0665600001811981e-01;0.0000000000000000e+00;7.0731143408511894e-06;6.4865055912181304e-15;1.0936901482771271e-07;3.7368858611301886e-06;8.1081319890226630e-16;1.8083233287648537e-07
11000000;2.1452799439430237e-01;1.2012799829244614e-01;2.1414400637149811e-01;1.2451200187206268e-01;1.2095999717712402e-01;2.2316800057888031e-01;1.2598399817943573e-01;0.0000000000000000e+00;1.6516842526467883e-06;1.0978756775875026e-15;5.1836708433732660e-08;3.8864671774174435e-07;3.2936270327625076e-15;1.2112008264713111e-06
13000000;2.4995200335979462e-01;1.3843199610710144e-01;2.5135999917984009e-01;1.4364799857139587e-01;1.3900800049304962e-01;2.5571200251579285e-01;1.4076800644397736e-01;0.0000000000000000e+00;9.4558226604123583e-07;3.3359124078270796e-15;6.1829548376274263e-08;3.1959996376751944e-06;9.3822536470136612e-15;7.3343742465461433e-07
15000000;2.8377598524093628e-01;1.5292799472808838e-01;2.8380799293518066e-01;1.5916800498962402e-01;1.5363200008869171e-01;2.9158401489257812e-01;1.5919999778270721e-01;0.0000000000000000e+00;1.2808032190991211e-06;5.1585436638751093e-15;1.5804428338974885e-07;1.7299067933828700e-06;3.0672421785203353e-15;3.8259607053162332e-07
17000000;3.2016000151634216e-01;1.7084799706935883e-01;3.1904000043869019e-01;1.7523199319839478e-01;1.7113600671291351e-01;3.2636800408363342e-01;1.7529599368572235e-01;0.0000000000000000e+00;2.1961836208890777e-06;3.0298035178794873e-15;5.7862743540023339e-07;1.7027070301056085e-05;2.3347309461306639e-14;2.1005004810170326e-06
19000000;3.5436800122261047e-01;1.8825599551200867e-01;3.5411199927330017e-01;1.9299200177192688e-01;1.8905599415302277e-01;3.6191999912261963e-01;1.9523200392723083e-01;0.0000000000000000e+00;2.4309015655233999e-07;1.8803871942778198e-15;1.8751225906772360e-08;1.3647848097801780e-06;1.6714552838025064e-15;4.6742908719790757e-07
21000000;3.9039999246597290e-01;2.0422400534152985e-01;3.8889598846435547e-01;2.1014399826526642e-01;2.0633600652217865e-01;3.9759999513626099e-01;2.1020799875259399e-01;0.0000000000000000e+00;9.1494526721249482e-08;3.0447353419772143e-15;2.6109333127411929e-08;1.4777501195308519e-06;3.6536824103726573e-15;2.6109333127411929e-08
23000000;4.2265599966049194e-01;2.2387200593948364e-01;4.2620798945426941e-01;2.2921599447727203e-01;2.2569599747657776e-01;4.3462398648262024e-01;2.3228800296783447e-01;0.0000000000000000e+00;9.0367951815667055e-07;5.8015653212575052e-15;1.2500660189389813e-07;4.5872356600651489e-07;4.1439752294696464e-16;9.0367951815667055e-07
25000000;4.6358400583267212e-01;2.4275200068950653e-01;4.6191999316215515e-01;2.4502399563789368e-01;2.4191999435424805e-01;4.7023999691009521e-01;2.4841600656509399e-01;0.0000000000000000e+00;2.3964924031256817e-05;3.3523181638337391e-14;1.1258376069788100e-06;1.5334485843280794e-05;9.2139739005956564e-15;6.7040476553047746e-06
27000000;4.9750399589538574e-01;2.5926399230957031e-01;4.9753600358963013e-01;2.6361599564552307e-01;2.6035198569297791e-01;5.0646400451660156e-01;2.6640000939369202e-01;0.0000000000000000e+00;1.6040197952638011e-07;1.4311178307166711e-15;5.0641188818334284e-08;1.4860098810943076e-06;1.2266724263285753e-15;8.2744513684603244e-07
29000000;5.3311997652053833e-01;2.7750399708747864e-01;5.3311997652053833e-01;2.8182399272918701e-01;2.7859199047088623e-01;5.4028797149658203e-01;2.8393599390983582e-01;0.0000000000000000e+00;8.6051003734339028e-07;1.3740087863440544e-16;2.4688382921264452e-08;1.7222145296537358e-07;1.3740087863440544e-16;2.7037775716695383e-07
31000000;5.6835198402404785e-01;2.9574400186538696e-01;5.6899201869964600e-01;2.9958400130271912e-01;2.9654398560523987e-01;5.7766401767730713e-01;3.0294400453567505e-01;0.0000000000000000e+00;6.6341413026665231e-07;0.0000000000000000e+00;7.0186431861458056e-08;7.9679605065358153e-07;7.4532956101146996e-16;7.0186431861458056e-08
33000000;6.0473597049713135e-01;3.1295999884605408e-01;6.0527998208999634e-01;3.1747201085090637e-01;3.1459200382232666e-01;6.1257600784301758e-01;3.2099199295043945e-01;0.0000000000000000e+00;1.3730885045526977e-07;2.2815378702129394e-16;4.6424847116293972e-08;1.6891397883066981e-07;1.1407689351064697e-16;4.6424847116293972e-08
35000000;6.4006400108337402e-01;3.3107200264930725e-01;6.4060801267623901e-01;3.3375999331474304e-01;3.3251199126243591e-01;6.4822399616241455e-01;3.3785599470138550e-01;0.0000000000000000e+00;2.8708051781948809e-07;3.5497658502164469e-16;3.0547153745871804e-08;3.5060605213256003e-07;2.3665105668109648e-16;9.6503914880272155e-08
37000000;6.7580801248550415e-01;3.4940800070762634e-01;6.7603200674057007e-01;3.5302400588989258e-01;3.4995201230049133e-01;6.8367999792098999e-01;3.5631999373435974e-01;0.0000000000000000e+00;1.2417792443048774e-07;1.9571605792221622e-15;3.6616042339033542e-08;5.0945839752420667e-08;6.5238685974072076e-16;2.9930168861339619e-07
39000000;7.1075201034545898e-01;3.6694398522377014e-01;7.1158397197723389e-01;3.7030398845672607e-01;3.6697599291801453e-01;7.1865600347518921e-01;3.7491199374198914e-01;0.0000000000000000e+00;1.5982779317791779e-06;2.0791605456085790e-16;7.6083295693765318e-08;2.8261428319260031e-06;1.6633284364868632e-15;3.5540786137764223e-08
41000000;7.4764800071716309e-01;3.8412800431251526e-01;7.4720001220703125e-01;3.8796800374984741e-01;3.8531199097633362e-01;7.5414401292800903e-01;3.9196801185607910e-01;0.0000000000000000e+00;9.8341979115323597e-07;1.4347971406626606e-16;1.7971313122085380e-08;1.2145100459860026e-06;7.1739857033133040e-16;2.4906156795485188e-07
43000000;7.8255999088287354e-01;4.0262401103973389e-01;7.8316801786422729e-01;4.0694400668144226e-01;4.0361601114273071e-01;7.8985601663589478e-01;4.1036799550056458e-01;0.0000000000000000e+00;6.6787846078900716e-07;2.3051443756135702e-16;1.2782268986023312e-08;7.9163495711173988e-07;1.0373149690261066e-15;1.2782268986023312e-08
45000000;8.1814402341842651e-01;4.2041599750518799e-01;8.1849598884582520e-01;4.2425599694252014e-01;4.2156800627708435e-01;8.2630401849746704e-01;4.2851200699806213e-01;0.0000000000000000e+00;4.0967429593446946e-07;4.7619826288749661e-16;3.7725446521676149e-08;1.0163969544398266e-07;8.3334696005311911e-16;3.7725446521676149e-08
47000000;8.5465598106384277e-01;4.3820801377296448e-01;8.5401600599288940e-01;4.4252800941467285e-01;4.3996798992156982e-01;8.6227202415466309e-01;4.4720000028610229e-01;0.0000000000000000e+00;1.6001878670164381e-07;1.7759504487235086e-15;5.1860354870133835e-08;9.0159578220286547e-07;3.9465565527189080e-16;5.1860354870133835e-08
49000000;8.9027202129364014e-01;4.5641601085662842e-01;8.9084798097610474e-01;4.6022400259971619e-01;4.5699200034141541e-01;8.9721602201461792e-01;4.6444800496101379e-01;0.0000000000000000e+00;1.7902467357944363e-07;6.6018331023565613e-16;1.8080656527458018e-09;3.5624128150614147e-07;8.2522913779457019e-16;9.0416369616094717e-08
51000000;9.2640000581741333e-01;4.7404798865318298e-01;9.2662400007247925e-01;4.7785601019859314e-01;4.7523200511932373e-01;9.3257600069046021e-01;4.8307201266288757e-01;0.0000000000000000e+00;1.5229089601426217e-07;3.9853684378433358e-16;4.5309476620213821e-08;9.0116083177260062e-07;9.9634210946083383e-16;6.1671942773834530e-08
53000000;9.6201598644256592e-01;4.9212801456451416e-01;9.6150398254394531e-01;4.9532800912857056e-01;4.9312001466751099e-01;9.6889597177505493e-01;5.0150400400161743e-01;0.0000000000000000e+00;9.7250497587031275e-07;9.8827563072352563e-16;1.2358267319204959e-07;3.3581324886161538e-07;7.9062050457882048e-16;5.4804382453118117e-07
55000000;9.9791997671127319e-01;5.1024001836776733e-01;9.9763202667236328e-01;5.1385599374771118e-01;5.1120001077651978e-01;1.0043200254440308e+00;5.1961600780487061e-01;0.0000000000000000e+00;3.5756367795727525e-06;7.9282510767063495e-15;4.9574767671242355e-07;7.9969283210558688e-07;2.1027100681699450e-14;3.1068474688127921e-07
57000000;1.0342080593109131e+00;5.2822399139404297e-01;1.0328320264816284e+00;5.3200000524520874e-01;5.2960002422332764e-01;1.0411520004272461e+00;5.3596800565719604e-01;0.0000000000000000e+00;2.5074431290562231e-06;5.1501107349473700e-16;8.8116562780561091e-08;1.8162069672631768e-06;1.4162804521105269e-15;2.5750151811596206e-07
59000000;1.0692479610443115e+00;5.4620802402496338e-01;1.0697599649429321e+00;5.5023998022079468e-01;5.4857599735260010e-01;1.0749440193176270e+00;5.5494397878646851e-01;0.0000000000000000e+00;5.5603506100177271e-06;7.3576067102476653e-16;2.6602480136754855e-07;5.7578548612511267e-06;6.8057862069790899e-15;2.2027783390499413e-06
61000000;1.1053440570831299e+00;5.6518399715423584e-01;1.1053760051727295e+00;5.6908798217773438e-01;5.6617599725723267e-01;1.1120320558547974e+00;5.7273602485656738e-01;0.0000000000000000e+00;1.1659114816110838e-06;4.8574103264661849e-15;5.1654162285866996e-07;1.5260134855405222e-06;5.1707916378510998e-15;1.6706474129520100e-06
63000000;1.1406719684600830e+00;5.8355200290679932e-01;1.1409920454025269e+00;5.8787202835083008e-01;5.8489602804183960e-01;1.1466879844665527e+00;5.9302401542663574e-01;0.0000000000000000e+00;1.6386969119722325e-06;3.2704708781078026e-15;8.5470923165268248e-08;9.6338126466485667e-07;2.3899594878480095e-15;7.6078657047264393e-07
65000000;1.1764479875564575e+00;6.0115200281143188e-01;1.1776640415191650e+00;6.0611200332641602e-01;6.0262399911880493e-01;1.1820479631423950e+00;6.0979199409484863e-01;0.0000000000000000e+00;5.4629526243762822e-08;1.3099605720212407e-15;1.5698446454745694e-08;5.4692533513332246e-07;2.6199211440424811e-16;1.5698446454745694e-08
67000000;1.2123520374298096e+00;6.1958402395248413e-01;1.2131839990615845e+00;6.2476801872253418e-01;6.2198400497436523e-01;1.2187839746475220e+00;6.2803202867507935e-01;0.0000000000000000e+00;8.3671855561772518e-07;4.4366725799190316e-16;3.0463966384419748e-09;1.1604962607288420e-07;2.2183362899595158e-16;3.0463966384419748e-09
69000000;1.2481600046157837e+00;6.3823997974395752e-01;1.2498240470886230e+00;6.4265602827072144e-01;6.3984000682830811e-01;1.2544319629669189e+00;6.4604800939559937e-01;0.0000000000000000e+00;6.7828861892694758e-07;2.6288342233906813e-15;9.7569535018369855e-09;8.4038249660182619e-08;3.3206327032303345e-15;8.4038249660182619e-08
71000000;1.2842240333557129e+00;6.5679997205734253e-01;1.2848320007324219e+00;6.6147202253341675e-01;6.5900802612304688e-01;1.2905919551849365e+00;6.6355198621749878e-01;0.0000000000000000e+00;7.9604908140915803e-08;1.9535096613860339e-15;1.5738956723550670e-08;1.4458969296905478e-06;3.5518357479746073e-16;1.7494877300538230e-07
73000000;1.3193279504776001e+00;6.7552000284194946e-01;1.3199360370635986e+00;6.7952001094818115e-01;6.7743998765945435e-01;1.3246719837188721e+00;6.8131202459335327e-01;0.0000000000000000e+00;1.2099522480974815e-06;1.8908682642737382e-15;8.2303553175170639e-09;1.0910593361308491e-06;2.1429840328435699e-15;4.8196803442334991e-07
75000000;1.3547840118408203e+00;6.9292801618576050e-01;1.3562239408493042e+00;6.9788801670074463e-01;6.9590401649475098e-01;1.3616960048675537e+00;7.0163202285766602e-01;0.0000000000000000e+00;2.9320922716556102e-07;1.4887018623103338e-15;6.5060452774317353e-09;4.0612640853475540e-07;2.4191405262542924e-15;7.0584168097774811e-07
77000000;1.3911360502243042e+00;7.1113598346710205e-01;1.3914879560470581e+00;7.1628797054290771e-01;7.1270400285720825e-01;1.3967679738998413e+00;7.1875202655792236e-01;0.0000000000000000e+00;1.3500161575565698e-07;2.0765464903455274e-15;6.7696094804743500e-08;9.4579245799725887e-07;3.2092082123521788e-15;8.4444360271705860e-07
79000000;1.4268159866333008e+00;7.2895997762680054e-01;1.4271680116653442e+00;7.3372799158096313e-01;7.3065602779388428e-01;1.4324799776077271e+00;7.3737597465515137e-01;0.0000000000000000e+00;7.0951597221301618e-08;1.7042459469733754e-15;5.5973060910230658e-09;1.0512659641754798e-06;4.8692741342096442e-16;1.7589685544264977e-06
81000000;1.4624960422515869e+00;7.4672001600265503e-01;1.4618879556655884e+00;7.5238400697708130e-01;7.4835199117660522e-01;1.4689279794692993e+00;7.5375998020172119e-01;0.0000000000000000e+00;1.0948357629494735e-07;3.2527692451642723e-15;3.0221798999204209e-08;7.3815776511862938e-07;3.5129907847774144e-15;7.3815776511862938e-07
83000000;1.4977600574493408e+00;7.6409602165222168e-01;1.4988160133361816e+00;7.6976001262664795e-01;7.6742398738861084e-01;1.5057280063629150e+00;7.7430397272109985e-01;0.0000000000000000e+00;1.0595196023340560e-06;2.1088135482660445e-15;1.8810097555196855e-09;2.1039911266239542e-07;3.4268220159323223e-15;9.9252158103912346e-07
85000000;1.5342400074005127e+00;7.8281599283218384e-01;1.5343680381774902e+00;7.8822398185729980e-01;7.8512001037597656e-01;1.5400320291519165e+00;7.9094398021697998e-01;0.0000000000000000e+00;1.9921585012837064e-07;1.1172428662039856e-15;7.2254870643862825e-10;4.9912344838058455e-07;2.0482785880406404e-15;6.9906184721539380e-07
87000000;1.5692800283432007e+00;8.0224001407623291e-01;1.5697599649429321e+00;8.0809599161148071e-01;8.0521601438522339e-01;1.5774400234222412e+00;8.0947202444076538e-01;0.0000000000000000e+00;3.7864840499103135e-07;2.4097391825169119e-16;9.4672567889653615e-09;8.9613595403102699e-07;6.0243479562922803e-16;1.4136235030710226e-06
89000000;1.6053440570831299e+00;8.1974399089813232e-01;1.6051839590072632e+00;8.2585597038269043e-01;8.2374399900436401e-01;1.6133120059967041e+00;8.3020800352096558e-01;0.0000000000000000e+00;1.7536165765218178e-07;8.5259204396582391e-16;5.3504276451756204e-08;5.1123614465963221e-07;3.8366641978462073e-15;2.1207220975356546e-06
91000000;1.6400640010833740e+00;8.3897602558135986e-01;1.6403520107269287e+00;8.4358400106430054e-01;8.4153598546981812e-01;1.6459519863128662e+00;8.4697598218917847e-01;0.0000000000000000e+00;1.6278314094671500e-07;1.7150077260825720e-15;6.7401299550534155e-08;1.9088768235285273e-06;2.3581356233635365e-15;1.3137053434329609e-06
93000000;1.6751040220260620e+00;8.5705602169036865e-01;1.6763839721679688e+00;8.6383998394012451e-01;8.5923200845718384e-01;1.6841919422149658e+00;8.6585599184036255e-01;0.0000000000000000e+00;4.7813811927418188e-06;8.6141594520419109e-15;4.8852299106282338e-08;2.4176499094970034e-06;2.6799607184130388e-15;3.0342754616478249e-06
95000000;1.7121599912643433e+00;8.7641602754592896e-01;1.7120000123977661e+00;8.8284802436828613e-01;8.7769597768783569e-01;1.7179199457168579e+00;8.8451200723648071e-01;0.0000000000000000e+00;1.0513886475434904e-06;1.8365427050780992e-15;3.7781432286253239e-09;2.5027473247918183e-07;1.0330552716064308e-15;2.1530670127137442e-06
97000000;1.7482880353927612e+00;8.9507198333740234e-01;1.7488000392913818e+00;8.9993602037429810e-01;8.9820802211761475e-01;1.7563199996948242e+00;9.0169602632522583e-01;0.0000000000000000e+00;5.6944529391209257e-08;8.3008635218960198e-16;3.2185313996547713e-08;1.7504115537585916e-06;6.6406908175168164e-16;1.0126135912618743e-06
99000000;1.7833600044250488e+00;9.1343998908996582e-01;1.7850879430770874e+00;9.1897600889205933e-01;9.1660797595977783e-01;1.7921279668807983e+00;9.2038398981094360e-01;0.0000000000000000e+00;6.7950210950511798e-07;4.9901085715703629e-15;2.9656633382587386e-08;3.2602686843154675e-06;1.6144468908021763e-15;1.1327924556523514e-06
101000000;1.8202559947967529e+00;9.3142402172088623e-01;1.8200960159301758e+00;9.3727999925613403e-01;9.3436801433563232e-01;1.8259199857711792e+00;9.4022399187088013e-01;0.0000000000000000e+00;3.3786072316818393e-06;6.3758905679268487e-16;4.4422952333246106e-08;3.6068092439495113e-06;2.5503562271707395e-15;1.5277360320731164e-06
103000000;1.8547840118408203e+00;9.4896000623703003e-01;1.8559039831161499e+00;9.5561599731445312e-01;9.5200002193450928e-01;1.8628480434417725e+00;9.5820802450180054e-01;0.0000000000000000e+00;5.1182081684118443e-07;2.1267720587311253e-16;5.9080210552363960e-08;3.9764061136247478e-07;2.9774808822235755e-15;1.5434228817755897e-06
105000000;1.8898240327835083e+00;9.6665602922439575e-01;1.8919999599456787e+00;9.7391998767852783e-01;9.6960002183914185e-01;1.8975679874420166e+00;9.7728002071380615e-01;0.0000000000000000e+00;1.5462891032584345e-06;1.4384836328200582e-15;1.7290635600787856e-09;1.2030535388810220e-06;1.2786521180622740e-15;5.1312428300603977e-07
107000000;1.9258879423141479e+00;9.8467200994491577e-01;1.9272320270538330e+00;9.9286401271820068e-01;9.8956799507141113e-01;1.9337279796600342e+00;9.9564802646636963e-01;0.0000000000000000e+00;1.0439102235891536e-06;1.5534844247713409e-16;4.0316556287067142e-08;1.0439102235891536e-06;3.7283626194512179e-15;1.7917598160871159e-06
109000000;1.9625920057296753e+00;1.0039999485015869e+00;1.9619200229644775e+00;1.0118720531463623e+00;1.0077120065689087e+00;1.9705280065536499e+00;1.0147839784622192e+00;0.0000000000000000e+00;2.7384142359199587e-06;9.4163707083508656e-16;8.5114497618543662e-09;1.4240165981401307e-06;2.0716015558371906e-15;1.0025636562226287e-06
111000000;1.9984960556030273e+00;1.0225280523300171e+00;1.9978239536285400e+00;1.0278719663619995e+00;1.0261759757995605e+00;2.0066881179809570e+00;1.0313919782638550e+00;0.0000000000000000e+00;1.3060313737608679e-06;4.2515581311516256e-16;6.3491361014565349e-08;2.9174515014380426e-07;5.5270255704971135e-15;2.4473003194070627e-06
113000000;2.0342080593109131e+00;1.0399999618530273e+00;2.0336000919342041e+00;1.0460480451583862e+00;1.0453439950942993e+00;2.0400319099426270e+00;1.0508160591125488e+00;0.0000000000000000e+00;8.5541166555841511e-07;4.7291832171256483e-15;5.1360086867778133e-08;2.3969236446829437e-06;8.1071712293582547e-15;1.3087975417715116e-06
115000000;2.0682559013366699e+00;1.0580799579620361e+00;2.0681600570678711e+00;1.0628160238265991e+00;1.0600960254669189e+00;2.0768640041351318e+00;1.0703040361404419e+00;0.0000000000000000e+00;2.5329016770145152e-06;5.7982252428500740e-16;4.2582897726242418e-08;6.8376007956617043e-07;9.6637087380834573e-16;2.0326827516806514e-06
117000000;2.1047360897064209e+00;1.0758719444274902e+00;2.1050879955291748e+00;1.0830080509185791e+00;1.0789439678192139e+00;2.1143999099731445e+00;1.0868799686431885e+00;0.0000000000000000e+00;1.8312674544199215e-06;8.0247109470463920e-15;1.0797390054904918e-07;6.7857364217986792e-06;2.4074132841139179e-15;1.8307313475556820e-06
119000000;2.1391680240631104e+00;1.0916479825973511e+00;2.1420159339904785e+00;1.0993599891662598e+00;1.0945600271224976e+00;2.1509120464324951e+00;1.1052800416946411e+00;0.0000000000000000e+00;5.3293084525790956e-07;1.8701494692780573e-15;6.9532913959004979e-08;8.5726294863880418e-07;5.4665907563512448e-15;6.9532913959004979e-08
121000000;2.1769919395446777e+00;1.1119999885559082e+00;2.1781120300292969e+00;1.1200319528579712e+00;1.1130880117416382e+00;2.1848959922790527e+00;1.1222399473190308e+00;0.0000000000000000e+00;1.9509836896610940e-06;3.5125825899597435e-15;6.5180271114084441e-08;4.8484572596212668e-07;2.6344369424698076e-15;7.2057115328050290e-07
123000000;2.2123200893402100e+00;1.1313279867172241e+00;2.2110080718994141e+00;1.1383359432220459e+00;1.1354559659957886e+00;2.2231040000915527e+00;1.1395839452743530e+00;0.0000000000000000e+00;7.2957943565160038e-08;1.5974941967783235e-15;7.2957943565160038e-08;1.7882542762433321e-06;1.9968677459729044e-16;2.4866011881199724e-07
125000000;2.2497599124908447e+00;1.1451840400695801e+00;2.2479679584503174e+00;1.1519999504089355e+00;1.1504000425338745e+00;2.2554559707641602e+00;1.1587840318679810e+00;0.0000000000000000e+00;1.6439923746438571e-07;4.1286084956354635e-16;5.7253743369890207e-08;7.1853168955007553e-07;8.2572169912709269e-16;1.3834906320529032e-06
127000000;2.2831039428710938e+00;1.1661440134048462e+00;2.2844479084014893e+00;1.1729279756546021e+00;1.1708480119705200e+00;2.2947840690612793e+00;1.1813440322875977e+00;0.0000000000000000e+00;6.5989226711816229e-08;5.5151484930758264e-16;8.0338433205098861e-09;3.7814919348214049e-07;4.1363613698068701e-16;6.5817378697042521e-07
129000000;2.3191680908203125e+00;1.1845439672470093e+00;2.3200318813323975e+00;1.1922880411148071e+00;1.1895999908447266e+00;2.3285760879516602e+00;1.1996159553527832e+00;0.0000000000000000e+00;8.1914536016161635e-07;3.2053001723480916e-15;8.6555917081687395e-08;9.4584338366973362e-08;2.5305001360642830e-15;1.0908557433346075e-06
131000000;2.3550400733947754e+00;1.2051199674606323e+00;2.3562879562377930e+00;1.2131199836730957e+00;1.2080960273742676e+00;2.3649919033050537e+00;1.2169280052185059e+00;0.0000000000000000e+00;8.6339527869239595e-07;2.2829071063007906e-15;1.1710585744439316e-07;2.4567096249146782e-06;6.0497038316970952e-15;1.7213337728120865e-06
133000000;2.3896639347076416e+00;1.2231359481811523e+00;2.3930881023406982e+00;1.2285120487213135e+00;1.2232639789581299e+00;2.4007360935211182e+00;1.2361279726028442e+00;0.0000000000000000e+00;2.5665536770631727e-06;2.0294289902128427e-15;1.2098175854668686e-07;1.9361785140100739e-07;6.4941727686810962e-15;1.6956261287059525e-07
135000000;2.4265921115875244e+00;1.2400640249252319e+00;2.4263679981231689e+00;1.2461119890213013e+00;1.2449280023574829e+00;2.4334080219268799e+00;1.2539199590682983e+00;0.0000000000000000e+00;1.3146753708216329e-06;1.9202450253513093e-14;4.1521174167333316e-07;8.1642874902027560e-06;1.1083293434913597e-14;4.5664329736095580e-06
137000000;2.4636158943176270e+00;1.2569919824600220e+00;2.4630720615386963e+00;1.2643519639968872e+00;1.2591999769210815e+00;2.4743039608001709e+00;1.2705279588699341e+00;0.0000000000000000e+00;1.5274553314454286e-06;7.6925535663286304e-16;2.0710613303532711e-07;5.4921672502585849e-06;9.0772132082677838e-15;2.3534369811981693e-06
139000000;2.4986240863800049e+00;1.2776639461517334e+00;2.4992640018463135e+00;1.2819199562072754e+00;1.2784320116043091e+00;2.5084478855133057e+00;1.2864320278167725e+00;0.0000000000000000e+00;1.1495384677976232e-06;1.8745233202919789e-15;8.0477919961782418e-08;1.9229759157627383e-07;2.7076447959773027e-15;3.6680076649618327e-07
141000000;2.5337278842926025e+00;1.2936320304870605e+00;2.5340158939361572e+00;1.3032959699630737e+00;1.2967360019683838e+00;2.5461440086364746e+00;1.3085759878158569e+00;0.0000000000000000e+00;1.6121168698315314e-05;1.4724320845761595e-14;6.1120737256250656e-07;8.6480179262912235e-06;9.3254032023156766e-15;4.7547590857879997e-08
143000000;2.5701758861541748e+00;1.3096319437026978e+00;2.5701758861541748e+00;1.3187839984893799e+00;1.3155839443206787e+00;2.5793600082397461e+00;1.3209600448608398e+00;0.0000000000000000e+00;3.7001771238086995e-06;1.9581230731517437e-15;8.4356428519690032e-08;1.4574905742807651e-06;2.6108307642023249e-15;2.9460829253793391e-07
145000000;2.6066560745239258e+00;1.3304640054702759e+00;2.6057279109954834e+00;1.3404799699783325e+00;1.3338559865951538e+00;2.6127679347991943e+00;1.3419200181961060e+00;0.0000000000000000e+00;1.0553278044997481e-06;1.2798013741981469e-15;1.3921029657359830e-07;1.6279012469535918e-06;1.1731512596816347e-14;9.4081311600897939e-07
147000000;2.6419520378112793e+00;1.3485440015792847e+00;2.6411199569702148e+00;1.3584320545196533e+00;1.3509119749069214e+00;2.6492159366607666e+00;1.3590400218963623e+00;0.0000000000000000e+00;4.4217935475030183e-06;6.0077275283798104e-16;9.3730272589266065e-08;2.6155840194661046e-06;2.4030910113519242e-15;9.3730272589266065e-08
149000000;2.6780800819396973e+00;1.3657920360565186e+00;2.6768960952758789e+00;1.3763840198516846e+00;1.3688960075378418e+00;2.6864960193634033e+00;1.3790080547332764e+00;0.0000000000000000e+00;6.4394896996083221e-07;2.2081730465613253e-15;1.0508357116028810e-07;1.0508357116028810e-07;8.0297201693139097e-16;3.2600874788014722e-07
151000000;2.7127358913421631e+00;1.3871680498123169e+00;2.7125439643859863e+00;1.3926080465316772e+00;1.3903360366821289e+00;2.7197439670562744e+00;1.3984320163726807e+00;0.0000000000000000e+00;2.5805084651855707e-06;4.7521339823024951e-15;2.5424987373102083e-07;4.1868715239049732e-06;1.0560297738449989e-15;2.9584762437077833e-06
153000000;2.7486720085144043e+00;1.4036480188369751e+00;2.7486720085144043e+00;1.4113600254058838e+00;1.4071999788284302e+00;2.7568960189819336e+00;1.4194560050964355e+00;0.0000000000000000e+00;3.7982529205924598e-06;5.2636921790846734e-15;8.1957709339716832e-07;1.8124690357955988e-06;9.6738126534529132e-15;1.0560492092554072e-05
155000000;2.7843840122222900e+00;1.4220479726791382e+00;2.7850239276885986e+00;1.4294400215148926e+00;1.4266879558563232e+00;2.7950720787048340e+00;1.4391039609909058e+00;0.0000000000000000e+00;2.5615464841606415e-06;1.0538771753290323e-14;2.6743351711376595e-07;3.5490503185920786e-06;1.8969789155922583e-15;1.5121847176745053e-06
157000000;2.8206400871276855e+00;1.4425920248031616e+00;2.8204801082611084e+00;1.4494400024414062e+00;1.4470080137252808e+00;2.8319039344787598e+00;1.4559359550476074e+00;0.0000000000000000e+00;1.5330720999296428e-07;1.6270809289779055e-15;6.5075895566579554e-08;2.6249876277273618e-07;4.8812427869337165e-15;6.1103365946543918e-07
159000000;2.8567359447479248e+00;1.4580800533294678e+00;2.8578560352325439e+00;1.4698239564895630e+00;1.4666240215301514e+00;2.8671679496765137e+00;1.4742399454116821e+00;0.0000000000000000e+00;2.1959973394170651e-06;1.1801169059565034e-15;8.4095874192111182e-08;3.5687332918132854e-06;3.1469784158840090e-15;7.1766631375959745e-07
161000000;2.8925440311431885e+00;1.4791040420532227e+00;2.8938241004943848e+00;1.4864959716796875e+00;1.4845759868621826e+00;2.9007680416107178e+00;1.4887679815292358e+00;0.0000000000000000e+00;1.0769056548929953e-06;2.1519358345827004e-15;1.7468207869139162e-07;1.3657335934124692e-06;6.0971515313176515e-15;2.1964776483277089e-06
163000000;2.9277119636535645e+00;1.4968639612197876e+00;2.9280641078948975e+00;1.5043200254440308e+00;1.5015679597854614e+00;2.9376640319824219e+00;1.5149439573287964e+00;0.0000000000000000e+00;7.4877976012921960e-08;1.8569702714917350e-15;1.7436035479024190e-07;1.5703079608319050e-06;2.3212128393646688e-15;4.2244832303416544e-06
165000000;2.9640319347381592e+00;1.5168639421463013e+00;2.9666879177093506e+00;1.5261119604110718e+00;1.5219839811325073e+00;2.9752318859100342e+00;1.5326720476150513e+00;0.0000000000000000e+00;1.0762053943595159e-04;1.2968890941271591e-13;8.0588697049977839e-06;3.5572154737961888e-04;5.5248638539049379e-14;2.3941768798689653e-04
167000000;2.9985280036926270e+00;1.5328639745712280e+00;2.9977281093597412e+00;1.5415359735488892e+00;1.5412800312042236e+00;3.0087680816650391e+00;1.5480639934539795e+00;0.0000000000000000e+00;8.2135910184958078e-07;4.1418533565045228e-15;1.5426692518652751e-07;5.2487368999933487e-07;8.1456449344588945e-15;2.3037861611008100e-06
169000000;3.0313920974731445e+00;1.5501760244369507e+00;3.0320320129394531e+00;1.5601919889450073e+00;1.5570880174636841e+00;3.0449280738830566e+00;1.5662080049514771e+00;0.0000000000000000e+00;8.2591025483695012e-07;1.0685604015755689e-15;1.3022140736465301e-07;3.0250130779006376e-06;2.8494944042015170e-15;1.6600320668872181e-06
171000000;3.0691199302673340e+00;1.5694400072097778e+00;3.0672318935394287e+00;1.5801919698715210e+00;1.5738879442214966e+00;3.0821440219879150e+00;1.5874559879302979e+00;0.0000000000000000e+00;9.5675787803596521e-07;8.6753447613825105e-16;6.7900977834761918e-08;9.5675787803596521e-07;5.8992344377401070e-15;1.6514646641804313e-06
173000000;3.1047360897064209e+00;1.5855679512023926e+00;3.1043200492858887e+00;1.5988160371780396e+00;1.5961279869079590e+00;3.1196479797363281e+00;1.6035519838333130e+00;0.0000000000000000e+00;1.4678552146693465e-06;6.6201934943936550e-16;4.2675245885078470e-08;1.0235815498003980e-06;1.9860580483180966e-15;2.6194625021249799e-06
175000000;3.1397120952606201e+00;1.6090559959411621e+00;3.1399040222167969e+00;1.6174720525741577e+00;1.6142079830169678e+00;3.1480319499969482e+00;1.6220799684524536e+00;0.0000000000000000e+00;1.0513145118065683e-06;1.8845478040997151e-15;5.2422468151189586e-08;5.9142410349083584e-07;2.5698379146814299e-15;2.6278087547192913e-06
177000000;3.1743679046630859e+00;1.6260160207748413e+00;3.1766719818115234e+00;1.6350079774856567e+00;1.6339839696884155e+00;3.1887679100036621e+00;1.6358400583267212e+00;0.0000000000000000e+00;1.1569477685356824e-06;1.0106334865658776e-15;8.3234452333717681e-08;3.9328000755106768e-07;1.4437621236655396e-15;2.1760419500508304e-06
179000000;3.2137279510498047e+00;1.6440960168838501e+00;3.2148799896240234e+00;1.6564160585403442e+00;1.6557439565658569e+00;3.2263040542602539e+00;1.6603200435638428e+00;0.0000000000000000e+00;1.6807795614520744e-07;1.6334148769459822e-15;5.8461339312662786e-08;5.8461339312662786e-08;2.8584760346554691e-15;3.3469598442890025e-06
181000000;3.2484159469604492e+00;1.6629760265350342e+00;3.2498879432678223e+00;1.6788480281829834e+00;1.6731200218200684e+00;3.2587840557098389e+00;1.6722879409790039e+00;0.0000000000000000e+00;5.0730298757928957e-07;1.0566302355527134e-15;3.4574622405989544e-08;1.0745770257872496e-06;0.0000000000000000e+00;2.8709448134457898e-06
183000000;3.2831039428710938e+00;1.6859840154647827e+00;3.2844479084014893e+00;1.6901119947433472e+00;1.6922559738159180e+00;3.2959039211273193e+00;1.6956800222396851e+00;0.0000000000000000e+00;1.7250119668567686e-07;5.4721144784317032e-15;1.7250119668567686e-07;1.6353874744552664e-06;2.5255912977377093e-15;6.2741254617863605e-06
185000000;3.3199679851531982e+00;1.6994559764862061e+00;3.3196160793304443e+00;1.7132480144500732e+00;1.7077120542526245e+00;3.3303999900817871e+00;1.7149120569229126e+00;0.0000000000000000e+00;1.2118109680021400e-06;1.6064757519176633e-14;2.3542972041203997e-07;5.9309869980209565e-06;1.2730562562366390e-14;1.0650163028039774e-05
187000000;3.3541440963745117e+00;1.7197120189666748e+00;3.3560318946838379e+00;1.7256640195846558e+00;1.7249280214309692e+00;3.3680639266967773e+00;1.7336000204086304e+00;0.0000000000000000e+00;1.4503372358509676e-06;6.2328311525747974e-16;8.8926606952459909e-08;1.3164882060419739e-06;1.8698493457724391e-15;2.2974355988008561e-06
189000000;3.3930559158325195e+00;1.7383680343627930e+00;3.3902399539947510e+00;1.7490559816360474e+00;1.7423679828643799e+00;3.4043519496917725e+00;1.7558079957962036e+00;0.0000000000000000e+00;5.0023271922244716e-03;3.1555826884888392e-10;3.0609207408790395e-03;7.8254299851840956e-04;2.6937900999294970e-11;8.7555595859661620e-02
191000000;3.4254400730133057e+00;1.7584320306777954e+00;3.4261438846588135e+00;1.7661119699478149e+00;1.7638720273971558e+00;3.4416000843048096e+00;1.7665920257568359e+00;0.0000000000000000e+00;1.2481655928268616e-06;1.2506780658768373e-14;3.8391957698586970e-07;3.3090599382938420e-06;2.9719082753509004e-15;1.2948727038058751e-05
193000000;3.4616320133209229e+00;1.7723519802093506e+00;3.4606399536132812e+00;1.7832640409469604e+00;1.7778240442276001e+00;3.4732160568237305e+00;1.7907199859619141e+00;0.0000000000000000e+00;8.1777221097306490e-07;6.0755752990236804e-14;1.4188904073434032e-06;2.2760379557113033e-05;1.0484707087458007e-13;3.2732167063773952e-05
195000000;3.5001599788665771e+00;1.7907520532608032e+00;3.5006721019744873e+00;1.8017599582672119e+00;1.8007999658584595e+00;3.5175039768218994e+00;1.8127360343933105e+00;0.0000000000000000e+00;1.2651133879692904e-06;7.9917426824967439e-16;3.0808247891853918e-07;2.9539118914117070e-06;8.9241126621213646e-15;5.3852145947838069e-06
197000000;3.5386559963226318e+00;1.8146239519119263e+00;3.5337278842926025e+00;1.8244160413742065e+00;1.8207999467849731e+00;3.5461759567260742e+00;1.8264640569686890e+00;0.0000000000000000e+00;2.2871461967125085e-05;3.6840552816758876e-14;1.1295217626915024e-06;2.6943531035513983e-05;2.0045594915001154e-14;2.5489220653946520e-05
199000000;3.5679678916931152e+00;1.8288960456848145e+00;3.5723841190338135e+00;1.8389439582824707e+00;1.8385920524597168e+00;3.5837121009826660e+00;1.8440320491790771e+00;0.0000000000000000e+00;2.3996882249141952e-06;2.0447028829851234e-14;4.6616626194403478e-07;8.4363893877768685e-07;2.3467612634261075e-14;8.3873691424992078e-06
201000000;3.6058878898620605e+00;1.8489919900894165e+00;3.6063039302825928e+00;1.8613760471343994e+00;1.8577920198440552e+00;3.6221120357513428e+00;1.8624320030212402e+00;0.0000000000000000e+00;8.0671980039501485e-07;1.8232722528599298e-14;2.0885626824651644e-06;1.5722709700847663e-05;1.0765988540696728e-13;3.2037073654467750e-05
203000000;3.6388480663299561e+00;1.8654719591140747e+00;3.6399359703063965e+00;1.8817919492721558e+00;1.8757760524749756e+00;3.6549758911132812e+00;1.8801920413970947e+00;0.0000000000000000e+00;7.6754183195302407e-09;2.0184630291948609e-15;1.3516413447507467e-07;1.7925174444971524e-06;2.9683279841100898e-15;2.3662166671971023e-06
205000000;3.6801600456237793e+00;1.8877760171890259e+00;3.6791360378265381e+00;1.8979200124740601e+00;1.8933119773864746e+00;3.6913919448852539e+00;1.8999680280685425e+00;0.0000000000000000e+00;5.8722101792255734e-07;3.1008438266163604e-15;3.3881260629976840e-10;9.7892757160846212e-07;5.4720773410876949e-16;6.8514765634403353e-07
207000000;3.7153921127319336e+00;1.9032640457153320e+00;3.7168641090393066e+00;1.9135359525680542e+00;1.9115840196609497e+00;3.7251839637756348e+00;1.9173439741134644e+00;0.0000000000000000e+00;8.9588778438108967e-07;9.3724670148618909e-16;2.6609783178027481e-08;1.0636146148463838e-06;1.0934544850672206e-15;6.9751710503920364e-07
209000000;3.7490880489349365e+00;1.9220800399780273e+00;3.7520959377288818e+00;1.9357119798660278e+00;1.9321919679641724e+00;3.7640960216522217e+00;1.9377280473709106e+00;0.0000000000000000e+00;1.6479240328513935e-06;1.1351722191650285e-15;2.2748180637546139e-08;1.0384830882712008e-06;0.0000000000000000e+00;3.6132648318209765e-07
211000000;3.7874560356140137e+00;1.9381120204925537e+00;3.7883839607238770e+00;1.9520319700241089e+00;1.9467840194702148e+00;3.7973759174346924e+00;1.9590400457382202e+00;0.0000000000000000e+00;1.3870463327307245e-06;6.8049836251508047e-16;1.2448179615914112e-09;1.6062501986295112e-06;1.0887973800241286e-15;4.3716291383598204e-07
213000000;3.8198719024658203e+00;1.9608000516891479e+00;3.8212161064147949e+00;1.9720000028610229e+00;1.9695039987564087e+00;3.8373439311981201e+00;1.9789119958877563e+00;0.0000000000000000e+00;1.6625349366482833e-06;2.1801209463436719e-16;2.3914007620921013e-08;7.2618012006121911e-07;6.5403628390310158e-16;3.7504706384107005e-07
215000000;3.8592000007629395e+00;1.9779839515686035e+00;3.8616321086883545e+00;1.9899840354919434e+00;1.9835200309753418e+00;3.8705279827117920e+00;1.9890240430831909e+00;0.0000000000000000e+00;8.1123113079425085e-07;3.5051812572658573e-16;4.2284744749876652e-09;9.9941411662561353e-07;2.3367875048439048e-16;3.0940983524395025e-07
217000000;3.8924479484558105e+00;1.9969600439071655e+00;3.8967039585113525e+00;2.0088961124420166e+00;2.0079360008239746e+00;3.9117119312286377e+00;2.0080320835113525e+00;0.0000000000000000e+00;1.0166753923574346e-06;1.7713212613440674e-15;6.5704531334654774e-08;1.0166753923574346e-06;1.3284909460080507e-15;3.0344724659034972e-07
219000000;3.9292480945587158e+00;2.0109760761260986e+00;3.9326078891754150e+00;2.0244159698486328e+00;2.0237760543823242e+00;3.9463360309600830e+00;2.0321280956268311e+00;0.0000000000000000e+00;1.5047399431954977e-08;3.2178129375174875e-15;1.5047399431954977e-08;2.9145542605762097e-07;1.8019752450097927e-15;4.2965943937045396e-07
221000000;3.9648320674896240e+00;2.0321600437164307e+00;3.9675519466400146e+00;2.0431358814239502e+00;2.0403521060943604e+00;3.9828159809112549e+00;2.0460801124572754e+00;0.0000000000000000e+00;3.3177369672673434e-07;1.6321896482688217e-15;5.2552052052046781e-09;6.0139681827228559e-07;6.2776524933416216e-16;4.0968988752353150e-07
223000000;4.0022082328796387e+00;2.0549759864807129e+00;4.0023040771484375e+00;2.0640959739685059e+00;2.0593919754028320e+00;4.0141119956970215e+00;2.0688319206237793e+00;0.0000000000000000e+00;1.6126343009674453e-07;4.4653038215760844e-16;4.1398843344412654e-08;1.2400447108677314e-06;1.7861215286304338e-15;3.4106031022524239e-07
225000000;4.0386881828308105e+00;2.0718400478363037e+00;4.0382719039916992e+00;2.0849280357360840e+00;2.0791039466857910e+00;4.0518078804016113e+00;2.0879681110382080e+00;0.0000000000000000e+00;2.1555567043637311e-09;1.1975859482299043e-15;2.1555567043637311e-09;6.4510461692893721e-07;1.9959765803831738e-16;3.1931897340792303e-07
227000000;4.0742402076721191e+00;2.0872321128845215e+00;4.0738878250122070e+00;2.1018240451812744e+00;2.0962240695953369e+00;4.0834240913391113e+00;2.1076478958129883e+00;0.0000000000000000e+00;6.1723289463377535e-07;1.6089689300115696e-15;3.0623567992456243e-08;2.4657572220120010e-07;2.0112111625144620e-16;2.4657572220120010e-07
229000000;4.1116480827331543e+00;2.1069118976593018e+00;4.1094079017639160e+00;2.1169281005859375e+00;2.1152000427246094e+00;4.1236801147460938e+00;2.1216640472412109e+00;0.0000000000000000e+00;1.3873435763439296e-06;0.0000000000000000e+00;2.4427856729668399e-08;1.1528890470395248e-07;1.6924189026334151e-16;5.2073843111603601e-07
231000000;4.1458559036254883e+00;2.1267840862274170e+00;4.1478400230407715e+00;2.1360960006713867e+00;2.1338560581207275e+00;4.1632637977600098e+00;2.1419520378112793e+00;0.0000000000000000e+00;1.2250679373052851e-06;5.1030663648126465e-16;3.7869850220106070e-08;1.8643284457357661e-06;5.1030663648126465e-16;5.1006772843459188e-07
233000000;4.1829438209533691e+00;2.1421120166778564e+00;4.1795840263366699e+00;2.1545920372009277e+00;2.1521599292755127e+00;4.1940798759460449e+00;2.1538240909576416e+00;0.0000000000000000e+00;2.5969176824251386e-06;4.9498356435413291e-16;2.8075665433603116e-08;1.7111100903590918e-06;2.8049068646734197e-15;4.1482813059942024e-07
235000000;4.2162241935729980e+00;2.1593279838562012e+00;4.2189121246337891e+00;2.1747519969940186e+00;2.1687679290771484e+00;4.2356162071228027e+00;2.1781120300292969e+00;0.0000000000000000e+00;1.7224732528747179e-07;5.9266224367511495e-16;1.3155765652559187e-08;4.9043044455729696e-07;1.0371589264314513e-15;7.8230203252200382e-07
237000000;4.2538561820983887e+00;2.1808960437774658e+00;4.2466239929199219e+00;2.1910080909729004e+00;2.1880640983581543e+00;4.2713279724121094e+00;2.2001280784606934e+00;0.0000000000000000e+00;1.4038615894621640e-06;1.3742533817389377e-15;1.0245664090436206e-08;2.5515452927094693e-06;1.3742533817389377e-15;4.2013270096447379e-07
239000000;4.2876801490783691e+00;2.1982400417327881e+00;4.2898559570312500e+00;2.2104640007019043e+00;2.2032320499420166e+00;4.3027200698852539e+00;2.2179839611053467e+00;0.0000000000000000e+00;7.9113288675292505e-07;6.7105570020304490e-16;1.9475256231391408e-08;9.7126802963832878e-07;3.3552785010152245e-16;7.0106531531022319e-07
241000000;4.3240318298339844e+00;2.2196478843688965e+00;4.3263998031616211e+00;2.2313280105590820e+00;2.2256319522857666e+00;4.3347520828247070e+00;2.2338240146636963e+00;0.0000000000000000e+00;1.1976879641702372e-07;6.7382716209127713e-16;2.9329245656444770e-08;6.9418716042818687e-07;4.0429629725476634e-15;9.6550581270992375e-07
243000000;4.3608322143554688e+00;2.2370879650115967e+00;4.3586239814758301e+00;2.2493441104888916e+00;2.2419838905334473e+00;4.3683519363403320e+00;2.2524800300598145e+00;0.0000000000000000e+00;5.7410834602834843e-07;3.3604728723845815e-16;3.2866305303837414e-08;8.4472936639060389e-07;2.3523310106692072e-15;9.5941076935776604e-07
245000000;4.3947520256042480e+00;2.2560000419616699e+00;4.3964481353759766e+00;2.2675518989562988e+00;2.2661440372467041e+00;4.4085440635681152e+00;2.2735359668731689e+00;0.0000000000000000e+00;7.2120880815341487e-07;4.2033642503729946e-16;3.1012524701900372e-08;5.7076454158235190e-07;3.2225792586192955e-15;9.3367812412827870e-07
247000000;4.4306240081787109e+00;2.2740800380706787e+00;4.4309439659118652e+00;2.2873280048370361e+00;2.2815999984741211e+00;4.4440960884094238e+00;2.2927999496459961e+00;0.0000000000000000e+00;2.9667406345387116e-07;0.0000000000000000e+00;2.6801338968147285e-08;2.1580521284836654e-07;1.6569296953464872e-15;1.0780963968397071e-06
249000000;4.4682879447937012e+00;2.2925438880920410e+00;4.4668478965759277e+00;2.3051519393920898e+00;2.2985920906066895e+00;4.4844160079956055e+00;2.3121919631958008e+00;0.0000000000000000e+00;2.9257654657945038e-07;3.3064596358147283e-16;2.6305246553794209e-08;5.0623735349751813e-07;3.3064596358147283e-16;1.3938083535830386e-06
251000000;4.5000319480895996e+00;2.3062720298767090e+00;4.5015358924865723e+00;2.3181440830230713e+00;2.3158080577850342e+00;4.5177597999572754e+00;2.3292479515075684e+00;0.0000000000000000e+00;4.5391587027936722e-07;8.2284248822694185e-16;1.2155673192619673e-08;1.0050771260996918e-07;8.2284248822694185e-16;1.2490842250355128e-06
253000000;4.5423679351806641e+00;2.3259201049804688e+00;4.5394239425659180e+00;2.3405120372772217e+00;2.3328959941864014e+00;4.5516481399536133e+00;2.3447680473327637e+00;0.0000000000000000e+00;1.9789313836985782e-07;1.3821381091462625e-16;2.4715785780335031e-08;9.8918760497065989e-08;1.7967795418901412e-15;9.1515148238110640e-07
255000000;4.5735359191894531e+00;2.3479359149932861e+00;4.5705919265747070e+00;2.3617279529571533e+00;2.3557119369506836e+00;4.5934720039367676e+00;2.3650879859924316e+00;0.0000000000000000e+00;9.1659283108874351e-07;3.1477763233859427e-16;1.2879418940776395e-08;4.0960796743627809e-07;2.2034434263701598e-15;1.2803415780719399e-06
257000000;4.6049919128417969e+00;2.3663039207458496e+00;4.6059198379516602e+00;2.3765759468078613e+00;2.3766720294952393e+00;4.6236481666564941e+00;2.3869121074676514e+00;0.0000000000000000e+00;2.3202284047555157e-07;1.5255703880933078e-15;8.6498316821384630e-09;3.6363851630688338e-07;1.3868821709939162e-15;1.1999725452470083e-06
259000000;4.6455359458923340e+00;2.3859200477600098e+00;4.6450881958007812e+00;2.3950719833374023e+00;2.3949759006500244e+00;4.6576638221740723e+00;2.4034559726715088e+00;0.0000000000000000e+00;1.3396065822098573e-07;1.3231330373793383e-15;8.1096698740493608e-09;6.4742614630170722e-07;3.9693991121380150e-16;1.2157074586818476e-06
261000000;4.6816000938415527e+00;2.4024639129638672e+00;4.6828160285949707e+00;2.4174399375915527e+00;2.4149758815765381e+00;4.7084479331970215e+00;2.4252479076385498e+00;0.0000000000000000e+00;8.9674856713066015e-07;5.2660687274677222e-16;2.2091146989679330e-08;1.1926880902883443e-07;2.6330343637338611e-16;1.1794684791676877e-06
263000000;4.7171201705932617e+00;2.4225280284881592e+00;4.7157120704650879e+00;2.4361600875854492e+00;2.4317119121551514e+00;4.7330880165100098e+00;2.4473600387573242e+00;0.0000000000000000e+00;6.0754222753461414e-07;1.1029253343798465e-15;1.5413697398200989e-08;9.0360649260282071e-07;2.6194476691521355e-15;1.3168754954087285e-06
265000000;4.7514882087707520e+00;2.4417600631713867e+00;4.7530241012573242e+00;2.4552960395812988e+00;2.4508800506591797e+00;4.7684798240661621e+00;2.4567680358886719e+00;0.0000000000000000e+00;2.2591517188889940e-06;2.9203231369108778e-16;1.4211272590669234e-08;1.8671925824269832e-06;1.1681292547643511e-15;1.4252641638539086e-06
267000000;4.7861437797546387e+00;2.4548161029815674e+00;4.7917442321777344e+00;2.4691200256347656e+00;2.4674880504608154e+00;4.8123202323913574e+00;2.4832000732421875e+00;0.0000000000000000e+00;1.5664079010322241e-07;2.5597009587444011e-16;1.9217891286384303e-08;5.6890948655373674e-07;5.1194019174888023e-16;1.2862996474735778e-06
269000000;4.8257918357849121e+00;2.4756159782409668e+00;4.8262720108032227e+00;2.4867520332336426e+00;2.4877440929412842e+00;4.8490881919860840e+00;2.4972798824310303e+00;0.0000000000000000e+00;9.7748159184257352e-07;3.9363652564309904e-16;8.7344105771956901e-09;6.1709589595644970e-08;2.6242435042873268e-16;1.4705895930524580e-06
271000000;4.8614082336425781e+00;2.4947199821472168e+00;4.8594880104064941e+00;2.5087358951568604e+00;2.5041599273681641e+00;4.8798079490661621e+00;2.5148479938507080e+00;0.0000000000000000e+00;2.3242112228636930e-07;1.1301890323460133e-15;3.0165916777035402e-08;2.3950769056874312e-07;1.1301890323460133e-15;1.2436971498330389e-06
273000000;4.8988800048828125e+00;2.5126399993896484e+00;4.8942718505859375e+00;2.5250239372253418e+00;2.5189759731292725e+00;4.9159679412841797e+00;2.5323519706726074e+00;0.0000000000000000e+00;4.0566497219390096e-07;3.9244858936564480e-16;1.5723491977793495e-08;6.1635920427974816e-07;1.3081619645521494e-15;1.4591361326231371e-06
275000000;4.9333119392395020e+00;2.5303680896759033e+00;4.9328961372375488e+00;2.5437440872192383e+00;2.5401918888092041e+00;4.9507517814636230e+00;2.5555200576782227e+00;0.0000000000000000e+00;1.2678008532352343e-07;9.2606995774047585e-16;1.5271349758742488e-08;5.5293439057032121e-07;1.8521399154809517e-15;1.2631915659816509e-06
277000000;4.9675521850585938e+00;2.5516800880432129e+00;4.9696002006530762e+00;2.5650560855865479e+00;2.5613760948181152e+00;4.9884161949157715e+00;2.5759680271148682e+00;0.0000000000000000e+00;1.4368719698714226e-07;0.0000000000000000e+00;2.5461397309283000e-09;1.4877947644899887e-07;2.7238081529377136e-16;1.3186461701935635e-06
279000000;5.0057921409606934e+00;2.5644481182098389e+00;5.0050239562988281e+00;2.5851519107818604e+00;2.5808320045471191e+00;5.0218558311462402e+00;2.5937919616699219e+00;0.0000000000000000e+00;1.1532702267262016e-06;2.7097556689994432e-15;1.0560971124119371e-08;8.6231242726362139e-07;1.7613411848496381e-15;1.0077913269949116e-06
281000000;5.0385918617248535e+00;2.5884480476379395e+00;5.0396480560302734e+00;2.6048638820648193e+00;2.5963840484619141e+00;5.0552639961242676e+00;2.6100800037384033e+00;0.0000000000000000e+00;2.7907239955440761e-06;1.3317431023309379e-16;2.3248733414082151e-09;2.2187446884255802e-06;2.5303118944287822e-15;1.0032886607987761e-06
283000000;5.0757441520690918e+00;2.6060481071472168e+00;5.0804800987243652e+00;2.6178879737854004e+00;2.6128959655761719e+00;5.0964798927307129e+00;2.6305279731750488e+00;0.0000000000000000e+00;1.7411332644014399e-06;1.6437970468981649e-15;4.4004764956969486e-08;1.6053629844458823e-06;6.3222963342237116e-16;9.9439672464587293e-07
285000000;5.1104960441589355e+00;2.6204481124877930e+00;5.1169600486755371e+00;2.6383359432220459e+00;2.6336319446563721e+00;5.1341438293457031e+00;2.6485760211944580e+00;0.0000000000000000e+00;3.7705796824272121e-07;1.3918012858834522e-16;3.4491554052103278e-09;1.5289268054021469e-07;1.8093416716484878e-15;1.1242755939177429e-06
287000000;5.1471681594848633e+00;2.6417279243469238e+00;5.1513280868530273e+00;2.6587839126586914e+00;2.6519041061401367e+00;5.1713280677795410e+00;2.6711359024047852e+00;0.0000000000000000e+00;5.5612054654919981e-07;1.7657549651984021e-15;2.7253286395165987e-08;1.9151190095897117e-07;4.0748191504578511e-16;1.0481574940478061e-06
289000000;5.1828160285949707e+00;2.6570560932159424e+00;5.1844158172607422e+00;2.6703360080718994e+00;2.6737599372863770e+00;5.2063040733337402e+00;2.6882240772247314e+00;0.0000000000000000e+00;4.6431990014246864e-07;1.3656397328836010e-16;2.4416550828475516e-08;7.5758879968513073e-07;2.7312794657672019e-16;9.7754047434212722e-07
291000000;5.2229762077331543e+00;2.6776640415191650e+00;5.2209601402282715e+00;2.6928000450134277e+00;2.6918718814849854e+00;5.2343039512634277e+00;2.7060799598693848e+00;0.0000000000000000e+00;2.1511621194499877e-06;1.7324702571388828e-15;4.7286522462620714e-08;1.9820506854567102e-06;4.7249188831060444e-16;1.3156222774122024e-06
293000000;5.2551040649414062e+00;2.7004799842834473e+00;5.2527041435241699e+00;2.7118721008300781e+00;2.7057600021362305e+00;5.2749757766723633e+00;2.7271039485931396e+00;0.0000000000000000e+00;1.7734601398630876e-06;1.9427324157785803e-15;3.5132600144738131e-08;1.3388782549335003e-06;1.7808380477970321e-15;1.4257946319194177e-06
295000000;5.2906241416931152e+00;2.7185280323028564e+00;5.2922239303588867e+00;2.7356801033020020e+00;2.7351040840148926e+00;5.3024001121520996e+00;2.7471039295196533e+00;0.0000000000000000e+00;9.5987775733701451e-07;1.7351160788581401e-16;2.8344405654580900e-08;2.8344405654580900e-08;1.7351160788581401e-16;1.3324910980099881e-06
297000000;5.3259520530700684e+00;2.7416319847106934e+00;5.3241600990295410e+00;2.7524158954620361e+00;2.7489600181579590e+00;5.3451519012451172e+00;2.7601280212402344e+00;0.0000000000000000e+00;1.6372118031078621e-06;1.3206086539027870e-15;1.6648666157275776e-08;1.2320710188702155e-06;0.0000000000000000e+00;1.5026292747338991e-06
299000000;5.3621759414672852e+00;2.7585918903350830e+00;5.3624000549316406e+00;2.7729599475860596e+00;2.7666881084442139e+00;5.3905601501464844e+00;2.7852480411529541e+00;0.0000000000000000e+00;2.0189881459617345e-06;1.9553012507148044e-15;2.4473851120338471e-08;1.5990903996793351e-06;1.5642410005718437e-15;1.7040648362499349e-06
301000000;5.4015359878540039e+00;2.7744960784912109e+00;5.4045438766479492e+00;2.7915840148925781e+00;2.7842240333557129e+00;5.4234237670898438e+00;2.7999999523162842e+00;0.0000000000000000e+00;7.7716448866724214e-07;1.9651052177614882e-15;3.8659007362344013e-08;9.8816605475435592e-07;9.8255260888074412e-16;1.1991676208414696e-06
303000000;5.4366078376770020e+00;2.7949759960174561e+00;5.4334402084350586e+00;2.8103680610656738e+00;2.8009920120239258e+00;5.4520001411437988e+00;2.8173120021820068e+00;0.0000000000000000e+00;4.7378881134352913e-07;1.0039767516203114e-15;6.5217102925664942e-08;6.5217102925664942e-08;1.0039767516203114e-15;1.3228975695537845e-06
305000000;5.4745922088623047e+00;2.8099520206451416e+00;5.4708800315856934e+00;2.8262081146240234e+00;2.8223679065704346e+00;5.4882559776306152e+00;2.8330240249633789e+00;0.0000000000000000e+00;1.0776251327684251e-06;9.9049919290369481e-16;7.4543644795427969e-08;9.8899676526351321e-07;8.2541599408641244e-16;1.2267124223592809e-06
307000000;5.5036478042602539e+00;2.8286719322204590e+00;5.5057277679443359e+00;2.8441600799560547e+00;2.8432960510253906e+00;5.5310721397399902e+00;2.8567678928375244e+00;0.0000000000000000e+00;1.7587679550284551e-07;6.8462309848448066e-16;7.9003181269689716e-09;1.9167743175678344e-07;1.1980904223478412e-15;1.1105629999058559e-06
309000000;5.5413441658020020e+00;2.8500161170959473e+00;5.5448322296142578e+00;2.8644480705261230e+00;2.8624000549316406e+00;5.5657601356506348e+00;2.8737280368804932e+00;0.0000000000000000e+00;6.3957281991613078e-07;2.6023118456704670e-15;2.8339148837721498e-08;9.0153010752116340e-07;1.6264449035440419e-16;1.0761682992578517e-06
311000000;5.5789761543273926e+00;2.8704640865325928e+00;5.5795841217041016e+00;2.8823039531707764e+00;2.8816959857940674e+00;5.6009922027587891e+00;2.8925120830535889e+00;0.0000000000000000e+00;1.3965886048764763e-07;2.7982002169894669e-15;4.5766841584289310e-08;1.4201719622242732e-07;3.4977502712368337e-16;1.4541471251346642e-06
313000000;5.6185917854309082e+00;2.8872640132904053e+00;5.6152000427246094e+00;2.9021759033203125e+00;2.8981759548187256e+00;5.6336002349853516e+00;2.9080319404602051e+00;0.0000000000000000e+00;3.6929933734483631e-07;3.6914413586093150e-16;2.7066160413384071e-08;1.7111658846572613e-07;1.8457206793046575e-16;1.6125281514462656e-06
315000000;5.6485757827758789e+00;2.9053120613098145e+00;5.6472959518432617e+00;2.9203200340270996e+00;2.9147200584411621e+00;5.6708798408508301e+00;2.9317119121551514e+00;0.0000000000000000e+00;2.3400299140084625e-07;2.1591130683377024e-15;5.5669914153218447e-08;9.4733530039135745e-07;6.6434248256544697e-16;1.3040014548866130e-06
317000000;5.6929278373718262e+00;2.9254720211029053e+00;5.6857600212097168e+00;2.9389441013336182e+00;2.9370880126953125e+00;5.7057600021362305e+00;2.9470400810241699e+00;0.0000000000000000e+00;8.7366697947722047e-08;1.2299211575920227e-15;6.9631439900672355e-09;2.7602638182330058e-07;8.7851511256573057e-16;1.5966441689523505e-06
319000000;5.7249598503112793e+00;2.9421119689941406e+00;5.7250561714172363e+00;2.9631040096282959e+00;2.9504001140594482e+00;5.7421441078186035e+00;2.9699521064758301e+00;0.0000000000000000e+00;6.4340183422795291e-07;1.8188918137455257e-15;5.7495770103016240e-08;6.4340183422795291e-07;1.8188918137455257e-15;1.3269589090403792e-06
321000000;5.7604479789733887e+00;2.9609599113464355e+00;5.7591681480407715e+00;2.9783039093017578e+00;2.9730560779571533e+00;5.7854719161987305e+00;2.9797759056091309e+00;0.0000000000000000e+00;2.7161520729933712e-06;2.7371710987374022e-15;3.2150685394795738e-09;1.4727226126186707e-06;4.2110324595960035e-15;1.4662924755397116e-06
323000000;5.7968640327453613e+00;2.9800639152526855e+00;5.7960958480834961e+00;2.9993920326232910e+00;2.9860160350799561e+00;5.8099842071533203e+00;3.0012800693511963e+00;0.0000000000000000e+00;7.5892716260856544e-07;6.0072428355533550e-16;6.4005766717997482e-09;9.7393475859049842e-07;1.0012071392588925e-15;1.4039499505543646e-06
325000000;5.8373122215270996e+00;3.0007998943328857e+00;5.8349761962890625e+00;3.0151998996734619e+00;3.0117120742797852e+00;5.8447360992431641e+00;3.0203199386596680e+00;0.0000000000000000e+00;2.6996216993980756e-07;1.4923897780138141e-15;7.3418113423801264e-08;8.4226264221248888e-07;2.3451839368788506e-15;1.4469392468782365e-06
327000000;5.8731842041015625e+00;3.0177919864654541e+00;5.8665280342102051e+00;3.0330240726470947e+00;3.0231359004974365e+00;5.8893761634826660e+00;3.0442240238189697e+00;0.0000000000000000e+00;1.7427075827989479e-07;1.1289862064331971e-15;7.3250782566026328e-08;4.7733068542150021e-07;1.1289862064331971e-15;1.1844705154185795e-06
329000000;5.9053120613098145e+00;3.0381760597229004e+00;5.9022722244262695e+00;3.0483520030975342e+00;3.0500800609588623e+00;5.9194560050964355e+00;3.0639998912811279e+00;0.0000000000000000e+00;6.4706506219793986e-07;1.7954087586219785e-16;2.7666854159978665e-08;2.7666854159978665e-08;3.5908175172439569e-16;7.0239877051789725e-07
331000000;5.9363198280334473e+00;3.0540480613708496e+00;5.9344320297241211e+00;3.0726079940795898e+00;3.0683519840240479e+00;5.9611201286315918e+00;3.0763840675354004e+00;0.0000000000000000e+00;7.7852478551535237e-07;5.5745636326026870e-16;1.9560830867964251e-08;9.7804618961118164e-07;2.9731006040547664e-15;1.0778068916590962e-06
333000000;5.9816961288452148e+00;3.0799040794372559e+00;5.9758081436157227e+00;3.0864961147308350e+00;3.0880959033966064e+00;5.9965758323669434e+00;3.1014080047607422e+00;0.0000000000000000e+00;1.3721540407404071e-06;1.8295079972056421e-15;2.9394370191139563e-09;1.9614798169230591e-06;1.8295079972056419e-16;7.8282826455775519e-07
335000000;6.0108480453491211e+00;3.0960960388183594e+00;6.0138559341430664e+00;3.1084799766540527e+00;3.1057279109954834e+00;6.0302400588989258e+00;3.1265919208526611e+00;0.0000000000000000e+00;1.2822378529165058e-06;3.1448554031259899e-15;1.5951811628222296e-08;1.2147564840224593e-07;3.7345157912121129e-15;1.3877616896905293e-06
337000000;6.0456638336181641e+00;3.1113600730895996e+00;6.0496320724487305e+00;3.1274878978729248e+00;3.1208000183105469e+00;6.0741758346557617e+00;3.1346240043640137e+00;0.0000000000000000e+00;2.2991464507824794e-07;1.4215785066892089e-15;1.1856316688009730e-08;4.4797297346848613e-07;1.0154132190637206e-15;1.4292354512245581e-06
339000000;6.0861120223999023e+00;3.1282238960266113e+00;6.0829119682312012e+00;3.1445119380950928e+00;3.1401920318603516e+00;6.1046080589294434e+00;3.1549439430236816e+00;0.0000000000000000e+00;1.0458013342369928e-06;4.4498791393305147e-16;3.0471798712579680e-08;1.7625045357836373e-06;1.4462107202824173e-15;1.1055266010325465e-06
341000000;6.1205439567565918e+00;3.1472640037536621e+00;6.1176319122314453e+00;3.1647040843963623e+00;3.1640961170196533e+00;6.1372160911560059e+00;3.1690239906311035e+00;0.0000000000000000e+00;2.2910913327972442e-06;4.8206494536600699e-16;2.6533172755808963e-08;1.7087763773580182e-06;2.6513571995130384e-15;1.1911630836342614e-06
343000000;6.1531200408935547e+00;3.1714880466461182e+00;6.1510400772094727e+00;3.1855039596557617e+00;3.1814079284667969e+00;6.1764478683471680e+00;3.1962881088256836e+00;0.0000000000000000e+00;1.8347007016213405e-06;1.6072338511479614e-15;4.7312415876392403e-08;2.3894074109904622e-06;2.2960483587828020e-16;9.1018951933947077e-07
345000000;6.1889600753784180e+00;3.1874239444732666e+00;6.1887359619140625e+00;3.2022719383239746e+00;3.2027521133422852e+00;6.2144317626953125e+00;3.2189440727233887e+00;0.0000000000000000e+00;2.1158595823745953e-06;2.2533132125967179e-16;5.9304439278230739e-08;1.9343988344543280e-06;1.9153162307072103e-15;1.1480689267998356e-06
347000000;6.2280321121215820e+00;3.2069759368896484e+00;6.2287039756774902e+00;3.2202239036560059e+00;3.2197120189666748e+00;6.2485442161560059e+00;3.2397758960723877e+00;0.0000000000000000e+00;6.5089229585004509e-07;2.4823853745448613e-15;1.5467954133635569e-08;1.5393726291616191e-06;1.2411926872724307e-15;1.2001083985490679e-06
349000000;6.2606081962585449e+00;3.2276480197906494e+00;6.2657599449157715e+00;3.2383999824523926e+00;3.2444159984588623e+00;6.2795839309692383e+00;3.2546880245208740e+00;0.0000000000000000e+00;6.0394930748800531e-07;1.2697108958102222e-15;7.3760871235805651e-08;1.5128437696346331e-06;7.0539494211679012e-16;2.0430322058868329e-06
351000000;6.2965121269226074e+00;3.2423360347747803e+00;6.2982401847839355e+00;3.2647039890289307e+00;3.2602880001068115e+00;6.3130240440368652e+00;3.2796480655670166e+00;0.0000000000000000e+00;6.4604532058357903e-07;1.0862327254352860e-15;2.0430969643492524e-08;6.8690725987056406e-07;4.6552831090083691e-15;9.3683586870571594e-07
353000000;6.3363199234008789e+00;3.2664959430694580e+00;6.3352642059326172e+00;3.2809278964996338e+00;3.2785599231719971e+00;6.3544321060180664e+00;3.2891199588775635e+00;0.0000000000000000e+00;6.2132346917013217e-07;1.5581019109140856e-16;4.7876205950978151e-08;1.1232232255109650e-06;1.5581019109140856e-16;1.3026255968030600e-06
355000000;6.3738880157470703e+00;3.2836480140686035e+00;6.3751358985900879e+00;3.2955839633941650e+00;3.2949440479278564e+00;6.3860158920288086e+00;3.3132479190826416e+00;0.0000000000000000e+00;3.3160467516459284e-07;3.7783866156839046e-15;1.1807774166450744e-07;3.0006913439156604e-06;1.1931747207422855e-15;3.4277452109158312e-06
357000000;6.4003520011901855e+00;3.2984640598297119e+00;6.4071679115295410e+00;3.3169279098510742e+00;3.3150720596313477e+00;6.4269762039184570e+00;3.3270719051361084e+00;0.0000000000000000e+00;5.6685085161753174e-07;1.5522318687417336e-15;1.6232877001345219e-07;8.7935640374509627e-07;5.4328115405960678e-15;3.8082268781683721e-06
359000000;6.4427838325500488e+00;3.3206720352172852e+00;6.4412159919738770e+00;3.3328959941864014e+00;3.3328640460968018e+00;6.4639678001403809e+00;3.3453440666198730e+00;0.0000000000000000e+00;1.2960548177935351e-07;2.8531239009858385e-15;1.2960548177935351e-07;3.3462998663990095e-06;1.8545305356407950e-15;1.6613647125506184e-06
361000000;6.4768319129943848e+00;3.3408000469207764e+00;6.4782080650329590e+00;3.3557760715484619e+00;3.3530240058898926e+00;6.5033922195434570e+00;3.3717119693756104e+00;0.0000000000000000e+00;2.9496266768073743e-06;8.3512411758115722e-16;8.0162058317831285e-08;3.3979805234463657e-06;5.8458688230681008e-15;3.2186389847907691e-06
363000000;6.5188798904418945e+00;3.3588800430297852e+00;6.5163521766662598e+00;3.3768320083618164e+00;3.3657279014587402e+00;6.5320320129394531e+00;3.3906879425048828e+00;0.0000000000000000e+00;2.5797193117297256e-06;6.5406517832002365e-16;1.2167933018492941e-07;1.2167933018492941e-07;7.8487821398402848e-16;1.8774221741454982e-06
365000000;6.5468158721923828e+00;3.3804800510406494e+00;6.5485439300537109e+00;3.3869760036468506e+00;3.3880319595336914e+00;6.5790400505065918e+00;3.4046080112457275e+00;0.0000000000000000e+00;4.2595330786220106e-06;2.6204879993944740e-15;1.0914919217156964e-07;3.2969420698030865e-06;4.1376126306228532e-16;1.7381493609420574e-06
367000000;6.5881919860839844e+00;3.3946239948272705e+00;6.5849919319152832e+00;3.4079999923706055e+00;3.4075839519500732e+00;6.6123199462890625e+00;3.4258239269256592e+00;0.0000000000000000e+00;2.5825416007948099e-06;7.8359455191726859e-15;2.4537981342783602e-07;1.8580657952024404e-06;8.7066061324140946e-16;4.6859872094250862e-06
369000000;6.6267199516296387e+00;3.4164159297943115e+00;6.6199679374694824e+00;3.4252479076385498e+00;3.4223361015319824e+00;6.6437439918518066e+00;3.4403200149536133e+00;0.0000000000000000e+00;1.5242937517103763e-06;3.5583618649408151e-15;1.8499449324570447e-07;1.1221082823089455e-06;4.4947728820305033e-15;3.6035709831578662e-06
371000000;6.6595201492309570e+00;3.4263679981231689e+00;6.6628160476684570e+00;3.4495680332183838e+00;3.4474239349365234e+00;6.6843838691711426e+00;3.4663360118865967e+00;0.0000000000000000e+00;9.2278871702738058e-07;9.8798639023090074e-16;1.3805359170632262e-07;2.4079679492545649e-06;5.5327237852930443e-15;4.2753385957677649e-06
373000000;6.6951360702514648e+00;3.4490239620208740e+00;6.6954560279846191e+00;3.4630079269409180e+00;3.4617919921875000e+00;6.7060799598693848e+00;3.4772799015045166e+00;0.0000000000000000e+00;4.6863115241179292e-06;2.1284493359346864e-15;2.9260666901578632e-07;1.5985524245918429e-06;1.0338182488825620e-14;8.6996324705366495e-06
375000000;6.7385921478271484e+00;3.4656000137329102e+00;6.7323198318481445e+00;3.4882879257202148e+00;3.4765439033508301e+00;6.7475199699401855e+00;3.4944961071014404e+00;0.0000000000000000e+00;5.9133551845414703e-07;2.2042656634858795e-15;4.6676645350194192e-07;1.0280623259245201e-06;1.7054055396443382e-14;1.1055136974439381e-05
377000000;6.7633280754089355e+00;3.4837760925292969e+00;6.7666878700256348e+00;3.5041921138763428e+00;3.5007998943328857e+00;6.7994561195373535e+00;3.5058560371398926e+00;0.0000000000000000e+00;2.4000874282409684e-06;1.7782320102215825e-14;1.3679998162677203e-06;1.3842338156609410e-06;2.0826140660252768e-15;3.2330628175465160e-05
379000000;6.8063678741455078e+00;3.5042879581451416e+00;6.8025918006896973e+00;3.5232319831848145e+00;3.5183680057525635e+00;6.8151998519897461e+00;3.5345919132232666e+00;0.0000000000000000e+00;9.8083446282349376e-07;4.5933275387379232e-15;3.4024979333915505e-07;3.0064969889395552e-06;1.0663081786355894e-14;5.4484422505013969e-06
381000000;6.8378558158874512e+00;3.5227839946746826e+00;6.8351359367370605e+00;3.5347518920898438e+00;3.5346240997314453e+00;6.8597121238708496e+00;3.5495359897613525e+00;0.0000000000000000e+00;4.8049995100517021e-07;5.0530102934029996e-15;2.4291718087873802e-07;5.8506624072890403e-08;6.1759014697147769e-15;4.1011418842595820e-06
383000000;6.8750720024108887e+00;3.5420799255371094e+00;6.8764481544494629e+00;3.5576961040496826e+00;3.5575358867645264e+00;6.9027199745178223e+00;3.5793600082397461e+00;0.0000000000000000e+00;2.3646478557771013e-06;6.7471051879752774e-15;3.0897262004372677e-07;1.1572063505676949e-06;7.7109773576860314e-15;8.8473089783102412e-06
385000000;6.9119682312011719e+00;3.5600318908691406e+00;6.9041919708251953e+00;3.5792639255523682e+00;3.5776638984680176e+00;6.9267201423645020e+00;3.5847680568695068e+00;0.0000000000000000e+00;4.0409881982486631e-06;4.9192944100266457e-15;2.8795114244325858e-07;4.4579923155603755e-06;5.9549353384533078e-15;6.7515149607747892e-06
387000000;6.9543361663818359e+00;3.5722239017486572e+00;6.9462080001831055e+00;3.5970239639282227e+00;3.5962240695953369e+00;6.9779839515686035e+00;3.6058239936828613e+00;0.0000000000000000e+00;8.7736990419827096e-06;5.2056957339460244e-15;4.5559629549384460e-07;3.5740960349536651e-06;7.3848241807141274e-15;1.0789807271964072e-05
389000000;6.9796161651611328e+00;3.5951039791107178e+00;6.9817280769348145e+00;3.6141440868377686e+00;3.6082880496978760e+00;7.0049920082092285e+00;3.6429440975189209e+00;0.0000000000000000e+00;1.6003019018503443e-05;1.0112713745122668e-14;5.0475012347307112e-07;5.9576781932536317e-07;1.9132161139421262e-14;1.3050654671375222e-05
391000000;7.0141439437866211e+00;3.6228480339050293e+00;7.0154881477355957e+00;3.6292800903320312e+00;3.6221759319305420e+00;7.0451841354370117e+00;3.6392960548400879e+00;0.0000000000000000e+00;5.2060475225878898e-05;2.6735144303725349e-13;6.3334716973457908e-06;7.8694355597349705e-05;1.7602020473260167e-13;1.5298697198544444e-04
393000000;7.0550718307495117e+00;3.6305921077728271e+00;7.0524802207946777e+00;3.6515200138092041e+00;3.6461119651794434e+00;7.0739841461181641e+00;3.6680319309234619e+00;0.0000000000000000e+00;6.8701407473833084e-07;1.2668946495105518e-15;1.8747592140679097e-07;3.4076496183009317e-06;2.1718193991609458e-15;3.9769325713689850e-06
395000000;7.0885119438171387e+00;3.6479680538177490e+00;7.0913600921630859e+00;3.6703360080718994e+00;3.6687679290771484e+00;7.1101441383361816e+00;3.6879999637603760e+00;0.0000000000000000e+00;2.0964257237520689e-06;3.7757896455250160e-15;1.5592053237367801e-07;2.9454871885147136e-07;0.0000000000000000e+00;5.1110822958503210e-06
397000000;7.1322240829467773e+00;3.6719999313354492e+00;7.1249599456787109e+00;3.6858239173889160e+00;3.6853120326995850e+00;7.1416001319885254e+00;3.7103359699249268e+00;0.0000000000000000e+00;4.6788063541173372e-07;2.1373484650253822e-15;3.9272952934824900e-07;3.7575553031742359e-08;9.7516523716783065e-15;9.1422662044080737e-06
399000000;7.1646399497985840e+00;3.6863360404968262e+00;7.1585278511047363e+00;3.7065920829772949e+00;3.7059519290924072e+00;7.1844477653503418e+00;3.7255680561065674e+00;0.0000000000000000e+00;1.3955863826056408e-06;2.3788463653503496e-15;2.4644229726032313e-07;1.2499042682895232e-06;2.5487639628753748e-15;3.8041711036365781e-06
401000000;7.2058877944946289e+00;3.7038400173187256e+00;7.1982722282409668e+00;3.7256639003753662e+00;3.7228798866271973e+00;7.2260160446166992e+00;3.7464959621429443e+00;0.0000000000000000e+00;6.1860750327409607e-06;6.7479233091885804e-15;2.9098741348624289e-07;3.6611184859066272e-06;2.2493077697295267e-15;6.1093655431479686e-06
403000000;7.2352638244628906e+00;3.7232639789581299e+00;7.2404160499572754e+00;3.7393279075622559e+00;3.7349441051483154e+00;7.2544322013854980e+00;3.7574720382690430e+00;0.0000000000000000e+00;3.8249201596658970e-06;9.4488671065083113e-15;4.0243142436570183e-07;1.3782681668718108e-05;1.6797985967125889e-14;1.7781543492051163e-05
405000000;7.2684798240661621e+00;3.7477760314941406e+00;7.2695999145507812e+00;3.7602880001068115e+00;3.7532479763031006e+00;7.2972798347473145e+00;3.7917439937591553e+00;0.0000000000000000e+00;4.4933189488605452e-06;5.5527503242634028e-15;2.7645726025239685e-07;7.0769477287967229e-06;4.0720169044598291e-15;7.4311215739218100e-06
407000000;7.3066878318786621e+00;3.7599680423736572e+00;7.3049921989440918e+00;3.7797439098358154e+00;3.7719678878784180e+00;7.3337278366088867e+00;3.8024959564208984e+00;0.0000000000000000e+00;1.0324399084337601e-05;1.2486532716997849e-15;4.8524655024401136e-07;5.2128612261245912e-06;1.0301389491523226e-14;1.1211096482231968e-05
409000000;7.3413438796997070e+00;3.7859520912170410e+00;7.3420162200927734e+00;3.8008959293365479e+00;3.7902400493621826e+00;7.3680639266967773e+00;3.8228800296783447e+00;0.0000000000000000e+00;1.1026987469100464e-06;1.5537954984392966e-15;1.4934148255736093e-07;1.6985470371304748e-06;2.4416786404046092e-15;4.0819401980121881e-06
411000000;7.3812799453735352e+00;3.7944641113281250e+00;7.3792638778686523e+00;3.8204801082611084e+00;3.8120961189270020e+00;7.4038720130920410e+00;3.8330240249633789e+00;0.0000000000000000e+00;1.4666664250181563e-06;2.1052521731376955e-15;6.2493518875701256e-08;8.0181427549908780e-07;4.9535345250298714e-16;3.1872986216153232e-06
413000000;7.4098877906799316e+00;3.8168320655822754e+00;7.4145917892456055e+00;3.8354239463806152e+00;3.8281600475311279e+00;7.4423680305480957e+00;3.8591680526733398e+00;0.0000000000000000e+00;1.7447884123677047e-06;1.8984325417706077e-15;8.9795365759851054e-08;1.4729982230154742e-06;6.9609193198255620e-15;2.4000119752538103e-06
415000000;7.4508481025695801e+00;3.8374400138854980e+00;7.4441280364990234e+00;3.8536000251770020e+00;3.8469440937042236e+00;7.4764800071716309e+00;3.8821759223937988e+00;0.0000000000000000e+00;3.5689802222799614e-06;2.0086106267683248e-15;1.5627937078804611e-07;3.3388636514195492e-07;1.5155880183797361e-14;4.5677709941580548e-06
417000000;7.4909758567810059e+00;3.8531200885772705e+00;7.4922561645507812e+00;3.8655359745025635e+00;3.8683838844299316e+00;7.5060482025146484e+00;3.8883199691772461e+00;0.0000000000000000e+00;5.5123783199854896e-06;1.8731686455042114e-15;9.0527480389421632e-08;6.5180280790271406e-06;1.3379776039315797e-15;3.0356446318685417e-06
419000000;7.5315837860107422e+00;3.8716800212860107e+00;7.5220160484313965e+00;3.8898880481719971e+00;3.8910720348358154e+00;7.5567679405212402e+00;3.9223999977111816e+00;0.0000000000000000e+00;1.1904476467779774e-06;1.5927408501436060e-15;9.2196702416402117e-08;1.1904476467779774e-06;4.3800373378949165e-15;2.4437113426060981e-06
421000000;7.5556478500366211e+00;3.8890559673309326e+00;7.5559039115905762e+00;3.9108159542083740e+00;3.9112319946289062e+00;7.5820159912109375e+00;3.9290239810943604e+00;0.0000000000000000e+00;3.2041961146815081e-06;3.9439087592481012e-15;2.8141276048032878e-08;4.5161525453249621e-07;7.8878175184962032e-16;2.2513796630914653e-06
423000000;7.5963521003723145e+00;3.9047999382019043e+00;7.5897278785705566e+00;3.9241600036621094e+00;3.9287359714508057e+00;7.6185278892517090e+00;3.9514880180358887e+00;0.0000000000000000e+00;2.5192883477343272e-08;1.2779733273991197e-16;1.1202845768114471e-07;3.8647113999812070e-07;7.6678399643947175e-16;2.7192339396924165e-06
425000000;7.6280641555786133e+00;3.9267840385437012e+00;7.6324481964111328e+00;3.9504001140594482e+00;3.9534080028533936e+00;7.6492481231689453e+00;3.9684159755706787e+00;0.0000000000000000e+00;3.1595964192723160e-06;4.9058793167460656e-15;6.7716185382241278e-08;3.8466809156923328e-06;1.4930937050966287e-15;2.3579978401156301e-06
427000000;7.6722240447998047e+00;3.9512000083923340e+00;7.6708478927612305e+00;3.9701440334320068e+00;3.9589760303497314e+00;7.6859197616577148e+00;3.9986560344696045e+00;0.0000000000000000e+00;3.6299659381466002e-07;6.5995213475815991e-16;1.2679052417201988e-07;2.2526451509557813e-06;4.3996808983877328e-16;1.7802330116705008e-06
429000000;7.7009282112121582e+00;3.9620800018310547e+00;7.7001280784606934e+00;3.9842560291290283e+00;3.9833281040191650e+00;7.7273278236389160e+00;4.0049920082092285e+00;0.0000000000000000e+00;5.1598438798135400e-08;1.5387507210366162e-15;5.1665374069812813e-08;3.6138987740198004e-07;3.8468768025915404e-16;1.9104140056928808e-06
431000000;7.7398400306701660e+00;3.9873600006103516e+00;7.7379198074340820e+00;4.0040960311889648e+00;4.0049920082092285e+00;7.7662720680236816e+00;4.0285758972167969e+00;0.0000000000000000e+00;1.0885951236325664e-06;7.9244492162174707e-16;6.7537616958560176e-08;1.0885951236325664e-06;2.5358237491895905e-15;1.1736832491887335e-06
433000000;7.7742719650268555e+00;4.0016322135925293e+00;7.7729921340942383e+00;4.0328640937805176e+00;4.0234880447387695e+00;7.7965440750122070e+00;4.0558719635009766e+00;0.0000000000000000e+00;2.6014830109562635e-07;8.3146148621993398e-16;3.6954557895740660e-08;4.8334204429551205e-07;2.0786537155498350e-16;1.0413264022952263e-06
435000000;7.8153281211853027e+00;4.0368318557739258e+00;7.8097920417785645e+00;4.0511040687561035e+00;4.0419201850891113e+00;7.8374400138854980e+00;4.0710721015930176e+00;0.0000000000000000e+00;1.1530075789974003e-08;6.9696243883591853e-16;5.0833067571289968e-08;1.9861950587376591e-07;1.2777644711991840e-15;1.3604590781578333e-06
437000000;7.8513917922973633e+00;4.0442562103271484e+00;7.8524160385131836e+00;4.0704641342163086e+00;4.0591678619384766e+00;7.8764481544494629e+00;4.0846080780029297e+00;0.0000000000000000e+00;1.2992997658696593e-07;2.6342788940455202e-15;8.7649671460506354e-08;4.5629944865817434e-07;3.0395525700525233e-15;1.1755479116978678e-06
439000000;7.8887681961059570e+00;4.0631361007690430e+00;7.8865919113159180e+00;4.0836482048034668e+00;4.0814719200134277e+00;7.9085760116577148e+00;4.1030402183532715e+00;0.0000000000000000e+00;2.2596059456071102e-06;1.1153728913259317e-15;3.5837223040104231e-08;1.4611909304254704e-06;5.2050734928543482e-15;5.3484660752862916e-07
441000000;7.9225602149963379e+00;4.0835199356079102e+00;7.9256319999694824e+00;4.1033601760864258e+00;4.0984640121459961e+00;7.9376959800720215e+00;4.1251201629638672e+00;0.0000000000000000e+00;8.9857504325645654e-07;2.0949026577803711e-15;5.5055817931127706e-08;1.2805162888339762e-06;6.5465708055636605e-16;1.6015077310275640e-06
443000000;7.9688639640808105e+00;4.0997757911682129e+00;7.9563522338867188e+00;4.1222400665283203e+00;4.1189122200012207e+00;7.9791040420532227e+00;4.1308798789978027e+00;0.0000000000000000e+00;1.5187027464290649e-06;3.7116160812308219e-15;6.2529073353646066e-08;1.8534889175350631e-06;5.1391607278580615e-15;2.4383913820556455e-06
445000000;7.9930238723754883e+00;4.1204800605773926e+00;7.9930238723754883e+00;4.1439361572265625e+00;4.1381440162658691e+00;8.0082559585571289e+00;4.1618242263793945e+00;0.0000000000000000e+00;5.6994590971593006e-07;1.8581520842070777e-15;1.0440493447721783e-07;6.3645176332146033e-07;1.3626448617518570e-15;1.9665688354320665e-06
447000000;8.0202884674072266e+00;4.1475520133972168e+00;8.0311040878295898e+00;4.1639361381530762e+00;4.1607999801635742e+00;8.0586881637573242e+00;4.1826558113098145e+00;0.0000000000000000e+00;1.5966695701947524e-06;2.8287381430089102e-15;7.3864379116265599e-08;1.9763363768563472e-06;3.5359226787611377e-15;2.1240651350888787e-06
449000000;8.0714883804321289e+00;4.1671681404113770e+00;8.0626564025878906e+00;4.1840000152587891e+00;4.1814718246459961e+00;8.0809917449951172e+00;4.1968002319335938e+00;0.0000000000000000e+00;2.3712691627286561e-06;2.6186648579415973e-16;8.9029570655891677e-08;1.5277381684253827e-06;5.6301294445744347e-15;2.3384455554646210e-06
451000000;8.0979843139648438e+00;4.1845121383666992e+00;8.1036796569824219e+00;4.2072639465332031e+00;4.1984958648681641e+00;8.1208000183105469e+00;4.2169280052185059e+00;0.0000000000000000e+00;8.6504557323652984e-07;1.2104378412248986e-15;1.0972772837005398e-07;1.2982781517283450e-06;6.4556684865327927e-15;2.6008150546979906e-06
453000000;8.1394882202148438e+00;4.1967678070068359e+00;8.1410236358642578e+00;4.2179841995239258e+00;4.2212481498718262e+00;8.1628799438476562e+00;4.2431039810180664e+00;0.0000000000000000e+00;1.7488084104481890e-06;3.0876342495454174e-15;9.3037162302793017e-08;2.7533195224740340e-07;8.0049776840066377e-15;3.1013849311293971e-06
455000000;8.1756162643432617e+00;4.2233920097351074e+00;8.1737918853759766e+00;4.2363200187683105e+00;4.2361922264099121e+00;8.1958084106445312e+00;4.2609920501708984e+00;0.0000000000000000e+00;1.6221323734524148e-06;1.7662273113044716e-15;3.7280744531429536e-08;3.0444864745814243e-06;5.5194603478264743e-15;2.5264004215071959e-06
457000000;8.2103357315063477e+00;4.2358398437500000e+00;8.2131519317626953e+00;4.2572479248046875e+00;4.2554559707641602e+00;8.2176322937011719e+00;4.2766079902648926e+00;0.0000000000000000e+00;1.9775427981052203e-06;4.2322150773783794e-15;9.7031833886862456e-08;2.9812523887353425e-07;3.8641963749976506e-15;2.1716064658789451e-06
459000000;8.2466878890991211e+00;4.2604479789733887e+00;8.2438716888427734e+00;4.2737598419189453e+00;4.2674560546875000e+00;8.2664318084716797e+00;4.2882881164550781e+00;0.0000000000000000e+00;3.5858024396248990e-07;6.1698928509222447e-16;2.7336643780799352e-08;2.1809540240971378e-06;4.1132619006148300e-16;3.2293581122038080e-06
461000000;8.2853755950927734e+00;4.2775359153747559e+00;8.2879676818847656e+00;4.2948799133300781e+00;4.2969918251037598e+00;8.3134717941284180e+00;4.3025279045104980e+00;0.0000000000000000e+00;3.4309195873557073e-06;3.1846991967267952e-15;1.1823563560796710e-07;6.2978977285120008e-07;5.9713109938627411e-16;3.1103372694446356e-06
463000000;8.3210563659667969e+00;4.2963199615478516e+00;8.3239679336547852e+00;4.3164801597595215e+00;4.3105278015136719e+00;8.3444795608520508e+00;4.3385920524597168e+00;0.0000000000000000e+00;3.6276161126304617e-06;3.2639182823438654e-16;3.5395403512841359e-08;8.2393165673378244e-07;4.8958774235157981e-16;2.0505436061885797e-06
465000000;8.3551683425903320e+00;4.3111357688903809e+00;8.3556156158447266e+00;4.3343358039855957e+00;4.3351678848266602e+00;8.3830718994140625e+00;4.3650879859924316e+00;0.0000000000000000e+00;1.6735027438175296e-06;4.1344375161766356e-15;8.8031858162697392e-08;3.0211529966241368e-06;1.6242433099265353e-15;2.0698704652312376e-06
467000000;8.3931198120117188e+00;4.3327999114990234e+00;8.3881282806396484e+00;4.3581762313842773e+00;4.3495678901672363e+00;8.4160642623901367e+00;4.3750400543212891e+00;0.0000000000000000e+00;1.1983804536808857e-06;1.4519125401269400e-16;4.8802921618613409e-08;9.0624149213701897e-07;3.1942075882792683e-15;2.1534248674365181e-06
469000000;8.4325761795043945e+00;4.3503680229187012e+00;8.4286079406738281e+00;4.3759999275207520e+00;4.3689279556274414e+00;8.4430398941040039e+00;4.3938241004943848e+00;0.0000000000000000e+00;7.6950310064050739e-07;2.6823393511947995e-15;3.0535773675848376e-08;1.6495458623884986e-06;3.5764524682597329e-15;2.3506485091932799e-06
471000000;8.4641923904418945e+00;4.3666558265686035e+00;8.4695043563842773e+00;4.3928961753845215e+00;4.3900480270385742e+00;8.4759044647216797e+00;4.4158082008361816e+00;0.0000000000000000e+00;9.6950678031942292e-07;2.3493767296708968e-15;4.4544626826762112e-08;1.0485924636645641e-06;2.3493767296708968e-15;1.7262939968134179e-06
473000000;8.4965124130249023e+00;4.3891520500183105e+00;8.4976959228515625e+00;4.4085440635681152e+00;4.4052801132202148e+00;8.5220479965209961e+00;4.4386878013610840e+00;0.0000000000000000e+00;8.5455214365557510e-07;3.7245582476084950e-15;6.8343387047822308e-08;7.0073622187167559e-07;5.4435851311201082e-15;2.3755822138063160e-06
475000000;8.5336961746215820e+00;4.4118399620056152e+00;8.5431680679321289e+00;4.4304962158203125e+00;4.4258880615234375e+00;8.5547523498535156e+00;4.4505600929260254e+00;0.0000000000000000e+00;1.4387033989063173e-06;4.5409878577523547e-15;4.5603803150641490e-08;1.7869782978452363e-06;5.4491854293028258e-15;1.8566332776330202e-06
477000000;8.5705919265747070e+00;4.4235200881958008e+00;8.5732803344726562e+00;4.4515199661254883e+00;4.4452800750732422e+00;8.5932798385620117e+00;4.4744000434875488e+00;0.0000000000000000e+00;7.8137120615935707e-07;7.6318363843040991e-16;3.8090985815867818e-08;1.2580145257917715e-07;2.1369141876051479e-15;1.8409078081613625e-06
479000000;8.6075839996337891e+00;4.4491200447082520e+00;8.6073284149169922e+00;4.4685759544372559e+00;4.4635839462280273e+00;8.6228799819946289e+00;4.5044479370117188e+00;0.0000000000000000e+00;2.6224765423854292e-07;9.9545590428651589e-16;9.4039891888181373e-08;1.3311102926187158e-06;4.9772795214325795e-16;2.6771246013069325e-06
481000000;8.6470403671264648e+00;4.4636478424072266e+00;8.6341123580932617e+00;4.4903039932250977e+00;4.4852480888366699e+00;8.6739521026611328e+00;4.5142397880554199e+00;0.0000000000000000e+00;1.2829126720502814e-06;6.9601127717898509e-16;1.1834311222984293e-07;1.2829126720502814e-06;0.0000000000000000e+00;3.1076887853607748e-06
483000000;8.6835203170776367e+00;4.4894080162048340e+00;8.6753921508789062e+00;4.5079360008239746e+00;4.4984002113342285e+00;8.7021760940551758e+00;4.5257601737976074e+00;0.0000000000000000e+00;3.2678016662963042e-06;3.1491866955080221e-15;1.1361180025501201e-07;4.2822257062616994e-06;1.5745933477540110e-15;3.3259545934787624e-06
485000000;8.7177915573120117e+00;4.5024638175964355e+00;8.7130880355834961e+00;4.5194559097290039e+00;4.5205760002136230e+00;8.7467842102050781e+00;4.5548157691955566e+00;0.0000000000000000e+00;2.3439671385663122e-06;7.2553357524328652e-15;3.6419858379422293e-08;1.0455742311413662e-06;9.4722438990095737e-15;3.2824021269417880e-06
487000000;8.7514238357543945e+00;4.5246720314025879e+00;8.7513599395751953e+00;4.5419521331787109e+00;4.5448961257934570e+00;8.7700796127319336e+00;4.5617918968200684e+00;0.0000000000000000e+00;2.8606537400303605e-06;2.1703688194699159e-16;5.2365978682582103e-08;5.1844913367665292e-07;1.9533319375229241e-15;3.1984272748925599e-06
489000000;8.7863683700561523e+00;4.5416321754455566e+00;8.7874240875244141e+00;4.5622081756591797e+00;4.5617280006408691e+00;8.8053760528564453e+00;4.5973439216613770e+00;0.0000000000000000e+00;2.4810377628504016e-06;1.2187489100384506e-15;7.0774508591859361e-08;1.2378471690708386e-06;2.4374978200769016e-16;4.3237949609956274e-06
491000000;8.8306236267089844e+00;4.5644478797912598e+00;8.8182401657104492e+00;4.5818238258361816e+00;4.5796799659729004e+00;8.8464641571044922e+00;4.5998401641845703e+00;0.0000000000000000e+00;1.2637467214826913e-06;2.9367810432869441e-15;1.5080155650355723e-07;5.2178327816326860e-07;3.4550365215140515e-16;6.8284725463783612e-06
493000000;8.8620157241821289e+00;4.5816960334777832e+00;8.8658876419067383e+00;4.6053757667541504e+00;4.6017918586730957e+00;8.8934402465820312e+00;4.6280322074890137e+00;0.0000000000000000e+00;2.8387375390362658e-07;3.8048751390150651e-15;7.9601075310712126e-08;9.4176231765386023e-07;2.9170709399115499e-15;5.4587816115907932e-06
495000000;8.8971204757690430e+00;4.6033282279968262e+00;8.8955516815185547e+00;4.6233282089233398e+00;4.6198081970214844e+00;8.9257917404174805e+00;4.6525440216064453e+00;0.0000000000000000e+00;1.7296444578033063e-06;6.2684660895251300e-15;4.6965904641091320e-08;1.1687516067492347e-06;2.9252841751117273e-15;4.1975730024412215e-06
497000000;8.9330244064331055e+00;4.6195201873779297e+00;8.9381122589111328e+00;4.6436481475830078e+00;4.6460161209106445e+00;8.9574079513549805e+00;4.6576318740844727e+00;0.0000000000000000e+00;4.1075057569864020e-07;2.9469854051614418e-15;7.1718273815844643e-08;1.2018259467584966e-06;0.0000000000000000e+00;4.3661274309979219e-06
499000000;8.9666242599487305e+00;4.6374077796936035e+00;8.9599037170410156e+00;4.6675200462341309e+00;4.6625919342041016e+00;8.9917440414428711e+00;4.6799359321594238e+00;0.0000000000000000e+00;2.0549078700762965e-06;3.5390191128001324e-16;9.8421404421400071e-08;3.3849053631484028e-06;4.8366594541601811e-15;4.4684131673726075e-06
501000000;9.0140161514282227e+00;4.6583042144775391e+00;9.0010557174682617e+00;4.6745920181274414e+00;4.6820797920227051e+00;9.0214080810546875e+00;4.6982078552246094e+00;0.0000000000000000e+00;3.0200453305918361e-06;2.4901880889798501e-15;9.9410286966512311e-08;4.9477173542555398e-07;6.9171891360551394e-16;4.6300482077060178e-06
503000000;9.0453758239746094e+00;4.6791357994079590e+00;9.0362558364868164e+00;4.6943998336791992e+00;4.6943678855895996e+00;9.0638723373413086e+00;4.7282881736755371e+00;0.0000000000000000e+00;5.5800873783301844e-06;2.8146677963077512e-15;8.5130044581919572e-08;4.4810959115805312e-06;5.6293355926155023e-15;5.0305916449553578e-06
505000000;9.0760955810546875e+00;4.7014398574829102e+00;9.0819520950317383e+00;4.7208318710327148e+00;4.7142720222473145e+00;9.1009922027587891e+00;4.7364478111267090e+00;0.0000000000000000e+00;1.1826198840829851e-06;5.6850107725320405e-16;1.6524757802328465e-07;5.7219650044716480e-07;1.1559521904148483e-14;4.3364740328680560e-06
507000000;9.1193275451660156e+00;4.7138237953186035e+00;9.1123199462890625e+00;4.7403202056884766e+00;4.7360959053039551e+00;9.1288957595825195e+00;4.7605118751525879e+00;0.0000000000000000e+00;4.4820170122144854e-07;8.8290969822529461e-15;6.8994873301561563e-08;1.9650290129009966e-06;6.8866956461572988e-15;4.4298733943802623e-06
509000000;9.1500158309936523e+00;4.7344961166381836e+00;9.1483840942382812e+00;4.7519679069519043e+00;4.7476158142089844e+00;9.1665916442871094e+00;4.7768959999084473e+00;0.0000000000000000e+00;2.8087523743752300e-06;2.5325777788289159e-16;4.6549043469480028e-08;5.4601036909453185e-06;9.6237955595498798e-15;2.6979003600395679e-06
511000000;9.1912317276000977e+00;4.7526721954345703e+00;9.1887683868408203e+00;4.7693438529968262e+00;4.7668161392211914e+00;9.2126722335815430e+00;4.8051519393920898e+00;0.0000000000000000e+00;3.2144881111930029e-06;4.3210029544593740e-15;8.9499084413634047e-08;6.1347691465160788e-07;5.6303977891440320e-15;4.1667598789920374e-06
513000000;9.2273921966552734e+00;4.7681598663330078e+00;9.2169923782348633e+00;4.7974081039428711e+00;4.7952637672424316e+00;9.2404155731201172e+00;4.8134717941284180e+00;0.0000000000000000e+00;4.4020593305263231e-07;1.1747565460213761e-14;1.5478710302327919e-07;1.8207676040358314e-06;1.3299130709675957e-15;5.9857188565672113e-06
515000000;9.2526397705078125e+00;4.7867841720581055e+00;9.2527360916137695e+00;4.8051838874816895e+00;4.8089280128479004e+00;9.2794237136840820e+00;4.8347201347351074e+00;0.0000000000000000e+00;1.8858249899080288e-06;3.4983196192713959e-15;7.9915331767906419e-08;4.9197532155834339e-06;2.0182613188104210e-15;3.5472618753969410e-06
517000000;9.2941436767578125e+00;4.8059840202331543e+00;9.2902078628540039e+00;4.8287358283996582e+00;4.8234238624572754e+00;9.3134717941284180e+00;4.8554878234863281e+00;0.0000000000000000e+00;4.9166075471672679e-06;6.1825593754370527e-15;1.0480119982548617e-07;2.1931316165949269e-06;2.0608531251456842e-15;4.7006668326663122e-06
519000000;9.3318080902099609e+00;4.8307838439941406e+00;9.3313598632812500e+00;4.8453760147094727e+00;4.8490881919860840e+00;9.3548479080200195e+00;4.8744959831237793e+00;0.0000000000000000e+00;1.7185796622869246e-06;3.3286984142649356e-15;1.3723558936165177e-07;5.8426135548393161e-06;1.1522417587840161e-15;6.7356898174454787e-06
521000000;9.3798398971557617e+00;4.8487682342529297e+00;9.3681602478027344e+00;4.8629121780395508e+00;4.8667840957641602e+00;9.3771200180053711e+00;4.8983039855957031e+00;0.0000000000000000e+00;8.2022741081757516e-07;0.0000000000000000e+00;1.2010734016472853e-07;7.4013560749543331e-06;1.0954232129238380e-14;6.7012360043014862e-06
523000000;9.4097919464111328e+00;4.8646402359008789e+00;9.3991680145263672e+00;4.8863358497619629e+00;4.8856959342956543e+00;9.4301118850708008e+00;4.9094719886779785e+00;0.0000000000000000e+00;1.4996414476033620e-05;6.1448905003693681e-14;1.4986503593335757e-06;5.0983844865435163e-05;1.4586029556139921e-13;5.5151019139633191e-05
525000000;9.4283838272094727e+00;4.8779520988464355e+00;9.4402561187744141e+00;4.9029121398925781e+00;4.9072642326354980e+00;9.4581117630004883e+00;4.9352641105651855e+00;0.0000000000000000e+00;1.4774861309542486e-05;3.3926239254888673e-14;7.0704804853445405e-07;1.8417663511442942e-05;3.5622551217633110e-14;4.2052853040104635e-05
527000000;9.4702081680297852e+00;4.9018239974975586e+00;9.4712638854980469e+00;4.9263682365417480e+00;4.9248318672180176e+00;9.4722557067871094e+00;4.9489278793334961e+00;0.0000000000000000e+00;4.7183005717119797e-05;6.3531827884221568e-14;1.3558575120138664e-06;3.1768636988948972e-05;5.4979466438268660e-15;7.0556534142738212e-05
529000000;9.5058879852294922e+00;4.9179201126098633e+00;9.5030403137207031e+00;4.9383997917175293e+00;4.9419198036193848e+00;9.5305280685424805e+00;4.9723200798034668e+00;0.0000000000000000e+00;4.0848639026673368e-06;2.8997926647192401e-15;1.3295059704287133e-07;4.8033935945990572e-06;1.3383658452550340e-15;5.4620458122031347e-06
531000000;9.5495357513427734e+00;4.9437122344970703e+00;9.5437755584716797e+00;4.9600958824157715e+00;4.9626240730285645e+00;9.5743036270141602e+00;4.9923200607299805e+00;0.0000000000000000e+00;1.3778631864967027e-05;2.5418519530056208e-14;1.6548688180109886e-06;4.8950767631964298e-05;3.5404366488292577e-14;7.0049645528892513e-05
533000000;9.5832004547119141e+00;4.9638400077819824e+00;9.5742721557617188e+00;4.9705920219421387e+00;4.9682559967041016e+00;9.6078720092773438e+00;5.0088958740234375e+00;0.0000000000000000e+00;8.8483871946144044e-06;1.3587520353181609e-14;6.1198450597914694e-07;1.1440120789791044e-05;5.9445401545169538e-15;2.7397374260671735e-05
535000000;9.6005764007568359e+00;4.9793920516967773e+00;9.6090564727783203e+00;4.9965758323669434e+00;4.9915518760681152e+00;9.6310081481933594e+00;5.0220479965209961e+00;0.0000000000000000e+00;1.2024913451052007e-05;1.3398502118014304e-15;2.0363883655285322e-07;8.0686171227092590e-06;1.3231020841539124e-14;1.1443117042072027e-05
