Num rows;GEMV fp64;GEMV fp32;GEMV Acc<fp64, fp64>;GEMV Acc<fp64, fp32>;GEMV Acc<fp32, fp32>;CUBLAS GEMV fp64;CUBLAS GEMV fp32
+100;+5.8559998869895935e-03;+5.6320000439882278e-03;+5.3440001793205738e-03;+5.5359997786581516e-03;+5.5040000006556511e-03;+9.6000004559755325e-03;+1.0048000141978264e-02
+200;+6.1759999953210354e-03;+6.3040000386536121e-03;+6.4960001036524773e-03;+6.3999998383224010e-03;+5.6960000656545162e-03;+8.4800003096461296e-03;+8.5119996219873428e-03
+300;+5.9839999303221703e-03;+6.1440002173185349e-03;+5.9839999303221703e-03;+6.1440002173185349e-03;+5.9839999303221703e-03;+8.7040001526474953e-03;+8.7999999523162842e-03
+400;+6.3999998383224010e-03;+6.3040000386536121e-03;+6.1759999953210354e-03;+6.3359998166561127e-03;+6.5919999033212662e-03;+9.4079999253153801e-03;+8.8640004396438599e-03
+500;+6.4639998599886894e-03;+6.1440002173185349e-03;+6.4639998599886894e-03;+6.5279998816549778e-03;+6.4639998599886894e-03;+1.3120000250637531e-02;+1.0847999714314938e-02
+600;+6.5279998816549778e-03;+6.4320000819861889e-03;+6.4960001036524773e-03;+6.2719997949898243e-03;+6.4639998599886894e-03;+9.3120001256465912e-03;+1.0143999941647053e-02
+700;+6.9760000333189964e-03;+6.4639998599886894e-03;+6.9120000116527081e-03;+6.4639998599886894e-03;+6.6240001469850540e-03;+9.6319997683167458e-03;+9.6960002556443214e-03
+800;+6.9760000333189964e-03;+6.7199999466538429e-03;+6.9120000116527081e-03;+6.9120000116527081e-03;+6.6559999249875546e-03;+1.1392000131309032e-02;+9.7920000553131104e-03
+900;+7.4559999629855156e-03;+7.2639998979866505e-03;+7.6480000279843807e-03;+7.4559999629855156e-03;+7.2639998979866505e-03;+1.1615999974310398e-02;+1.0080000385642052e-02
+1000;+7.8400000929832458e-03;+7.3919999413192272e-03;+8.0000003799796104e-03;+7.5520002283155918e-03;+7.4559999629855156e-03;+1.2095999903976917e-02;+2.2175999358296394e-02
+1100;+7.7439998276531696e-03;+7.2960001416504383e-03;+7.8079998493194580e-03;+7.2320001199841499e-03;+7.1359998546540737e-03;+1.2288000434637070e-02;+9.5359999686479568e-03
+1200;+8.1280004233121872e-03;+7.7120000496506691e-03;+8.0639999359846115e-03;+7.7120000496506691e-03;+7.3600001633167267e-03;+1.3376000337302685e-02;+9.8559996113181114e-03
+1300;+8.5760001093149185e-03;+8.0639999359846115e-03;+8.5439998656511307e-03;+8.0639999359846115e-03;+8.0000003799796104e-03;+1.3472000136971474e-02;+3.8143999874591827e-02
+1400;+8.8959997519850731e-03;+8.3200000226497650e-03;+8.7360003963112831e-03;+8.9600002393126488e-03;+7.9680001363158226e-03;+1.4592000283300877e-02;+4.0160000324249268e-02
+1500;+8.9279999956488609e-03;+8.1599997356534004e-03;+8.9919995516538620e-03;+9.5039997249841690e-03;+8.1280004233121872e-03;+1.5680000185966492e-02;+1.0975999757647514e-02
+1600;+9.3759996816515923e-03;+8.2559995353221893e-03;+9.6000004559755325e-03;+9.5359999686479568e-03;+8.0639999359846115e-03;+1.6351999714970589e-02;+1.0912000201642513e-02
+1700;+1.0048000141978264e-02;+8.7040001526474953e-03;+9.9520003423094749e-03;+1.0239999741315842e-02;+8.6719999089837074e-03;+1.9231999292969704e-02;+1.1552000418305397e-02
+1800;+1.0560000315308571e-02;+9.3120001256465912e-03;+1.0304000228643417e-02;+1.0143999941647053e-02;+8.9279999956488609e-03;+2.1471999585628510e-02;+1.1487999930977821e-02
+1900;+1.2512000277638435e-02;+1.0048000141978264e-02;+1.2160000391304493e-02;+1.0816000401973724e-02;+9.8559996113181114e-03;+2.8127999976277351e-02;+1.2671999633312225e-02
+2000;+1.5456000342965126e-02;+1.1103999800980091e-02;+1.6319999471306801e-02;+1.2319999746978283e-02;+1.0816000401973724e-02;+2.6432000100612640e-02;+1.2671999633312225e-02
+2100;+1.4783999882638454e-02;+1.0271999984979630e-02;+1.4976000413298607e-02;+1.1103999800980091e-02;+9.8559996113181114e-03;+2.8287999331951141e-02;+1.3472000136971474e-02
+2200;+1.9007999449968338e-02;+1.0623999871313572e-02;+1.9136000424623489e-02;+1.1935999616980553e-02;+1.1136000044643879e-02;+3.0079999938607216e-02;+1.3759999535977840e-02
+2300;+2.3552000522613525e-02;+1.1168000288307667e-02;+2.2784000262618065e-02;+1.2319999746978283e-02;+1.1136000044643879e-02;+3.2191999256610870e-02;+1.4240000396966934e-02
+2400;+2.8000000864267349e-02;+1.1648000217974186e-02;+2.7712000533938408e-02;+1.3279999606311321e-02;+1.1615999974310398e-02;+3.3440001308917999e-02;+1.4879999682307243e-02
+2500;+3.1488001346588135e-02;+1.2032000347971916e-02;+3.1072000041604042e-02;+1.3344000093638897e-02;+1.1744000017642975e-02;+3.5872001200914383e-02;+1.5584000386297703e-02
+2600;+3.5199999809265137e-02;+1.2768000364303589e-02;+3.5071998834609985e-02;+1.3919999822974205e-02;+1.2384000234305859e-02;+3.8143999874591827e-02;+1.5104000456631184e-02
+2700;+3.8176000118255615e-02;+1.3183999806642532e-02;+3.7951998412609100e-02;+1.4368000440299511e-02;+1.2992000207304955e-02;+4.0288001298904419e-02;+1.6192000359296799e-02
+2800;+3.9423998445272446e-02;+1.3919999822974205e-02;+3.9360001683235168e-02;+1.6127999871969223e-02;+1.4015999622642994e-02;+4.2592000216245651e-02;+1.9007999449968338e-02
+2900;+4.2815998196601868e-02;+1.5104000456631184e-02;+4.2720001190900803e-02;+1.7696000635623932e-02;+1.5104000456631184e-02;+4.4799998402595520e-02;+1.9200000911951065e-02
+3000;+4.7040000557899475e-02;+1.6960000619292259e-02;+4.6624001115560532e-02;+2.0416000857949257e-02;+1.6992000862956047e-02;+4.7584000974893570e-02;+2.1888000890612602e-02
+3100;+4.6976000070571899e-02;+1.8912000581622124e-02;+4.7040000557899475e-02;+2.0800000056624413e-02;+1.8015999346971512e-02;+4.9311999231576920e-02;+2.3744000121951103e-02
+3200;+4.9279998987913132e-02;+2.2848000749945641e-02;+4.9183998256921768e-02;+2.4992000311613083e-02;+2.1503999829292297e-02;+5.1295999437570572e-02;+2.6944000273942947e-02
+3300;+5.2159998565912247e-02;+2.5504000484943390e-02;+5.1872000098228455e-02;+2.8384000062942505e-02;+2.5728000327944756e-02;+5.5135998874902725e-02;+3.1488001346588135e-02
+3400;+5.5615998804569244e-02;+2.9023999348282814e-02;+5.5840000510215759e-02;+3.1743999570608139e-02;+2.9759999364614487e-02;+5.6896001100540161e-02;+3.2352000474929810e-02
+3500;+6.0672000050544739e-02;+3.1743999570608139e-02;+6.0639999806880951e-02;+3.4239999949932098e-02;+3.1679999083280563e-02;+6.0256000608205795e-02;+3.4495998173952103e-02
+3600;+6.1760000884532928e-02;+3.4111998975276947e-02;+6.1919998377561569e-02;+3.4527998417615891e-02;+3.3920001238584518e-02;+6.2527999281883240e-02;+3.6320000886917114e-02
+3700;+6.3840001821517944e-02;+3.6800000816583633e-02;+6.3968002796173096e-02;+3.7439998239278793e-02;+3.6191999912261963e-02;+6.7840002477169037e-02;+3.9200000464916229e-02
+3800;+6.6816002130508423e-02;+3.8015998899936676e-02;+6.7135997116565704e-02;+3.9360001683235168e-02;+3.7119999527931213e-02;+7.0752002298831940e-02;+4.0672000497579575e-02
+3900;+7.0175997912883759e-02;+4.0063999593257904e-02;+7.0175997912883759e-02;+4.1312001645565033e-02;+4.0224000811576843e-02;+7.1616001427173615e-02;+4.0768001228570938e-02
+4000;+7.3824003338813782e-02;+4.2015999555587769e-02;+7.3824003338813782e-02;+4.2624000459909439e-02;+4.1919998824596405e-02;+7.5744003057479858e-02;+4.4160000979900360e-02
+4100;+7.7728003263473511e-02;+4.2943999171257019e-02;+7.8239999711513519e-02;+4.3712001293897629e-02;+4.2975999414920807e-02;+7.7855996787548065e-02;+4.3744001537561417e-02
+4200;+8.0320000648498535e-02;+4.4640000909566879e-02;+8.0288000404834747e-02;+4.6720001846551895e-02;+4.5024000108242035e-02;+8.5248000919818878e-02;+4.5887999236583710e-02
+4300;+8.4831997752189636e-02;+4.7072000801563263e-02;+8.4703996777534485e-02;+4.8863999545574188e-02;+4.7295998781919479e-02;+8.9887998998165131e-02;+4.7871999442577362e-02
+4400;+8.8352002203464508e-02;+4.9472000449895859e-02;+8.8224001228809357e-02;+5.1488000899553299e-02;+4.9887999892234802e-02;+9.2960000038146973e-02;+4.9600001424551010e-02
+4500;+9.2831999063491821e-02;+5.1904000341892242e-02;+9.3120001256465912e-02;+5.4559998214244843e-02;+5.1359999924898148e-02;+9.5392003655433655e-02;+5.1936000585556030e-02
+4600;+9.7407996654510498e-02;+5.3215999156236649e-02;+9.7439996898174286e-02;+5.5167999118566513e-02;+5.4432000964879990e-02;+1.0140799731016159e-01;+5.2960000932216644e-02
+4700;+9.7375996410846710e-02;+5.4336000233888626e-02;+9.7344003617763519e-02;+5.5008001625537872e-02;+5.4400000721216202e-02;+1.0457599908113480e-01;+5.4944001138210297e-02
+4800;+1.0172799974679947e-01;+5.6511998176574707e-02;+1.0166399925947189e-01;+5.8143999427556992e-02;+5.6320000439882278e-02;+1.0800000280141830e-01;+5.7087998837232590e-02
+4900;+1.0588800162076950e-01;+5.8975998312234879e-02;+1.0592000186443329e-01;+6.0639999806880951e-02;+5.8848001062870026e-02;+1.1241599917411804e-01;+5.9487998485565186e-02
+5000;+1.1155200004577637e-01;+6.0256000608205795e-02;+1.1110399663448334e-01;+6.3551999628543854e-02;+5.9872001409530640e-02;+1.1676800251007080e-01;+6.1344001442193985e-02
+5100;+1.1827199906110764e-01;+6.2976002693176270e-02;+1.1779200285673141e-01;+6.5024003386497498e-02;+6.2591999769210815e-02;+1.2179200351238251e-01;+6.5375998616218567e-02
+5200;+1.1894399672746658e-01;+6.3872002065181732e-02;+1.1903999745845795e-01;+6.4511999487876892e-02;+6.3551999628543854e-02;+1.2479999661445618e-01;+6.5311998128890991e-02
+5300;+1.2374400347471237e-01;+6.6527999937534332e-02;+1.2355200201272964e-01;+6.7359998822212219e-02;+6.5792001783847809e-02;+1.2937599420547485e-01;+6.8544000387191772e-02
+5400;+1.2803199887275696e-01;+6.8704001605510712e-02;+1.2761600315570831e-01;+7.0303998887538910e-02;+6.8319998681545258e-02;+1.2851199507713318e-01;+7.0464000105857849e-02
+5500;+1.3107199966907501e-01;+7.0848003029823303e-02;+1.3167999684810638e-01;+7.3247998952865601e-02;+7.0560000836849213e-02;+1.3785600662231445e-01;+7.3151998221874237e-02
+5600;+1.3638399541378021e-01;+7.3664002120494843e-02;+1.3648000359535217e-01;+7.5199998915195465e-02;+7.3408000171184540e-02;+1.4486399292945862e-01;+7.8752003610134125e-02
+5700;+1.4105600118637085e-01;+7.5648002326488495e-02;+1.4124800264835358e-01;+7.6704002916812897e-02;+7.5648002326488495e-02;+1.4921599626541138e-01;+7.6800003647804260e-02
+5800;+1.4608000218868256e-01;+7.8304000198841095e-02;+1.4636799693107605e-01;+7.9456001520156860e-02;+7.7536001801490784e-02;+1.5292799472808838e-01;+8.2240000367164612e-02
+5900;+1.5087999403476715e-01;+8.0191999673843384e-02;+1.5091200172901154e-01;+8.2143999636173248e-02;+8.0288000404834747e-02;+1.5804800391197205e-01;+8.1023998558521271e-02
+6000;+1.5452800691127777e-01;+8.2560002803802490e-02;+1.5491199493408203e-01;+8.4576003253459930e-02;+8.2847997546195984e-02;+1.5724800527095795e-01;+8.5983999073505402e-02
+6100;+1.6816000640392303e-01;+8.7360002100467682e-02;+1.6822400689125061e-01;+9.0368002653121948e-02;+8.7456002831459045e-02;+1.6252799332141876e-01;+9.0304002165794373e-02
+6200;+1.6585600376129150e-01;+8.7392002344131470e-02;+1.6569599509239197e-01;+8.8703997433185577e-02;+8.7136000394821167e-02;+1.7539200186729431e-01;+8.9504003524780273e-02
+6300;+1.7084799706935883e-01;+9.0527996420860291e-02;+1.7100800573825836e-01;+9.1711997985839844e-02;+9.0304002165794373e-02;+1.7916800081729889e-01;+9.3248002231121063e-02
+6400;+1.7494399845600128e-01;+9.2703998088836670e-02;+1.7472000420093536e-01;+9.4719998538494110e-02;+9.2767998576164246e-02;+1.8316799402236938e-01;+9.6064001321792603e-02
+6500;+1.8099200725555420e-01;+9.6000000834465027e-02;+1.8044799566268921e-01;+9.8112002015113831e-02;+9.6160002052783966e-02;+1.8195199966430664e-01;+9.9391996860504150e-02
+6600;+1.8975999951362610e-01;+1.0028800368309021e-01;+1.8963199853897095e-01;+1.0067199915647507e-01;+1.0047999769449234e-01;+1.8710400164127350e-01;+1.0025600343942642e-01
+6700;+1.9308799505233765e-01;+1.0198400169610977e-01;+1.9276799261569977e-01;+1.0265599936246872e-01;+1.0159999877214432e-01;+1.9135999679565430e-01;+1.0447999835014343e-01
+6800;+1.9897599518299103e-01;+1.0412800312042236e-01;+1.9855999946594238e-01;+1.0601600259542465e-01;+1.0444799810647964e-01;+1.9795200228691101e-01;+1.0617599636316299e-01
+6900;+2.0188799500465393e-01;+1.0758399963378906e-01;+2.0220799744129181e-01;+1.0927999764680862e-01;+1.0796800255775452e-01;+2.0531199872493744e-01;+1.0847999900579453e-01
+7000;+2.0828799903392792e-01;+1.1030399799346924e-01;+2.0841600000858307e-01;+1.1353600025177002e-01;+1.1068800091743469e-01;+2.0908799767494202e-01;+1.1129599809646606e-01
+7100;+2.2070400416851044e-01;+1.1657600104808807e-01;+2.2025600075721741e-01;+1.1782400310039520e-01;+1.1635199934244156e-01;+2.1526400744915009e-01;+1.1392000317573547e-01
+7200;+2.1875199675559998e-01;+1.1635199934244156e-01;+2.1955199539661407e-01;+1.1721599847078323e-01;+1.1564800143241882e-01;+2.2275200486183167e-01;+1.1727999895811081e-01
+7300;+2.2649599611759186e-01;+1.1875200271606445e-01;+2.2652800381183624e-01;+1.2064000219106674e-01;+1.1891199648380280e-01;+2.2755199670791626e-01;+1.3628800213336945e-01
+7400;+2.3183999955654144e-01;+1.2233600020408630e-01;+2.3145599663257599e-01;+1.2342400103807449e-01;+1.2256000190973282e-01;+2.3318399488925934e-01;+1.4159999787807465e-01
+7500;+2.3900799453258514e-01;+1.2585599720478058e-01;+2.3907199501991272e-01;+1.2697599828243256e-01;+1.2559999525547028e-01;+2.4105599522590637e-01;+1.4310400187969208e-01
+7600;+2.5212800502777100e-01;+1.3040000200271606e-01;+2.5196799635887146e-01;+1.3120000064373016e-01;+1.2988799810409546e-01;+2.4643200635910034e-01;+1.4678399264812469e-01
+7700;+2.5161600112915039e-01;+1.3065600395202637e-01;+2.5248000025749207e-01;+1.3075199723243713e-01;+1.3084800541400909e-01;+2.5340801477432251e-01;+1.4806400239467621e-01
+7800;+2.5503998994827271e-01;+1.3417600095272064e-01;+2.5596800446510315e-01;+1.3436800241470337e-01;+1.3385599851608276e-01;+2.5907200574874878e-01;+1.5017600357532501e-01
+7900;+2.6201599836349487e-01;+1.3715200126171112e-01;+2.6281601190567017e-01;+1.3862399756908417e-01;+1.3769599795341492e-01;+2.6630398631095886e-01;+1.5488000214099884e-01
+8000;+2.6899200677871704e-01;+1.4131200313568115e-01;+2.6876801252365112e-01;+1.4252799749374390e-01;+1.4047999680042267e-01;+2.7004799246788025e-01;+1.5564799308776855e-01
+8100;+2.8092798590660095e-01;+1.4620800316333771e-01;+2.8057599067687988e-01;+1.4921599626541138e-01;+1.4649599790573120e-01;+2.7814400196075439e-01;+1.5913599729537964e-01
+8200;+2.8710401058197021e-01;+1.4675199985504150e-01;+2.8672000765800476e-01;+1.4892800152301788e-01;+1.4691199362277985e-01;+2.8355199098587036e-01;+1.6179199516773224e-01
+8300;+2.9164800047874451e-01;+1.4963200688362122e-01;+2.9168000817298889e-01;+1.5167999267578125e-01;+1.4975999295711517e-01;+2.9232001304626465e-01;+1.6543999314308167e-01
+8400;+2.9974400997161865e-01;+1.5379199385643005e-01;+3.0038401484489441e-01;+1.5593600273132324e-01;+1.5430399775505066e-01;+2.9942399263381958e-01;+1.6761599481105804e-01
+8500;+3.0694401264190674e-01;+1.5760000050067902e-01;+3.0681601166725159e-01;+1.6038399934768677e-01;+1.5750400722026825e-01;+3.0684798955917358e-01;+1.7094400525093079e-01
+8600;+3.1609600782394409e-01;+1.6223999857902527e-01;+3.1641599535942078e-01;+1.6620799899101257e-01;+1.6176000237464905e-01;+3.1238400936126709e-01;+1.7417599260807037e-01
+8700;+3.2172799110412598e-01;+1.6652800142765045e-01;+3.2175999879837036e-01;+1.6873599588871002e-01;+1.6640000045299530e-01;+3.2214400172233582e-01;+1.7622399330139160e-01
+8800;+3.2377600669860840e-01;+1.6748799383640289e-01;+3.2284799218177795e-01;+1.6972799599170685e-01;+1.6784000396728516e-01;+3.2764801383018494e-01;+1.8108800053596497e-01
+8900;+3.3225598931312561e-01;+1.7155200242996216e-01;+3.3311998844146729e-01;+1.7427200078964233e-01;+1.7209599912166595e-01;+3.3574399352073669e-01;+1.8396799266338348e-01
+9000;+3.4083199501037598e-01;+1.7580799758434296e-01;+3.4022399783134460e-01;+1.7875200510025024e-01;+1.7622399330139160e-01;+3.4188801050186157e-01;+1.8966400623321533e-01
+9100;+3.5433599352836609e-01;+1.7929600179195404e-01;+3.5385599732398987e-01;+1.8326400220394135e-01;+1.7881600558757782e-01;+3.4774398803710938e-01;+1.9011199474334717e-01
+9200;+3.6326399445533752e-01;+1.8521599471569061e-01;+3.6252799630165100e-01;+1.8880000710487366e-01;+1.8550400435924530e-01;+3.5788801312446594e-01;+1.9574399292469025e-01
+9300;+3.6368000507354736e-01;+1.8636800348758698e-01;+3.6329600214958191e-01;+1.8876799941062927e-01;+1.8643200397491455e-01;+3.6457601189613342e-01;+1.9679999351501465e-01
+9400;+3.6892798542976379e-01;+1.9046400487422943e-01;+3.6982399225234985e-01;+1.9356800615787506e-01;+1.9049599766731262e-01;+3.7308800220489502e-01;+2.0185600221157074e-01
+9500;+3.7644800543785095e-01;+1.9456000626087189e-01;+3.7612798810005188e-01;+1.9827200472354889e-01;+1.9472000002861023e-01;+3.7942400574684143e-01;+2.0479999482631683e-01
+9600;+3.8508799672126770e-01;+1.9747200608253479e-01;+3.8345599174499512e-01;+2.0198400318622589e-01;+1.9785599410533905e-01;+3.8767999410629272e-01;+2.0806400477886200e-01
+9700;+3.9308801293373108e-01;+2.0428800582885742e-01;+3.9344000816345215e-01;+2.0601600408554077e-01;+2.0367999374866486e-01;+3.9759999513626099e-01;+2.1231999993324280e-01
+9800;+4.0211200714111328e-01;+2.0675200223922729e-01;+4.0243199467658997e-01;+2.0777599513530731e-01;+2.0713600516319275e-01;+4.0243199467658997e-01;+2.1603199839591980e-01
+9900;+4.1091200709342957e-01;+2.1123200654983521e-01;+4.1161599755287170e-01;+2.1257600188255310e-01;+2.1113599836826324e-01;+4.1254401206970215e-01;+2.2009600698947906e-01
+10000;+4.1987198591232300e-01;+2.1465599536895752e-01;+4.1987198591232300e-01;+2.1775999665260315e-01;+2.1503999829292297e-01;+4.1907200217247009e-01;+2.2262400388717651e-01
+10100;+4.2671999335289001e-01;+2.1830399334430695e-01;+4.2611199617385864e-01;+2.2204799950122833e-01;+2.1823999285697937e-01;+4.2934399843215942e-01;+2.2144000232219696e-01
+10200;+4.5075199007987976e-01;+2.2838400304317474e-01;+4.5123198628425598e-01;+2.3094399273395538e-01;+2.2812800109386444e-01;+4.3727999925613403e-01;+2.2595199942588806e-01
+10300;+4.4086399674415588e-01;+2.2700800001621246e-01;+4.4243198633193970e-01;+2.2988800704479218e-01;+2.2780799865722656e-01;+4.4553598761558533e-01;+2.2988800704479218e-01
+10400;+4.5222398638725281e-01;+2.3219199478626251e-01;+4.5046401023864746e-01;+2.3411199450492859e-01;+2.3155200481414795e-01;+4.5545598864555359e-01;+2.3545600473880768e-01
+10500;+4.6089598536491394e-01;+2.3699200153350830e-01;+4.6051201224327087e-01;+2.3999999463558197e-01;+2.3606400191783905e-01;+4.6230399608612061e-01;+2.3820799589157104e-01
+10600;+4.6979200839996338e-01;+2.4076800048351288e-01;+4.6944001317024231e-01;+2.4396799504756927e-01;+2.4025599658489227e-01;+4.7094398736953735e-01;+2.4512000381946564e-01
+10700;+4.9449598789215088e-01;+2.4751999974250793e-01;+4.9500799179077148e-01;+2.4928000569343567e-01;+2.4787199497222900e-01;+4.8159998655319214e-01;+2.4915200471878052e-01
+10800;+4.8960000276565552e-01;+2.4956800043582916e-01;+4.9046400189399719e-01;+2.5132799148559570e-01;+2.4959999322891235e-01;+4.8937600851058960e-01;+2.5260800123214722e-01
+10900;+4.9862399697303772e-01;+2.5340801477432251e-01;+4.9977600574493408e-01;+2.5631999969482422e-01;+2.5337600708007812e-01;+4.9680000543594360e-01;+2.5510400533676147e-01
+11000;+5.0448000431060791e-01;+2.5727999210357666e-01;+5.0345599651336670e-01;+2.6083201169967651e-01;+2.5734400749206543e-01;+5.0889599323272705e-01;+2.6028800010681152e-01
+11100;+5.1401597261428833e-01;+2.6297599077224731e-01;+5.1311999559402466e-01;+2.6659199595451355e-01;+2.6291200518608093e-01;+5.1535999774932861e-01;+2.6780799031257629e-01
+11200;+5.2208000421524048e-01;+2.7020800113677979e-01;+5.2124798297882080e-01;+2.7155199646949768e-01;+2.7024000883102417e-01;+5.2403199672698975e-01;+2.7209600806236267e-01
+11300;+5.3356802463531494e-01;+2.7244800329208374e-01;+5.3388798236846924e-01;+2.7558401226997375e-01;+2.7347201108932495e-01;+5.3190398216247559e-01;+2.7417600154876709e-01
+11400;+5.4416000843048096e-01;+2.7702400088310242e-01;+5.4412800073623657e-01;+2.7871999144554138e-01;+2.7708798646926880e-01;+5.4224002361297607e-01;+2.7804800868034363e-01
+11500;+5.5161601305007935e-01;+2.8108799457550049e-01;+5.4927998781204224e-01;+2.8534400463104248e-01;+2.8131198883056641e-01;+5.5440002679824829e-01;+2.8505599498748779e-01
+11600;+5.6352001428604126e-01;+2.8713598847389221e-01;+5.6291198730468750e-01;+2.9120001196861267e-01;+2.8678399324417114e-01;+5.6054401397705078e-01;+2.9129600524902344e-01
+11700;+5.8860802650451660e-01;+2.9644799232482910e-01;+5.8777600526809692e-01;+2.9875200986862183e-01;+2.9619199037551880e-01;+5.7270401716232300e-01;+2.9648000001907349e-01
+11800;+5.7980799674987793e-01;+2.9590401053428650e-01;+5.7868802547454834e-01;+2.9881599545478821e-01;+2.9558399319648743e-01;+5.7894402742385864e-01;+3.0063998699188232e-01
+11900;+5.8553600311279297e-01;+2.9955199360847473e-01;+5.8659201860427856e-01;+3.0284801125526428e-01;+2.9958400130271912e-01;+5.8937597274780273e-01;+3.0492800474166870e-01
+12000;+5.9641599655151367e-01;+3.0502399802207947e-01;+5.9388798475265503e-01;+3.0844798684120178e-01;+3.0598399043083191e-01;+5.9971201419830322e-01;+3.0892801284790039e-01
+12100;+6.1145597696304321e-01;+3.1225600838661194e-01;+6.1017602682113647e-01;+3.1545600295066833e-01;+3.1171199679374695e-01;+6.0867202281951904e-01;+3.1446400284767151e-01
+12200;+6.3222402334213257e-01;+3.2028800249099731e-01;+6.3103997707366943e-01;+3.2396799325942993e-01;+3.2022398710250854e-01;+6.1984002590179443e-01;+3.2092800736427307e-01
+12300;+6.3372802734375000e-01;+3.2128000259399414e-01;+6.3164800405502319e-01;+3.2214400172233582e-01;+3.2025599479675293e-01;+6.2604802846908569e-01;+3.2332798838615417e-01
+12400;+6.3948798179626465e-01;+3.2464000582695007e-01;+6.3919997215270996e-01;+3.2652801275253296e-01;+3.2470399141311646e-01;+6.3724797964096069e-01;+3.3043199777603149e-01
+12500;+6.5372800827026367e-01;+3.3081600069999695e-01;+6.5318399667739868e-01;+3.3311998844146729e-01;+3.3145600557327271e-01;+6.4988797903060913e-01;+3.3548799157142639e-01
+12600;+6.6249597072601318e-01;+3.3654400706291199e-01;+6.6179198026657104e-01;+3.3894398808479309e-01;+3.3616000413894653e-01;+6.5920001268386841e-01;+3.4041601419448853e-01
+12700;+6.7919999361038208e-01;+3.4422400593757629e-01;+6.7830401659011841e-01;+3.4828799962997437e-01;+3.4457600116729736e-01;+6.7567998170852661e-01;+3.4479999542236328e-01
+12800;+6.8080002069473267e-01;+3.4380799531936646e-01;+6.7891198396682739e-01;+3.4585601091384888e-01;+3.4390398859977722e-01;+6.8540799617767334e-01;+3.4918400645256042e-01
+12900;+6.9049602746963501e-01;+3.5132798552513123e-01;+6.9040000438690186e-01;+3.5331198573112488e-01;+3.5199999809265137e-01;+6.9923198223114014e-01;+3.5459199547767639e-01
+13000;+7.0617598295211792e-01;+3.5836800932884216e-01;+7.0777601003646851e-01;+3.6124798655509949e-01;+3.5868799686431885e-01;+7.0636802911758423e-01;+3.6118400096893311e-01
+13100;+7.1574401855468750e-01;+3.6348798871040344e-01;+7.1689599752426147e-01;+3.6640000343322754e-01;+3.6384001374244690e-01;+7.1411198377609253e-01;+3.6777600646018982e-01
+13200;+7.3609602451324463e-01;+3.6905598640441895e-01;+7.3644798994064331e-01;+3.7430399656295776e-01;+3.6982399225234985e-01;+7.2441601753234863e-01;+3.6953601241111755e-01
+13300;+7.4950402975082397e-01;+3.7763199210166931e-01;+7.4892801046371460e-01;+3.7961599230766296e-01;+3.7843200564384460e-01;+7.3763197660446167e-01;+3.7696000933647156e-01
+13400;+7.4400001764297485e-01;+3.7910398840904236e-01;+7.4390399456024170e-01;+3.8070398569107056e-01;+3.7897598743438721e-01;+7.4300801753997803e-01;+3.8335999846458435e-01
+13500;+7.5279998779296875e-01;+3.8479998707771301e-01;+7.5097602605819702e-01;+3.8777598738670349e-01;+3.8495999574661255e-01;+7.5356799364089966e-01;+3.8707199692726135e-01
+13600;+7.6086401939392090e-01;+3.9110401272773743e-01;+7.6323199272155762e-01;+3.9324799180030823e-01;+3.9087998867034912e-01;+7.6604801416397095e-01;+3.9446398615837097e-01
+13700;+7.7644801139831543e-01;+3.9606401324272156e-01;+7.7532798051834106e-01;+4.0012800693511963e-01;+3.9555200934410095e-01;+7.7542400360107422e-01;+4.0073600411415100e-01
+13800;+7.9740798473358154e-01;+4.0508800745010376e-01;+7.9667198657989502e-01;+4.0499201416969299e-01;+4.0544000267982483e-01;+7.8918397426605225e-01;+4.0412798523902893e-01
+13900;+8.0403202772140503e-01;+4.0787199139595032e-01;+8.0409598350524902e-01;+4.0854400396347046e-01;+4.0793600678443909e-01;+7.9897600412368774e-01;+4.1020798683166504e-01
+14000;+8.1817597150802612e-01;+4.1382399201393127e-01;+8.1622397899627686e-01;+4.1561600565910339e-01;+4.1331198811531067e-01;+8.1350398063659668e-01;+4.1740798950195312e-01
+14100;+8.3075201511383057e-01;+4.1875201463699341e-01;+8.2979202270507812e-01;+4.2185598611831665e-01;+4.1932800412178040e-01;+8.2473599910736084e-01;+4.2239999771118164e-01
+14200;+8.3190399408340454e-01;+4.2486399412155151e-01;+8.3350402116775513e-01;+4.2934399843215942e-01;+4.2492800951004028e-01;+8.3484798669815063e-01;+4.2963200807571411e-01
+14300;+8.6825597286224365e-01;+4.4182398915290833e-01;+8.6870402097702026e-01;+4.4416001439094543e-01;+4.4128000736236572e-01;+8.4927999973297119e-01;+4.3580800294876099e-01
+14400;+8.5648000240325928e-01;+4.3696001172065735e-01;+8.5619199275970459e-01;+4.3948799371719360e-01;+4.3711999058723450e-01;+8.5542398691177368e-01;+4.4047999382019043e-01
+14500;+8.7638401985168457e-01;+4.4419199228286743e-01;+8.7683200836181641e-01;+4.4697600603103638e-01;+4.4508799910545349e-01;+8.7065601348876953e-01;+4.4492799043655396e-01
+14600;+8.9152002334594727e-01;+4.4972801208496094e-01;+8.9072000980377197e-01;+4.5199999213218689e-01;+4.4924798607826233e-01;+8.8131201267242432e-01;+4.7574400901794434e-01
+14700;+8.9571201801300049e-01;+4.5468801259994507e-01;+8.9545601606369019e-01;+4.5705598592758179e-01;+4.5459198951721191e-01;+8.9468801021575928e-01;+4.7827199101448059e-01
+14800;+9.4070398807525635e-01;+4.6764799952507019e-01;+9.4070398807525635e-01;+4.6636798977851868e-01;+4.6783998608589172e-01;+9.0489602088928223e-01;+4.8047998547554016e-01
+14900;+9.2463999986648560e-01;+4.6639999747276306e-01;+9.2524802684783936e-01;+4.6687999367713928e-01;+4.6684798598289490e-01;+9.1715198755264282e-01;+4.8636800050735474e-01
+15000;+9.3084800243377686e-01;+4.7247999906539917e-01;+9.3231999874114990e-01;+4.7424000501632690e-01;+4.7321599721908569e-01;+9.2828798294067383e-01;+4.9315199255943298e-01
+15100;+9.4195199012756348e-01;+4.7788798809051514e-01;+9.4345599412918091e-01;+4.7948798537254333e-01;+4.7843199968338013e-01;+9.4412797689437866e-01;+4.9980801343917847e-01
+15200;+9.5177602767944336e-01;+4.8540800809860229e-01;+9.5267200469970703e-01;+4.8611199855804443e-01;+4.8553600907325745e-01;+9.5318400859832764e-01;+5.0236797332763672e-01
+15300;+9.7091197967529297e-01;+4.9683201313018799e-01;+9.7356802225112915e-01;+4.9484801292419434e-01;+4.9705600738525391e-01;+9.6579200029373169e-01;+5.0876802206039429e-01
+15400;+9.8764801025390625e-01;+4.9868801236152649e-01;+9.8982399702072144e-01;+4.9849599599838257e-01;+4.9939200282096863e-01;+9.7756797075271606e-01;+5.1452797651290894e-01
+15500;+9.9948799610137939e-01;+5.0454401969909668e-01;+9.9875199794769287e-01;+5.0559997558593750e-01;+5.0403201580047607e-01;+9.9331200122833252e-01;+5.2281600236892700e-01
+15600;+1.0053119659423828e+00;+5.0976002216339111e-01;+1.0087679624557495e+00;+5.1254397630691528e-01;+5.1081597805023193e-01;+1.0075520277023315e+00;+5.3280001878738403e-01
+15700;+1.0279040336608887e+00;+5.1843202114105225e-01;+1.0240000486373901e+00;+5.2115201950073242e-01;+5.1807999610900879e-01;+1.0162240266799927e+00;+5.3308802843093872e-01
+15800;+1.0660799741744995e+00;+5.3481602668762207e-01;+1.0676159858703613e+00;+5.3408002853393555e-01;+5.3436797857284546e-01;+1.0350719690322876e+00;+5.4124802350997925e-01
+15900;+1.0407040119171143e+00;+5.2979201078414917e-01;+1.0395519733428955e+00;+5.3097599744796753e-01;+5.2960002422332764e-01;+1.0457279682159424e+00;+5.4710400104522705e-01
+16000;+1.0538239479064941e+00;+5.3516799211502075e-01;+1.0548479557037354e+00;+5.3769600391387939e-01;+5.3545600175857544e-01;+1.0606080293655396e+00;+5.5040001869201660e-01
+16100;+1.0696320533752441e+00;+5.4428797960281372e-01;+1.0672320127487183e+00;+5.4620802402496338e-01;+5.4403197765350342e-01;+1.0720959901809692e+00;+5.6099200248718262e-01
+16200;+1.0940480232238770e+00;+5.5321598052978516e-01;+1.0921920537948608e+00;+5.5264002084732056e-01;+5.5241602659225464e-01;+1.0806720256805420e+00;+5.6579202413558960e-01
+16300;+1.1442240476608276e+00;+5.6393599510192871e-01;+1.1454080343246460e+00;+5.6342399120330811e-01;+5.6438398361206055e-01;+1.0947200059890747e+00;+5.7203197479248047e-01
+16400;+1.1211520433425903e+00;+5.6383997201919556e-01;+1.1230080127716064e+00;+5.6329602003097534e-01;+5.6390398740768433e-01;+1.1088960170745850e+00;+5.7251197099685669e-01
+16500;+1.1252160072326660e+00;+5.7036799192428589e-01;+1.1265599727630615e+00;+5.6924802064895630e-01;+5.6899201869964600e-01;+1.1220159530639648e+00;+5.8195197582244873e-01
+16600;+1.1434240341186523e+00;+5.7785600423812866e-01;+1.1425919532775879e+00;+5.7807999849319458e-01;+5.7923197746276855e-01;+1.1380800008773804e+00;+5.7785600423812866e-01
+16700;+1.1503360271453857e+00;+5.8531200885772705e-01;+1.1476800441741943e+00;+5.8543998003005981e-01;+5.8502399921417236e-01;+1.1480000019073486e+00;+5.8604800701141357e-01
+16800;+1.1665279865264893e+00;+5.9676802158355713e-01;+1.1643520593643188e+00;+5.9353601932525635e-01;+5.9683197736740112e-01;+1.1632319688796997e+00;+5.9276801347732544e-01
+16900;+1.1877440214157104e+00;+5.9968000650405884e-01;+1.1834880113601685e+00;+5.9903997182846069e-01;+5.9987199306488037e-01;+1.1745280027389526e+00;+5.9935998916625977e-01
+17000;+1.1971199512481689e+00;+6.0518401861190796e-01;+1.1974079608917236e+00;+6.0655999183654785e-01;+6.0515201091766357e-01;+1.1903680562973022e+00;+6.0713601112365723e-01
+17100;+1.2219840288162231e+00;+6.1420798301696777e-01;+1.2188479900360107e+00;+6.1567997932434082e-01;+6.1440002918243408e-01;+1.2050559520721436e+00;+6.1088001728057861e-01
+17200;+1.2417279481887817e+00;+6.2086397409439087e-01;+1.2413439750671387e+00;+6.2403202056884766e-01;+6.2111997604370117e-01;+1.2186880111694336e+00;+6.2204802036285400e-01
+17300;+1.2618880271911621e+00;+6.3129597902297974e-01;+1.2595200538635254e+00;+6.3420802354812622e-01;+6.3129597902297974e-01;+1.2330559492111206e+00;+6.2822401523590088e-01
+17400;+1.2812479734420776e+00;+6.4399999380111694e-01;+1.2814719676971436e+00;+6.4233601093292236e-01;+6.4447999000549316e-01;+1.2523200511932373e+00;+6.3696002960205078e-01
+17500;+1.2657599449157715e+00;+6.4112001657485962e-01;+1.2660160064697266e+00;+6.4041602611541748e-01;+6.4275199174880981e-01;+1.2625600099563599e+00;+6.4019197225570679e-01
+17600;+1.2747520208358765e+00;+6.4988797903060913e-01;+1.2752000093460083e+00;+6.4838397502899170e-01;+6.4899200201034546e-01;+1.2744640111923218e+00;+6.5024000406265259e-01
+17700;+1.3026239871978760e+00;+6.6022402048110962e-01;+1.2984319925308228e+00;+6.5788799524307251e-01;+6.5913599729537964e-01;+1.2884160280227661e+00;+6.5670400857925415e-01
+17800;+1.3177920579910278e+00;+6.6393601894378662e-01;+1.3155519962310791e+00;+6.6275197267532349e-01;+6.6467201709747314e-01;+1.3021440505981445e+00;+6.6377598047256470e-01
+17900;+1.3581440448760986e+00;+6.7724800109863281e-01;+1.3594559431076050e+00;+6.7372798919677734e-01;+6.7747199535369873e-01;+1.3204159736633301e+00;+6.7519998550415039e-01
+18000;+1.3490560054779053e+00;+6.7887997627258301e-01;+1.3485120534896851e+00;+6.7708802223205566e-01;+6.7878401279449463e-01;+1.3320319652557373e+00;+6.7843198776245117e-01
+18100;+1.3656320571899414e+00;+6.8745601177215576e-01;+1.3637119531631470e+00;+6.8463999032974243e-01;+6.8649601936340332e-01;+1.3469760417938232e+00;+6.8441599607467651e-01
+18200;+1.3688000440597534e+00;+6.9337600469589233e-01;+1.3719680309295654e+00;+6.9369602203369141e-01;+6.9395202398300171e-01;+1.3604799509048462e+00;+6.9545602798461914e-01
+18300;+1.3760000467300415e+00;+6.9974398612976074e-01;+1.3784960508346558e+00;+7.0047998428344727e-01;+6.9993597269058228e-01;+1.3774720430374146e+00;+7.0444798469543457e-01
+18400;+1.3953280448913574e+00;+7.1334397792816162e-01;+1.3937920331954956e+00;+7.1004801988601685e-01;+7.1427202224731445e-01;+1.3917759656906128e+00;+7.0950400829315186e-01
+18500;+1.4238719940185547e+00;+7.1935999393463135e-01;+1.4217280149459839e+00;+7.1513599157333374e-01;+7.1891200542449951e-01;+1.4051840305328369e+00;+7.1923202276229858e-01
+18600;+1.4440000057220459e+00;+7.2668802738189697e-01;+1.4411840438842773e+00;+7.2361600399017334e-01;+7.2614401578903198e-01;+1.4234240055084229e+00;+7.2579199075698853e-01
+18700;+1.4584959745407104e+00;+7.3225599527359009e-01;+1.4607679843902588e+00;+7.3193597793579102e-01;+7.3244798183441162e-01;+1.4351999759674072e+00;+7.3427200317382812e-01
+18800;+1.4613120555877686e+00;+7.4028801918029785e-01;+1.4605760574340820e+00;+7.3948800563812256e-01;+7.4015998840332031e-01;+1.4546560049057007e+00;+7.4137598276138306e-01
+18900;+1.5347520112991333e+00;+7.6150399446487427e-01;+1.5333759784698486e+00;+7.5657600164413452e-01;+7.6233601570129395e-01;+1.4712959527969360e+00;+7.4809598922729492e-01
+19000;+1.4984639883041382e+00;+7.5497597455978394e-01;+1.4981759786605835e+00;+7.5331199169158936e-01;+7.5478398799896240e-01;+1.4818559885025024e+00;+7.5398397445678711e-01
+19100;+1.5029120445251465e+00;+7.6294398307800293e-01;+1.5049279928207397e+00;+7.6102399826049805e-01;+7.6236802339553833e-01;+1.4988479614257812e+00;+7.6172798871994019e-01
+19200;+1.5163520574569702e+00;+7.6764798164367676e-01;+1.5146239995956421e+00;+7.6790398359298706e-01;+7.6953601837158203e-01;+1.5139839649200439e+00;+7.6988798379898071e-01
+19300;+1.5367039442062378e+00;+7.7996802330017090e-01;+1.5344640016555786e+00;+7.7711999416351318e-01;+7.7961599826812744e-01;+1.5319999456405640e+00;+7.8079998493194580e-01
+19400;+1.5875840187072754e+00;+7.9615998268127441e-01;+1.5874240398406982e+00;+7.8902399539947510e-01;+7.9587197303771973e-01;+1.5455360412597656e+00;+7.8851199150085449e-01
+19500;+1.5879039764404297e+00;+7.9632002115249634e-01;+1.5887039899826050e+00;+7.9302400350570679e-01;+7.9686397314071655e-01;+1.5589120388031006e+00;+7.9347199201583862e-01
+19600;+1.6062719821929932e+00;+8.0310398340225220e-01;+1.6054719686508179e+00;+8.0179202556610107e-01;+8.0377602577209473e-01;+1.5796799659729004e+00;+8.0083197355270386e-01
+19700;+1.6052160263061523e+00;+8.0975997447967529e-01;+1.6080000400543213e+00;+8.0857598781585693e-01;+8.0947202444076538e-01;+1.6019840240478516e+00;+8.1004798412322998e-01
+19800;+1.6271359920501709e+00;+8.2156801223754883e-01;+1.6232960224151611e+00;+8.1939202547073364e-01;+8.2006400823593140e-01;+1.6139520406723022e+00;+8.2019197940826416e-01
+19900;+1.6805440187454224e+00;+8.4751999378204346e-01;+1.6809600591659546e+00;+8.3820801973342896e-01;+8.4716802835464478e-01;+1.6351360082626343e+00;+8.3091199398040771e-01
+20000;+1.6432640552520752e+00;+8.3558398485183716e-01;+1.6438720226287842e+00;+8.3219200372695923e-01;+8.3535999059677124e-01;+1.6412800550460815e+00;+8.3503997325897217e-01
+20100;+1.6717439889907837e+00;+8.4665602445602417e-01;+1.6753280162811279e+00;+8.4265601634979248e-01;+8.4604799747467041e-01;+1.6544640064239502e+00;+8.4336000680923462e-01
+20200;+1.6869440078735352e+00;+8.5263997316360474e-01;+1.6835199594497681e+00;+8.5081601142883301e-01;+8.5350400209426880e-01;+1.6770559549331665e+00;+8.5724800825119019e-01
+20300;+1.7153279781341553e+00;+8.6463999748229980e-01;+1.7165759801864624e+00;+8.6099201440811157e-01;+8.6368000507354736e-01;+1.6898239850997925e+00;+8.6124801635742188e-01
+20400;+1.7893120050430298e+00;+8.8310402631759644e-01;+1.7903679609298706e+00;+8.7814402580261230e-01;+8.8345599174499512e-01;+1.7066240310668945e+00;+8.7136000394821167e-01
+20500;+1.7511359453201294e+00;+8.7820798158645630e-01;+1.7527999877929688e+00;+8.7408000230789185e-01;+8.7836802005767822e-01;+1.7180479764938354e+00;+8.7436801195144653e-01
+20600;+1.7461440563201904e+00;+8.8723200559616089e-01;+1.7464640140533447e+00;+8.8236802816390991e-01;+8.8620799779891968e-01;+1.7393599748611450e+00;+8.8543999195098877e-01
+20700;+1.7614079713821411e+00;+8.9692801237106323e-01;+1.7626559734344482e+00;+8.9072000980377197e-01;+8.9638400077819824e-01;+1.7610559463500977e+00;+8.9606398344039917e-01
+20800;+1.7752000093460083e+00;+9.0569597482681274e-01;+1.7768319845199585e+00;+9.0156799554824829e-01;+9.0527999401092529e-01;+1.7745920419692993e+00;+9.0207999944686890e-01
+20900;+1.8165440559387207e+00;+9.2211198806762695e-01;+1.8159680366516113e+00;+9.1254401206970215e-01;+9.2150402069091797e-01;+1.7932480573654175e+00;+9.1360002756118774e-01
+21000;+1.8376319408416748e+00;+9.2310398817062378e-01;+1.8400959968566895e+00;+9.1891199350357056e-01;+9.2425602674484253e-01;+1.8042240142822266e+00;+9.1804802417755127e-01
+21100;+1.8427840471267700e+00;+9.2931199073791504e-01;+1.8444160223007202e+00;+9.2579197883605957e-01;+9.2944002151489258e-01;+1.8285440206527710e+00;+9.3107199668884277e-01
+21200;+1.8744000196456909e+00;+9.4092798233032227e-01;+1.8738559484481812e+00;+9.3644797801971436e-01;+9.4060802459716797e-01;+1.8428479433059692e+00;+9.3612802028656006e-01
+21300;+1.8937920331954956e+00;+9.4937598705291748e-01;+1.8952640295028687e+00;+9.4598400592803955e-01;+9.4944000244140625e-01;+1.8632960319519043e+00;+9.4543999433517456e-01
+21400;+1.9394559860229492e+00;+9.6505600214004517e-01;+1.9428800344467163e+00;+9.6124798059463501e-01;+9.6464002132415771e-01;+1.8792320489883423e+00;+9.5679998397827148e-01
+21500;+1.9358719587326050e+00;+9.7881597280502319e-01;+1.9357119798660278e+00;+9.7113597393035889e-01;+9.8015999794006348e-01;+1.8967360258102417e+00;+9.6432000398635864e-01
+21600;+1.9168959856033325e+00;+9.7535997629165649e-01;+1.9158400297164917e+00;+9.6790397167205811e-01;+9.7529602050781250e-01;+1.9108799695968628e+00;+9.7203201055526733e-01
+21700;+1.9523520469665527e+00;+9.8755198717117310e-01;+1.9548480510711670e+00;+9.8012799024581909e-01;+9.8720002174377441e-01;+1.9295680522918701e+00;+9.8003202676773071e-01
+21800;+1.9843200445175171e+00;+9.9705600738525391e-01;+1.9836159944534302e+00;+9.9052798748016357e-01;+9.9692797660827637e-01;+1.9455039501190186e+00;+9.9340802431106567e-01
+21900;+2.0393600463867188e+00;+1.0030720233917236e+00;+2.0385599136352539e+00;+9.9788802862167358e-01;+1.0028799772262573e+00;+1.9645119905471802e+00;+1.0009599924087524e+00
+22000;+2.0595200061798096e+00;+1.0254720449447632e+00;+2.0585598945617676e+00;+1.0160959959030151e+00;+1.0260479450225830e+00;+1.9861760139465332e+00;+1.0098559856414795e+00
+22100;+2.0394558906555176e+00;+1.0209920406341553e+00;+2.0373439788818359e+00;+1.0147199630737305e+00;+1.0207359790802002e+00;+2.0009279251098633e+00;+1.0177919864654541e+00
+22200;+2.0364799499511719e+00;+1.0303360223770142e+00;+2.0381760597229004e+00;+1.0249279737472534e+00;+1.0312000513076782e+00;+2.0216639041900635e+00;+1.0272959470748901e+00
+22300;+2.0453119277954102e+00;+1.0394560098648071e+00;+2.0437119007110596e+00;+1.0337920188903809e+00;+1.0392960309982300e+00;+2.0365760326385498e+00;+1.0360000133514404e+00
+22400;+2.0583999156951904e+00;+1.0460159778594971e+00;+2.0612480640411377e+00;+1.0425280332565308e+00;+1.0457600355148315e+00;+2.0543038845062256e+00;+1.0443840026855469e+00
+22500;+2.0984320640563965e+00;+1.0680320262908936e+00;+2.0944640636444092e+00;+1.0592960119247437e+00;+1.0686399936676025e+00;+2.0768959522247314e+00;+1.0576000213623047e+00
+22600;+2.1292159557342529e+00;+1.0704640150070190e+00;+2.1272959709167480e+00;+1.0602240562438965e+00;+1.0712640285491943e+00;+2.0878400802612305e+00;+1.0608639717102051e+00
+22700;+2.1454720497131348e+00;+1.0774079561233521e+00;+2.1476159095764160e+00;+1.0683200359344482e+00;+1.0778880119323730e+00;+2.0978879928588867e+00;+1.0723839998245239e+00
+22800;+2.1651198863983154e+00;+1.0869120359420776e+00;+2.1661438941955566e+00;+1.0799679756164551e+00;+1.0864640474319458e+00;+2.1162559986114502e+00;+1.0833920240402222e+00
+22900;+2.1675839424133301e+00;+1.0951999425888062e+00;+2.1697599887847900e+00;+1.0864319801330566e+00;+1.0941760540008545e+00;+2.1347839832305908e+00;+1.0923199653625488e+00
+23000;+2.2791359424591064e+00;+1.1294720172882080e+00;+2.2787199020385742e+00;+1.1122239828109741e+00;+1.1280959844589233e+00;+2.1731839179992676e+00;+1.1019200086593628e+00
+23100;+2.1964800357818604e+00;+1.1156799793243408e+00;+2.1939198970794678e+00;+1.1058239936828613e+00;+1.1155200004577637e+00;+2.1712000370025635e+00;+1.1119999885559082e+00
+23200;+2.2096319198608398e+00;+1.1226240396499634e+00;+2.2108159065246582e+00;+1.1176320314407349e+00;+1.1231039762496948e+00;+2.1910080909729004e+00;+1.1179200410842896e+00
+23300;+2.2472319602966309e+00;+1.1360319852828979e+00;+2.2458560466766357e+00;+1.1281280517578125e+00;+1.1361919641494751e+00;+2.2212800979614258e+00;+1.1320639848709106e+00
+23400;+2.2673919200897217e+00;+1.1453440189361572e+00;+2.2701759338378906e+00;+1.1412800550460815e+00;+1.1474879980087280e+00;+2.2356801033020020e+00;+1.1451519727706909e+00
+23500;+2.3912959098815918e+00;+1.1712640523910522e+00;+2.3915200233459473e+00;+1.1546239852905273e+00;+1.1698880195617676e+00;+2.2532799243927002e+00;+1.1530879735946655e+00
+23600;+2.3291199207305908e+00;+1.1655999422073364e+00;+2.3283200263977051e+00;+1.1559360027313232e+00;+1.1669759750366211e+00;+2.2766079902648926e+00;+1.1560640335083008e+00
+23700;+2.3455359935760498e+00;+1.1733119487762451e+00;+2.3441920280456543e+00;+1.1630079746246338e+00;+1.1743680238723755e+00;+2.2961280345916748e+00;+1.1666239500045776e+00
+23800;+2.3313601016998291e+00;+1.1818879842758179e+00;+2.3339200019836426e+00;+1.1720639467239380e+00;+1.1822719573974609e+00;+2.3145279884338379e+00;+1.1769280433654785e+00
+23900;+2.3515839576721191e+00;+1.1936320066452026e+00;+2.3530879020690918e+00;+1.1835199594497681e+00;+1.1943999528884888e+00;+2.3266561031341553e+00;+1.1866559982299805e+00
+24000;+2.3748800754547119e+00;+1.2146879434585571e+00;+2.3752000331878662e+00;+1.1967999935150146e+00;+1.2142080068588257e+00;+2.3557119369506836e+00;+1.1995520591735840e+00
+24100;+2.4163200855255127e+00;+1.2180800437927246e+00;+2.4150400161743164e+00;+1.2051520347595215e+00;+1.2189120054244995e+00;+2.3803200721740723e+00;+1.2095680236816406e+00
+24200;+2.4446721076965332e+00;+1.2264640331268311e+00;+2.4443840980529785e+00;+1.2168639898300171e+00;+1.2294080257415771e+00;+2.3873600959777832e+00;+1.2175680398941040e+00
+24300;+2.4555199146270752e+00;+1.2350399494171143e+00;+2.4484159946441650e+00;+1.2249599695205688e+00;+1.2351360321044922e+00;+2.4158079624176025e+00;+1.2291840314865112e+00
+24400;+2.4891200065612793e+00;+1.2461760044097900e+00;+2.4870080947875977e+00;+1.2358720302581787e+00;+1.2453759908676147e+00;+2.4217600822448730e+00;+1.2399679422378540e+00
+24500;+2.5829761028289795e+00;+1.2753280401229858e+00;+2.5836799144744873e+00;+1.2571200132369995e+00;+1.2755520343780518e+00;+2.4669120311737061e+00;+1.2497279644012451e+00
