Num rows;Error GEMV fp64;Error GEMV fp32;Error GEMV Acc<fp64, fp64>;Error GEMV Acc<fp64, fp32>;Error GEMV Acc<fp32, fp32>;Error CUBLAS GEMV fp64;Error CUBLAS GEMV fp32
+100;+0.0000000000000000e+00;+9.2570843874610211e-08;+0.0000000000000000e+00;+3.6483328215057319e-08;+9.2570843874610211e-08;+2.0090766148674963e-16;+8.2893287220669323e-08
+200;+0.0000000000000000e+00;+8.3398472451086915e-08;+0.0000000000000000e+00;+3.9372237338897700e-08;+8.3398472451086915e-08;+2.0179460303549898e-16;+8.3709237117297756e-08
+300;+0.0000000000000000e+00;+8.9705128659148423e-08;+0.0000000000000000e+00;+4.0520617644945911e-08;+8.9705128659148423e-08;+1.8227412985672208e-16;+9.3762444108170950e-08
+400;+0.0000000000000000e+00;+9.2128239715206453e-08;+0.0000000000000000e+00;+3.9725784711967368e-08;+9.2128239715206453e-08;+2.0215287893182964e-16;+9.0564402585186997e-08
+500;+0.0000000000000000e+00;+9.9459960706613154e-08;+0.0000000000000000e+00;+4.2425046785898198e-08;+9.9459960706613154e-08;+2.2834029732394698e-16;+1.0446501007612298e-07
+600;+0.0000000000000000e+00;+9.2499045645288669e-08;+0.0000000000000000e+00;+4.0865831763209772e-08;+9.2499045645288669e-08;+2.3186921759328137e-16;+1.0564982483853915e-07
+700;+0.0000000000000000e+00;+9.5733138535686279e-08;+0.0000000000000000e+00;+4.1042086156535797e-08;+9.5733138535686279e-08;+2.4323754018412066e-16;+1.1275315607663389e-07
+800;+0.0000000000000000e+00;+9.2280009066367198e-08;+0.0000000000000000e+00;+3.8206759912140372e-08;+9.2280009066367198e-08;+2.8472904276386985e-16;+1.1237322006104347e-07
+900;+0.0000000000000000e+00;+9.3562848018795231e-08;+0.0000000000000000e+00;+4.0458839694462451e-08;+9.3562848018795231e-08;+3.0991944033586302e-16;+1.2496955307049970e-07
+1000;+0.0000000000000000e+00;+9.3114284489604122e-08;+0.0000000000000000e+00;+3.9751566659511756e-08;+9.3114284489604122e-08;+3.0856895064044998e-16;+1.2930070029813513e-07
+1100;+0.0000000000000000e+00;+9.4855241105162593e-08;+0.0000000000000000e+00;+3.9941402065923994e-08;+9.4855241105162593e-08;+3.1380948078830329e-16;+1.2602574174341263e-07
+1200;+0.0000000000000000e+00;+9.8274307078574613e-08;+0.0000000000000000e+00;+4.0252662971655999e-08;+9.8274307078574613e-08;+3.3449413566380464e-16;+1.3653574064678801e-07
+1300;+0.0000000000000000e+00;+9.8483810925145130e-08;+0.0000000000000000e+00;+4.0616830692996430e-08;+9.8483810925145130e-08;+3.3852275233254679e-16;+1.8456717869640571e-07
+1400;+0.0000000000000000e+00;+9.6553835075643102e-08;+0.0000000000000000e+00;+4.1683404069828350e-08;+9.6553835075643102e-08;+3.6530181992771017e-16;+1.9387910604474579e-07
+1500;+0.0000000000000000e+00;+9.7756015435989583e-08;+0.0000000000000000e+00;+4.0430329908748603e-08;+9.7756015435989583e-08;+3.0027520225009468e-16;+1.4265234200982470e-07
+1600;+0.0000000000000000e+00;+9.5661431506695189e-08;+0.0000000000000000e+00;+4.0346531728043641e-08;+9.5661431506695189e-08;+2.9832789618046614e-16;+1.4362508321889227e-07
+1700;+0.0000000000000000e+00;+9.6254956569216196e-08;+0.0000000000000000e+00;+3.9185327628958053e-08;+9.6254956569216196e-08;+3.0131396153635171e-16;+1.4538922671993690e-07
+1800;+0.0000000000000000e+00;+9.7983764683563916e-08;+0.0000000000000000e+00;+3.8850942835462685e-08;+9.7983764683563916e-08;+3.2338171413795462e-16;+1.4701265411465958e-07
+1900;+0.0000000000000000e+00;+9.6235764707327019e-08;+0.0000000000000000e+00;+3.9431217398103669e-08;+9.6235764707327019e-08;+3.1651818678764188e-16;+1.9934665613588522e-07
+2000;+0.0000000000000000e+00;+9.6696460690536499e-08;+0.0000000000000000e+00;+3.9665678328577933e-08;+9.6696460690536499e-08;+4.0973455795484055e-16;+2.0601517069240411e-07
+2100;+0.0000000000000000e+00;+9.7179425521194122e-08;+0.0000000000000000e+00;+3.9593558367523971e-08;+9.7179425521194122e-08;+4.1102687800479950e-16;+2.0836660611094173e-07
+2200;+0.0000000000000000e+00;+9.7050987466561264e-08;+0.0000000000000000e+00;+3.9236189484333193e-08;+9.7050987466561264e-08;+4.2092528187905236e-16;+2.1290513520206072e-07
+2300;+0.0000000000000000e+00;+9.6133454383231054e-08;+0.0000000000000000e+00;+3.8959555768294829e-08;+9.6133454383231054e-08;+4.3862556252816367e-16;+2.1693422349852470e-07
+2400;+0.0000000000000000e+00;+9.8278244157645206e-08;+0.0000000000000000e+00;+3.8482381365196554e-08;+9.8278244157645206e-08;+4.5036284441775790e-16;+2.2290301658155030e-07
+2500;+0.0000000000000000e+00;+9.8943606182769556e-08;+0.0000000000000000e+00;+3.8941150038075857e-08;+9.8943606182769556e-08;+4.4776303962959209e-16;+2.2608909128869111e-07
+2600;+0.0000000000000000e+00;+9.8207814554964832e-08;+0.0000000000000000e+00;+3.8166503486235462e-08;+9.8207814554964832e-08;+4.6001544955669455e-16;+2.3375418700627562e-07
+2700;+0.0000000000000000e+00;+9.8911945164768586e-08;+0.0000000000000000e+00;+3.8594823783832228e-08;+9.8911945164768586e-08;+4.6560568629664936e-16;+2.3412378169968634e-07
+2800;+0.0000000000000000e+00;+9.8031974951993418e-08;+0.0000000000000000e+00;+3.8262157892021067e-08;+9.8031974951993418e-08;+4.7451065288076736e-16;+2.4124664965465645e-07
+2900;+0.0000000000000000e+00;+9.7868590927229493e-08;+0.0000000000000000e+00;+3.8110985916549307e-08;+9.7868590927229493e-08;+4.8148647696242058e-16;+2.4248657582185268e-07
+3000;+0.0000000000000000e+00;+1.0047672849515553e-07;+0.0000000000000000e+00;+3.9318353438590178e-08;+1.0047672849515553e-07;+4.8943736234368179e-16;+2.4530763806080529e-07
+3100;+0.0000000000000000e+00;+9.9653839065382419e-08;+0.0000000000000000e+00;+3.8901964845388673e-08;+9.9653839065382419e-08;+4.9035509086018955e-16;+2.5442317494398873e-07
+3200;+0.0000000000000000e+00;+1.0049148394967258e-07;+0.0000000000000000e+00;+3.9851080822726738e-08;+1.0049148394967258e-07;+4.9519503110543340e-16;+2.6093074138731755e-07
+3300;+0.0000000000000000e+00;+1.0096880630228297e-07;+0.0000000000000000e+00;+3.9033430242863140e-08;+1.0096880630228297e-07;+5.0486877725056778e-16;+2.6606409632724331e-07
+3400;+0.0000000000000000e+00;+1.0266605834923137e-07;+0.0000000000000000e+00;+3.8898906299357464e-08;+1.0266605834923137e-07;+5.1459971479152642e-16;+2.7083766288899310e-07
+3500;+0.0000000000000000e+00;+1.0155531160951070e-07;+0.0000000000000000e+00;+3.9273933887260990e-08;+1.0155531160951070e-07;+5.1941571545255328e-16;+2.7122707869482358e-07
+3600;+0.0000000000000000e+00;+1.0313120580438025e-07;+0.0000000000000000e+00;+3.9966313839435187e-08;+1.0313120580438025e-07;+5.3314142438931128e-16;+2.7462453371508368e-07
+3700;+0.0000000000000000e+00;+1.0265790720047545e-07;+0.0000000000000000e+00;+3.8932004389613287e-08;+1.0265790720047545e-07;+7.1329702585036949e-16;+2.7937097885765770e-07
+3800;+0.0000000000000000e+00;+1.0480091199957251e-07;+0.0000000000000000e+00;+3.9508992043178210e-08;+1.0480091199957251e-07;+7.3120196334881036e-16;+2.8310846547135953e-07
+3900;+0.0000000000000000e+00;+1.0239116737017188e-07;+0.0000000000000000e+00;+3.9543525405764249e-08;+1.0239116737017188e-07;+5.5999509560545323e-16;+2.8805338758036780e-07
+4000;+0.0000000000000000e+00;+1.0451323393718065e-07;+0.0000000000000000e+00;+3.9602816003374561e-08;+1.0451323393718065e-07;+5.6249651475712413e-16;+2.9230806233841847e-07
+4100;+0.0000000000000000e+00;+1.0265072325315632e-07;+0.0000000000000000e+00;+3.8818006928818947e-08;+1.0265072325315632e-07;+5.6528815433359930e-16;+2.9545103574704591e-07
+4200;+0.0000000000000000e+00;+1.0100299994532166e-07;+0.0000000000000000e+00;+3.9189290751101431e-08;+1.0100299994532166e-07;+7.6647716084118595e-16;+2.9751232559469822e-07
+4300;+0.0000000000000000e+00;+1.0415671329913848e-07;+0.0000000000000000e+00;+3.9483164010330126e-08;+1.0415671329913848e-07;+7.7294967416583790e-16;+2.9804611373211067e-07
+4400;+0.0000000000000000e+00;+1.0370595095454731e-07;+0.0000000000000000e+00;+3.9101850609704500e-08;+1.0370595095454731e-07;+7.8665280090951133e-16;+3.0382571624163141e-07
+4500;+0.0000000000000000e+00;+1.0336170072015366e-07;+0.0000000000000000e+00;+3.9734318823614874e-08;+1.0336170072015366e-07;+7.9805178023954491e-16;+3.0754055000428429e-07
+4600;+0.0000000000000000e+00;+1.0668329180944623e-07;+0.0000000000000000e+00;+3.9722483005482403e-08;+1.0668329180944623e-07;+8.0833745949300156e-16;+3.1152117286086461e-07
+4700;+0.0000000000000000e+00;+1.0565542631690257e-07;+0.0000000000000000e+00;+3.9359826452535942e-08;+1.0565542631690257e-07;+8.2242580892266302e-16;+3.1360709794695575e-07
+4800;+0.0000000000000000e+00;+1.0650440261755396e-07;+0.0000000000000000e+00;+3.9473385128304520e-08;+1.0650440261755396e-07;+8.3235152240751891e-16;+3.2055292362646145e-07
+4900;+0.0000000000000000e+00;+1.0661946394530592e-07;+0.0000000000000000e+00;+3.9858656494786980e-08;+1.0661946394530592e-07;+8.4235107910904134e-16;+3.2241320452495313e-07
+5000;+0.0000000000000000e+00;+1.0780273521760261e-07;+0.0000000000000000e+00;+3.9590044604130368e-08;+1.0780273521760261e-07;+8.5191074063512388e-16;+3.2371854415385941e-07
+5100;+0.0000000000000000e+00;+1.0935080190144348e-07;+0.0000000000000000e+00;+3.9849552725518116e-08;+1.0935080190144348e-07;+8.6175661089543142e-16;+3.2582466352143551e-07
+5200;+0.0000000000000000e+00;+1.0871493845286131e-07;+0.0000000000000000e+00;+3.9741058676886405e-08;+1.0871493845286131e-07;+8.7199928945500647e-16;+3.2911636579963967e-07
+5300;+0.0000000000000000e+00;+1.0935487357096306e-07;+0.0000000000000000e+00;+3.9562529743881884e-08;+1.0935487357096306e-07;+8.7976052442107917e-16;+3.3558329174566943e-07
+5400;+0.0000000000000000e+00;+1.0944016583466733e-07;+0.0000000000000000e+00;+3.9829103990816713e-08;+1.0944016583466733e-07;+6.4817542832030505e-16;+3.3430580059892243e-07
+5500;+0.0000000000000000e+00;+1.1087395060579487e-07;+0.0000000000000000e+00;+4.0219674168264207e-08;+1.1087395060579487e-07;+8.8697786972058148e-16;+3.3933163464860257e-07
+5600;+0.0000000000000000e+00;+1.1009680681491429e-07;+0.0000000000000000e+00;+3.9830401031091858e-08;+1.1009680681491429e-07;+8.9883230047296356e-16;+3.4544049159649355e-07
+5700;+0.0000000000000000e+00;+1.1151554695541284e-07;+0.0000000000000000e+00;+3.9703126903398909e-08;+1.1151554695541284e-07;+9.0035250297339727e-16;+3.4842280242889475e-07
+5800;+0.0000000000000000e+00;+1.0979206118634355e-07;+0.0000000000000000e+00;+3.9256873004856822e-08;+1.0979206118634355e-07;+9.0446876641518383e-16;+3.4880617645198145e-07
+5900;+0.0000000000000000e+00;+1.1172335558670731e-07;+0.0000000000000000e+00;+3.9920533609361899e-08;+1.1172335558670731e-07;+9.0506277001287051e-16;+3.4953958166429687e-07
+6000;+0.0000000000000000e+00;+1.1029070920174231e-07;+0.0000000000000000e+00;+4.0167029817812909e-08;+1.1029070920174231e-07;+6.6832128026912951e-16;+3.5240303357734882e-07
+6100;+0.0000000000000000e+00;+1.1159227317503205e-07;+0.0000000000000000e+00;+3.9925342892870504e-08;+1.1159227317503205e-07;+6.7166586907166413e-16;+3.5611892868998803e-07
+6200;+0.0000000000000000e+00;+1.1155227072330338e-07;+0.0000000000000000e+00;+3.9885580290026982e-08;+1.1155227072330338e-07;+9.2084134886405148e-16;+3.5828004540828847e-07
+6300;+0.0000000000000000e+00;+1.1363070550075620e-07;+0.0000000000000000e+00;+3.9726222485502231e-08;+1.1363070550075620e-07;+9.2836853445253547e-16;+3.6069863324519006e-07
+6400;+0.0000000000000000e+00;+1.1154342752159764e-07;+0.0000000000000000e+00;+3.9967885740059321e-08;+1.1154342752159764e-07;+9.3261177547010771e-16;+1.5022661749987578e-07
+6500;+0.0000000000000000e+00;+1.1318389221873031e-07;+0.0000000000000000e+00;+3.9799835407353162e-08;+1.1318389221873031e-07;+6.9342758276633961e-16;+1.4948060584787605e-07
+6600;+0.0000000000000000e+00;+1.1258816458198522e-07;+0.0000000000000000e+00;+3.9245976522726060e-08;+1.1258816458198522e-07;+6.9643585299072265e-16;+1.4985491992508646e-07
+6700;+0.0000000000000000e+00;+1.1180837268698508e-07;+0.0000000000000000e+00;+3.9625517173425961e-08;+1.1180837268698508e-07;+7.0060210910015416e-16;+1.5210184323249835e-07
+6800;+0.0000000000000000e+00;+1.1262800528610307e-07;+0.0000000000000000e+00;+4.0543676487194516e-08;+1.1262800528610307e-07;+7.0617944299645696e-16;+1.5231819379966905e-07
+6900;+0.0000000000000000e+00;+1.1486299817947791e-07;+0.0000000000000000e+00;+3.9676354287915152e-08;+1.1486299817947791e-07;+7.1399362273604181e-16;+1.5105039611062893e-07
+7000;+0.0000000000000000e+00;+1.1290157689270325e-07;+0.0000000000000000e+00;+3.9790465586715675e-08;+1.1290157689270325e-07;+7.1937821529665301e-16;+1.5052582098239362e-07
+7100;+0.0000000000000000e+00;+1.1400930423209262e-07;+0.0000000000000000e+00;+3.9719188941791119e-08;+1.1400930423209262e-07;+7.2987693005265528e-16;+1.5199806790994789e-07
+7200;+0.0000000000000000e+00;+1.1499375563557610e-07;+0.0000000000000000e+00;+3.9569916734148161e-08;+1.1499375563557610e-07;+7.3319813595687290e-16;+1.5246903183766499e-07
+7300;+0.0000000000000000e+00;+1.1400774221337152e-07;+0.0000000000000000e+00;+4.0164471906093924e-08;+1.1400774221337152e-07;+7.4284205075396326e-16;+1.5392235134216017e-07
+7400;+0.0000000000000000e+00;+1.1444142892051577e-07;+0.0000000000000000e+00;+3.9391306597406551e-08;+1.1444142892051577e-07;+7.4338402541129780e-16;+1.5419849143935752e-07
+7500;+0.0000000000000000e+00;+1.1650217419232652e-07;+0.0000000000000000e+00;+3.9761151395190507e-08;+1.1650217419232652e-07;+7.4174377628538042e-16;+1.5416679258894118e-07
+7600;+0.0000000000000000e+00;+1.1553282329604674e-07;+0.0000000000000000e+00;+4.0453219657632382e-08;+1.1553282329604674e-07;+7.5009099610179586e-16;+1.5181706288570538e-07
+7700;+0.0000000000000000e+00;+1.1612441091193935e-07;+0.0000000000000000e+00;+3.9655316620469357e-08;+1.1612441091193935e-07;+7.5214447706822873e-16;+1.5474386532839842e-07
+7800;+0.0000000000000000e+00;+1.1754086178799825e-07;+0.0000000000000000e+00;+4.0012416527116856e-08;+1.1754086178799825e-07;+7.6365109434451654e-16;+1.5610068218391289e-07
+7900;+0.0000000000000000e+00;+1.1714354470764504e-07;+0.0000000000000000e+00;+4.0444743325442284e-08;+1.1714354470764504e-07;+7.6047077166241497e-16;+1.5478567773585306e-07
+8000;+0.0000000000000000e+00;+1.1591866699460357e-07;+0.0000000000000000e+00;+4.0115118754378353e-08;+1.1591866699460357e-07;+7.6185679175407118e-16;+1.5414742943002619e-07
+8100;+0.0000000000000000e+00;+1.1690945637286518e-07;+0.0000000000000000e+00;+3.9738116211695079e-08;+1.1690945637286518e-07;+7.6667433017233426e-16;+1.5517019137780725e-07
+8200;+0.0000000000000000e+00;+1.1720804644286608e-07;+0.0000000000000000e+00;+3.9752812758846916e-08;+1.1720804644286608e-07;+7.7694686279895551e-16;+1.5598134734694863e-07
+8300;+0.0000000000000000e+00;+1.1851570781427589e-07;+0.0000000000000000e+00;+3.9812941661123573e-08;+1.1851570781427589e-07;+7.8044338682452759e-16;+1.5738096032798324e-07
+8400;+0.0000000000000000e+00;+1.1933062957761676e-07;+0.0000000000000000e+00;+3.9962972066096498e-08;+1.1933062957761676e-07;+7.8684816278302189e-16;+1.5595547078028766e-07
+8500;+0.0000000000000000e+00;+1.1888735870035015e-07;+0.0000000000000000e+00;+3.9954043255052803e-08;+1.1888735870035015e-07;+7.9132657640006364e-16;+1.5516103848476813e-07
+8600;+0.0000000000000000e+00;+1.1969951046567065e-07;+0.0000000000000000e+00;+4.0125492533225506e-08;+1.1969951046567065e-07;+7.9253890399324403e-16;+1.5550447780755740e-07
+8700;+0.0000000000000000e+00;+1.1969338378002655e-07;+0.0000000000000000e+00;+3.9518783280319636e-08;+1.1969338378002655e-07;+8.0077430719734455e-16;+1.5720077496258715e-07
+8800;+0.0000000000000000e+00;+1.1822890897122705e-07;+0.0000000000000000e+00;+3.9820087313679693e-08;+1.1822890897122705e-07;+8.0626740172158791e-16;+1.5555091835675739e-07
+8900;+0.0000000000000000e+00;+1.1925253615834542e-07;+0.0000000000000000e+00;+3.9820716459116380e-08;+1.1925253615834542e-07;+8.0923321493414417e-16;+1.5687418243204017e-07
+9000;+0.0000000000000000e+00;+1.1904458956962907e-07;+0.0000000000000000e+00;+3.9587914953279720e-08;+1.1904458956962907e-07;+8.1515977503315667e-16;+1.5559164820296185e-07
+9100;+0.0000000000000000e+00;+1.2052355796722574e-07;+0.0000000000000000e+00;+4.0085544787861832e-08;+1.2052355796722574e-07;+8.1373760304956421e-16;+1.5582722580055406e-07
+9200;+0.0000000000000000e+00;+1.2142903814271992e-07;+0.0000000000000000e+00;+3.9729801313858998e-08;+1.2142903814271992e-07;+8.1416502680510415e-16;+1.5667993626814663e-07
+9300;+0.0000000000000000e+00;+1.2039293738259906e-07;+0.0000000000000000e+00;+4.0121981982881525e-08;+1.2039293738259906e-07;+8.2420845716272037e-16;+1.5811324636964126e-07
+9400;+0.0000000000000000e+00;+1.2103256428736159e-07;+0.0000000000000000e+00;+3.9657452773740425e-08;+1.2103256428736159e-07;+8.3132374809892300e-16;+1.5803611482681799e-07
+9500;+0.0000000000000000e+00;+1.2164121790795099e-07;+0.0000000000000000e+00;+4.0142101382529587e-08;+1.2164121790795099e-07;+8.3458469214331495e-16;+1.5877006131204593e-07
+9600;+0.0000000000000000e+00;+1.2139460276956953e-07;+0.0000000000000000e+00;+4.0152466400707469e-08;+1.2139460276956953e-07;+8.3821315095022240e-16;+1.5647039311954604e-07
+9700;+0.0000000000000000e+00;+1.2338694054076832e-07;+0.0000000000000000e+00;+4.0188758873899309e-08;+1.2338694054076832e-07;+8.4336686050742779e-16;+1.5639750099434572e-07
+9800;+0.0000000000000000e+00;+1.2092531530807254e-07;+0.0000000000000000e+00;+3.9963382299819403e-08;+1.2092531530807254e-07;+8.4452482774845123e-16;+1.5975999198962604e-07
+9900;+0.0000000000000000e+00;+1.2311725773595851e-07;+0.0000000000000000e+00;+4.0026151432497838e-08;+1.2311725773595851e-07;+8.5773026442354876e-16;+1.6088702170521782e-07
+10000;+0.0000000000000000e+00;+1.2369936752653851e-07;+0.0000000000000000e+00;+4.0106357808155194e-08;+1.2369936752653851e-07;+8.6639973745312133e-16;+1.6048899916500985e-07
+10100;+0.0000000000000000e+00;+1.2243339471791055e-07;+0.0000000000000000e+00;+4.0105089089580874e-08;+1.2243339471791055e-07;+8.6376743376860351e-16;+4.5489585450658041e-07
+10200;+0.0000000000000000e+00;+1.2256090226441274e-07;+0.0000000000000000e+00;+4.0221561679394231e-08;+1.2256090226441274e-07;+8.6886144292727430e-16;+4.5791876214220484e-07
+10300;+0.0000000000000000e+00;+1.2366366264165817e-07;+0.0000000000000000e+00;+4.0914542753007472e-08;+1.2366366264165817e-07;+8.7725329362757175e-16;+3.3286651435343143e-07
+10400;+0.0000000000000000e+00;+1.2349679466119988e-07;+0.0000000000000000e+00;+3.9897615809822556e-08;+1.2349679466119988e-07;+8.7375704066624250e-16;+3.3419879620744492e-07
+10500;+0.0000000000000000e+00;+1.2412887163315911e-07;+0.0000000000000000e+00;+3.9778138764095853e-08;+1.2412887163315911e-07;+8.7957092179285359e-16;+3.3603165256307742e-07
+10600;+0.0000000000000000e+00;+1.2455004051751516e-07;+0.0000000000000000e+00;+4.0129110741770730e-08;+1.2455004051751516e-07;+8.8557513335838832e-16;+3.3728527525012987e-07
+10700;+0.0000000000000000e+00;+1.2628046327149402e-07;+0.0000000000000000e+00;+4.0383118178301735e-08;+1.2628046327149402e-07;+8.8488873089346258e-16;+3.3990453318858855e-07
+10800;+0.0000000000000000e+00;+1.2495962566418380e-07;+0.0000000000000000e+00;+4.0216483647271998e-08;+1.2495962566418380e-07;+8.9272233232298022e-16;+3.4138731626031029e-07
+10900;+0.0000000000000000e+00;+1.2528626402791117e-07;+0.0000000000000000e+00;+3.9951597023694225e-08;+1.2528626402791117e-07;+8.8947159097292498e-16;+4.6896675487316198e-07
+11000;+0.0000000000000000e+00;+1.2569871206147811e-07;+0.0000000000000000e+00;+4.0159255462654975e-08;+1.2569871206147811e-07;+8.9502634896894256e-16;+3.4395442077565454e-07
+11100;+0.0000000000000000e+00;+1.2537454994120035e-07;+0.0000000000000000e+00;+3.9483852767099133e-08;+1.2537454994120035e-07;+8.9432962153379148e-16;+3.4540527714332956e-07
+11200;+0.0000000000000000e+00;+1.2557096637429707e-07;+0.0000000000000000e+00;+3.9697150290136045e-08;+1.2557096637429707e-07;+9.0070751435182282e-16;+3.4669884803584750e-07
+11300;+0.0000000000000000e+00;+1.2611287032591948e-07;+0.0000000000000000e+00;+3.9944478643441025e-08;+1.2611287032591948e-07;+9.0457300876841840e-16;+3.4778537930009375e-07
+11400;+0.0000000000000000e+00;+1.2633268695809289e-07;+0.0000000000000000e+00;+4.0149824594684444e-08;+1.2633268695809289e-07;+9.0479860979117539e-16;+3.4968166778698689e-07
+11500;+0.0000000000000000e+00;+1.2686819601937754e-07;+0.0000000000000000e+00;+4.0081323958345068e-08;+1.2686819601937754e-07;+9.1519980125997436e-16;+3.5114755838545812e-07
+11600;+0.0000000000000000e+00;+1.2513115104843835e-07;+0.0000000000000000e+00;+3.9966048813004111e-08;+1.2513115104843835e-07;+9.1670526729011796e-16;+1.5975118446775522e-07
+11700;+0.0000000000000000e+00;+1.2675677471944382e-07;+0.0000000000000000e+00;+3.9978109461412199e-08;+1.2675677471944382e-07;+9.2369268439309808e-16;+1.6061451232215677e-07
+11800;+0.0000000000000000e+00;+1.2575904551964827e-07;+0.0000000000000000e+00;+3.9692525242107660e-08;+1.2575904551964827e-07;+9.2596099373828145e-16;+1.6258357555271472e-07
+11900;+0.0000000000000000e+00;+1.2694458388695522e-07;+0.0000000000000000e+00;+3.9747364940203900e-08;+1.2694458388695522e-07;+9.3119947849590151e-16;+1.6293715732192902e-07
+12000;+0.0000000000000000e+00;+1.2689261740598867e-07;+0.0000000000000000e+00;+3.9938113595207646e-08;+1.2689261740598867e-07;+9.3043108846224683e-16;+1.6149937787323996e-07
+12100;+0.0000000000000000e+00;+1.2598669739456824e-07;+0.0000000000000000e+00;+3.9685233688227232e-08;+1.2598669739456824e-07;+9.3812416882288028e-16;+1.6186797887815686e-07
+12200;+0.0000000000000000e+00;+1.2698085222481619e-07;+0.0000000000000000e+00;+3.9885296007906779e-08;+1.2698085222481619e-07;+9.3566166268528430e-16;+1.6138130568989092e-07
+12300;+0.0000000000000000e+00;+1.2649516231716911e-07;+0.0000000000000000e+00;+4.0068589974040460e-08;+1.2649516231716911e-07;+9.4214186046976551e-16;+1.6087794322292798e-07
+12400;+0.0000000000000000e+00;+1.2716844972549624e-07;+0.0000000000000000e+00;+4.0135431969948430e-08;+1.2716844972549624e-07;+9.4166556485356137e-16;+1.6092806777506429e-07
+12500;+0.0000000000000000e+00;+1.2722175963722519e-07;+0.0000000000000000e+00;+4.0280813255047363e-08;+1.2722175963722519e-07;+9.4124226728906715e-16;+1.6074357272695772e-07
+12600;+0.0000000000000000e+00;+1.2729719707372633e-07;+0.0000000000000000e+00;+3.9780529253870646e-08;+1.2729719707372633e-07;+9.4347991327815204e-16;+1.5992358821351052e-07
+12700;+0.0000000000000000e+00;+1.2674728113930111e-07;+0.0000000000000000e+00;+3.9562124323208364e-08;+1.2674728113930111e-07;+9.4816647869076939e-16;+1.6040352242516099e-07
+12800;+0.0000000000000000e+00;+1.2825111857221653e-07;+0.0000000000000000e+00;+3.9770727435157990e-08;+1.2825111857221653e-07;+9.4840871196133994e-16;+1.6016777426811047e-07
+12900;+0.0000000000000000e+00;+1.2781997550197598e-07;+0.0000000000000000e+00;+3.9904165692732252e-08;+1.2781997550197598e-07;+9.5703580939200856e-16;+1.6222335087755351e-07
+13000;+0.0000000000000000e+00;+1.2799888813420136e-07;+0.0000000000000000e+00;+3.9582991158244811e-08;+1.2799888813420136e-07;+9.6124993613423743e-16;+1.6150736847776102e-07
+13100;+0.0000000000000000e+00;+1.2761893287929574e-07;+0.0000000000000000e+00;+3.9649036524231634e-08;+1.2761893287929574e-07;+9.6370523969562187e-16;+1.6254538346729764e-07
+13200;+0.0000000000000000e+00;+1.2687303444104870e-07;+0.0000000000000000e+00;+4.0044402313242816e-08;+1.2687303444104870e-07;+9.6474653610093899e-16;+1.6269796549003587e-07
+13300;+0.0000000000000000e+00;+1.2790546188453097e-07;+0.0000000000000000e+00;+3.9591295631729585e-08;+1.2790546188453097e-07;+9.7274522947095906e-16;+1.6334503370489319e-07
+13400;+0.0000000000000000e+00;+1.2907162887803084e-07;+0.0000000000000000e+00;+4.0044233142207636e-08;+1.2907162887803084e-07;+9.7744177455318843e-16;+1.6264123532294591e-07
+13500;+0.0000000000000000e+00;+1.2955779595568761e-07;+0.0000000000000000e+00;+3.9704374500068277e-08;+1.2955779595568761e-07;+9.8138704839128315e-16;+1.6375066796559843e-07
+13600;+0.0000000000000000e+00;+1.2875924963941747e-07;+0.0000000000000000e+00;+3.9884565344123612e-08;+1.2875924963941747e-07;+9.8437866516530470e-16;+1.6286045864316171e-07
+13700;+0.0000000000000000e+00;+1.2901400021252916e-07;+0.0000000000000000e+00;+3.9938157376736780e-08;+1.2901400021252916e-07;+9.9203885347282155e-16;+1.6238436551508871e-07
+13800;+0.0000000000000000e+00;+1.2997084717715905e-07;+0.0000000000000000e+00;+3.9775189197635228e-08;+1.2997084717715905e-07;+9.9003504441344988e-16;+1.6452347178443955e-07
+13900;+0.0000000000000000e+00;+1.3144470203915995e-07;+0.0000000000000000e+00;+3.9897414119390402e-08;+1.3144470203915995e-07;+9.9524490346409855e-16;+1.6446916377702369e-07
+14000;+0.0000000000000000e+00;+1.2916616337524498e-07;+0.0000000000000000e+00;+3.9742781766244110e-08;+1.2916616337524498e-07;+1.0021921576662347e-15;+1.6484362051505113e-07
+14100;+0.0000000000000000e+00;+1.3097281868220210e-07;+0.0000000000000000e+00;+3.9870200736785868e-08;+1.3097281868220210e-07;+1.0061366055469964e-15;+1.6509827720178994e-07
+14200;+0.0000000000000000e+00;+1.3141938523117955e-07;+0.0000000000000000e+00;+3.9753830664889112e-08;+1.3141938523117955e-07;+1.0078411345040432e-15;+1.6434801967483385e-07
+14300;+0.0000000000000000e+00;+1.3167009058642621e-07;+0.0000000000000000e+00;+3.9679066598336241e-08;+1.3167009058642621e-07;+1.0136399951654401e-15;+1.6387401994232375e-07
+14400;+0.0000000000000000e+00;+1.3047745655759006e-07;+0.0000000000000000e+00;+4.0043594313045637e-08;+1.3047745655759006e-07;+1.0136399169564335e-15;+1.6798629945836691e-07
+14500;+0.0000000000000000e+00;+1.3091564841187326e-07;+0.0000000000000000e+00;+3.9923774486939510e-08;+1.3091564841187326e-07;+1.0239610202738722e-15;+1.6654299788666700e-07
+14600;+0.0000000000000000e+00;+1.3245471699444009e-07;+0.0000000000000000e+00;+3.9936445054568007e-08;+1.3245471699444009e-07;+1.0269327511927587e-15;+1.6604075965019141e-07
+14700;+0.0000000000000000e+00;+1.3333433064609815e-07;+0.0000000000000000e+00;+4.0200325050939089e-08;+1.3333433064609815e-07;+1.0277886151816442e-15;+1.6568503027682317e-07
+14800;+0.0000000000000000e+00;+1.3285770175065281e-07;+0.0000000000000000e+00;+4.0140474577369242e-08;+1.3285770175065281e-07;+1.0285979140716996e-15;+1.6555316692381481e-07
+14900;+0.0000000000000000e+00;+1.3266233432565947e-07;+0.0000000000000000e+00;+4.0145532107505075e-08;+1.3266233432565947e-07;+1.0344837967556168e-15;+1.6717068364437552e-07
+15000;+0.0000000000000000e+00;+1.3229531711602911e-07;+0.0000000000000000e+00;+4.0340692792089068e-08;+1.3229531711602911e-07;+1.0360655191852137e-15;+1.6627884281458440e-07
+15100;+0.0000000000000000e+00;+1.3340445523841257e-07;+0.0000000000000000e+00;+3.9872533270596079e-08;+1.3340445523841257e-07;+1.0427861922409515e-15;+1.6610452483685758e-07
+15200;+0.0000000000000000e+00;+1.3375216898401672e-07;+0.0000000000000000e+00;+3.9845124937114144e-08;+1.3375216898401672e-07;+1.0441570027407384e-15;+1.6595487252956240e-07
+15300;+0.0000000000000000e+00;+1.3378994158630398e-07;+0.0000000000000000e+00;+4.0201845255593190e-08;+1.3378994158630398e-07;+1.0480689977625527e-15;+1.6586554791914571e-07
+15400;+0.0000000000000000e+00;+1.3486833974177073e-07;+0.0000000000000000e+00;+4.0045279820345300e-08;+1.3486833974177073e-07;+1.0480527728952002e-15;+1.6792449658969623e-07
+15500;+0.0000000000000000e+00;+1.3404954039495649e-07;+0.0000000000000000e+00;+3.9887635937286246e-08;+1.3404954039495649e-07;+1.0515493039952671e-15;+1.6773800978362122e-07
+15600;+0.0000000000000000e+00;+1.3370916910418249e-07;+0.0000000000000000e+00;+4.0134652731106453e-08;+1.3370916910418249e-07;+1.0561388925351927e-15;+1.6768980540834796e-07
+15700;+0.0000000000000000e+00;+1.3363858746890686e-07;+0.0000000000000000e+00;+4.0128957257852993e-08;+1.3363858746890686e-07;+1.0579297439665491e-15;+1.6769365432854310e-07
+15800;+0.0000000000000000e+00;+1.3493962332302395e-07;+0.0000000000000000e+00;+3.9829714381923981e-08;+1.3493962332302395e-07;+1.0599757141074379e-15;+1.6880054583302106e-07
+15900;+0.0000000000000000e+00;+1.3523661054683687e-07;+0.0000000000000000e+00;+4.0072673133711605e-08;+1.3523661054683687e-07;+1.0678661717028303e-15;+1.7029026483188977e-07
+16000;+0.0000000000000000e+00;+1.3484694067276599e-07;+0.0000000000000000e+00;+3.9902909620349299e-08;+1.3484694067276599e-07;+1.0690163038701215e-15;+1.7043238444635012e-07
+16100;+0.0000000000000000e+00;+1.3641032432097054e-07;+0.0000000000000000e+00;+4.0215541268611456e-08;+1.3641032432097054e-07;+1.0739171509267828e-15;+1.6801982445272128e-07
+16200;+0.0000000000000000e+00;+1.3481040134343448e-07;+0.0000000000000000e+00;+3.9866253768301188e-08;+1.3481040134343448e-07;+1.0780870152265765e-15;+1.6911782241454360e-07
+16300;+0.0000000000000000e+00;+1.3759193885880905e-07;+0.0000000000000000e+00;+3.9999642400658435e-08;+1.3759193885880905e-07;+1.0818124739070429e-15;+1.6844511197993025e-07
+16400;+0.0000000000000000e+00;+1.3672201641226830e-07;+0.0000000000000000e+00;+4.0412091993032381e-08;+1.3672201641226830e-07;+1.0886102020260785e-15;+1.7171395482880759e-07
+16500;+0.0000000000000000e+00;+1.3696552821611449e-07;+0.0000000000000000e+00;+4.0075082528156104e-08;+1.3696552821611449e-07;+1.0883600426976426e-15;+1.7027877922273873e-07
+16600;+0.0000000000000000e+00;+1.3724335455326646e-07;+0.0000000000000000e+00;+4.0218533162002805e-08;+1.3724335455326646e-07;+1.0876256364081870e-15;+4.0857702311127019e-07
+16700;+0.0000000000000000e+00;+1.3728342045984274e-07;+0.0000000000000000e+00;+4.0470695322366523e-08;+1.3728342045984274e-07;+1.0953957586639027e-15;+4.0858022902577750e-07
+16800;+0.0000000000000000e+00;+1.3816859971335712e-07;+0.0000000000000000e+00;+3.9988062648069455e-08;+1.3816859971335712e-07;+1.0983210084449614e-15;+4.0983534079763881e-07
+16900;+0.0000000000000000e+00;+1.3754253771521304e-07;+0.0000000000000000e+00;+4.0141752312393609e-08;+1.3754253771521304e-07;+1.1005201786113320e-15;+4.1084749712295798e-07
+17000;+0.0000000000000000e+00;+1.3874271850334440e-07;+0.0000000000000000e+00;+4.0232254589849995e-08;+1.3874271850334440e-07;+1.1064121134015106e-15;+4.1248871458400820e-07
+17100;+0.0000000000000000e+00;+1.3902007039951569e-07;+0.0000000000000000e+00;+4.0363996223323422e-08;+1.3902007039951569e-07;+1.1100806459556322e-15;+4.1403868387598708e-07
+17200;+0.0000000000000000e+00;+1.3870596350076794e-07;+0.0000000000000000e+00;+4.0279338917328696e-08;+1.3870596350076794e-07;+1.1124303079503319e-15;+4.1536775446846327e-07
+17300;+0.0000000000000000e+00;+1.3958901765952828e-07;+0.0000000000000000e+00;+4.0010293716296452e-08;+1.3958901765952828e-07;+1.1117348561444951e-15;+4.1614667158316829e-07
+17400;+0.0000000000000000e+00;+1.3897223704065326e-07;+0.0000000000000000e+00;+3.9967606061722713e-08;+1.3897223704065326e-07;+1.1141001369336078e-15;+4.1838456543320453e-07
+17500;+0.0000000000000000e+00;+1.3850564231092563e-07;+0.0000000000000000e+00;+4.0193950142263418e-08;+1.3850564231092563e-07;+1.1169692475273540e-15;+4.1879982894594054e-07
+17600;+0.0000000000000000e+00;+1.3872506017604177e-07;+0.0000000000000000e+00;+3.9865922726526466e-08;+1.3872506017604177e-07;+1.1205631705470968e-15;+4.2023825191236769e-07
+17700;+0.0000000000000000e+00;+1.4080034729869590e-07;+0.0000000000000000e+00;+4.0062222712576164e-08;+1.4080034729869590e-07;+1.1180517926466839e-15;+4.2135325387014778e-07
+17800;+0.0000000000000000e+00;+1.4042855401149534e-07;+0.0000000000000000e+00;+4.0248265083557828e-08;+1.4042855401149534e-07;+1.1252874531446345e-15;+4.2401122883067505e-07
+17900;+0.0000000000000000e+00;+1.3956012507152655e-07;+0.0000000000000000e+00;+3.9786112788002340e-08;+1.3956012507152655e-07;+1.1255834827194875e-15;+4.2382887878098562e-07
+18000;+0.0000000000000000e+00;+1.4078607758208675e-07;+0.0000000000000000e+00;+3.9973495084054030e-08;+1.4078607758208675e-07;+1.1325439761051239e-15;+4.2373438381329871e-07
+18100;+0.0000000000000000e+00;+1.4052199687859883e-07;+0.0000000000000000e+00;+4.0048255686281778e-08;+1.4052199687859883e-07;+1.1337787116656363e-15;+4.2616518224919906e-07
+18200;+0.0000000000000000e+00;+1.4063847802312938e-07;+0.0000000000000000e+00;+3.9870916769414977e-08;+1.4063847802312938e-07;+1.1429063897101310e-15;+4.2832511311308931e-07
+18300;+0.0000000000000000e+00;+1.4226665552175319e-07;+0.0000000000000000e+00;+4.0037061914840290e-08;+1.4226665552175319e-07;+1.1430247067064124e-15;+4.2888357446666243e-07
+18400;+0.0000000000000000e+00;+1.4119812610869037e-07;+0.0000000000000000e+00;+4.0164278619311624e-08;+1.4119812610869037e-07;+1.1479401446048079e-15;+4.3000809023589272e-07
+18500;+0.0000000000000000e+00;+1.4335071057748047e-07;+0.0000000000000000e+00;+3.9715800262930567e-08;+1.4335071057748047e-07;+1.1522107520600628e-15;+4.3202306797875465e-07
+18600;+0.0000000000000000e+00;+1.4272756672149175e-07;+0.0000000000000000e+00;+4.0070342376600467e-08;+1.4272756672149175e-07;+1.1563872029904521e-15;+4.3360026290418831e-07
+18700;+0.0000000000000000e+00;+1.4321481411558057e-07;+0.0000000000000000e+00;+4.0259635543075734e-08;+1.4321481411558057e-07;+1.1584041395530303e-15;+4.3503412271478635e-07
+18800;+0.0000000000000000e+00;+1.4352314516409776e-07;+0.0000000000000000e+00;+4.0304803156362371e-08;+1.4352314516409776e-07;+1.1671793776365239e-15;+4.3713179364705894e-07
+18900;+0.0000000000000000e+00;+1.4268272233800633e-07;+0.0000000000000000e+00;+4.0070261244424156e-08;+1.4268272233800633e-07;+1.1697244683048103e-15;+4.3861471786756184e-07
+19000;+0.0000000000000000e+00;+1.4225561491394371e-07;+0.0000000000000000e+00;+4.0157435903551217e-08;+1.4225561491394371e-07;+1.1756015201552198e-15;+4.3927908167397570e-07
+19100;+0.0000000000000000e+00;+1.4306813501141587e-07;+0.0000000000000000e+00;+3.9771037986134486e-08;+1.4306813501141587e-07;+1.1725332875449540e-15;+4.4000405182587232e-07
+19200;+0.0000000000000000e+00;+1.4429606021259764e-07;+0.0000000000000000e+00;+3.9906088889839063e-08;+1.4429606021259764e-07;+1.1755182978548187e-15;+4.4171974236942064e-07
+19300;+0.0000000000000000e+00;+1.4324243597259001e-07;+0.0000000000000000e+00;+4.0290623805418538e-08;+1.4324243597259001e-07;+1.1818422180754570e-15;+4.4310580543410203e-07
+19400;+0.0000000000000000e+00;+1.4389121589018254e-07;+0.0000000000000000e+00;+4.0174716768497663e-08;+1.4389121589018254e-07;+1.1845421891628988e-15;+4.4357576579009835e-07
+19500;+0.0000000000000000e+00;+1.4596258545688009e-07;+0.0000000000000000e+00;+4.0147696596873544e-08;+1.4596258545688009e-07;+1.1898803875239936e-15;+4.4476072626406295e-07
+19600;+0.0000000000000000e+00;+1.4461843880685522e-07;+0.0000000000000000e+00;+4.0349584086540774e-08;+1.4461843880685522e-07;+1.1896827234412451e-15;+4.4534426695173597e-07
+19700;+0.0000000000000000e+00;+1.4516166185081829e-07;+0.0000000000000000e+00;+4.0215505566625422e-08;+1.4516166185081829e-07;+1.1944382892399592e-15;+4.4521312895037554e-07
+19800;+0.0000000000000000e+00;+1.4610444518854222e-07;+0.0000000000000000e+00;+3.9823411103499102e-08;+1.4610444518854222e-07;+1.1962259510677063e-15;+4.4622073810560210e-07
+19900;+0.0000000000000000e+00;+1.4568985469075852e-07;+0.0000000000000000e+00;+4.0243539325227235e-08;+1.4568985469075852e-07;+1.2032581185959661e-15;+4.4753981715083822e-07
+20000;+0.0000000000000000e+00;+1.4586927140242495e-07;+0.0000000000000000e+00;+3.9944425860017456e-08;+1.4586927140242495e-07;+1.2039947734203135e-15;+4.4933682145330724e-07
+20100;+0.0000000000000000e+00;+1.4569947081060500e-07;+0.0000000000000000e+00;+3.9588917128417436e-08;+1.4569947081060500e-07;+1.2083287394495525e-15;+4.4924762056123336e-07
+20200;+0.0000000000000000e+00;+1.4556818264971511e-07;+0.0000000000000000e+00;+4.0387346978849307e-08;+1.4556818264971511e-07;+1.2076632988582065e-15;+4.4926594792792201e-07
+20300;+0.0000000000000000e+00;+1.4505490451774703e-07;+0.0000000000000000e+00;+3.9946001390563480e-08;+1.4505490451774703e-07;+1.2086388652993410e-15;+4.4986355381562518e-07
+20400;+0.0000000000000000e+00;+1.4591548522535630e-07;+0.0000000000000000e+00;+4.0176624832621875e-08;+1.4591548522535630e-07;+1.2122104308702887e-15;+4.5069747725572919e-07
+20500;+0.0000000000000000e+00;+1.4624770766276193e-07;+0.0000000000000000e+00;+4.0106154352905291e-08;+1.4624770766276193e-07;+1.2133951496087982e-15;+4.5212569363601968e-07
+20600;+0.0000000000000000e+00;+1.4710556695006461e-07;+0.0000000000000000e+00;+3.9605536680248833e-08;+1.4710556695006461e-07;+1.2199650068499793e-15;+4.5298892330358978e-07
+20700;+0.0000000000000000e+00;+1.4746209524086507e-07;+0.0000000000000000e+00;+4.0291440088598397e-08;+1.4746209524086507e-07;+1.2185946578448820e-15;+4.5484173824156413e-07
+20800;+0.0000000000000000e+00;+1.4739513158867133e-07;+0.0000000000000000e+00;+4.0103177976645014e-08;+1.4739513158867133e-07;+1.2237924061922894e-15;+4.5556212745096915e-07
+20900;+0.0000000000000000e+00;+1.4710675017759498e-07;+0.0000000000000000e+00;+3.9976091266646051e-08;+1.4710675017759498e-07;+1.2288501368432765e-15;+4.5655962051359684e-07
+21000;+0.0000000000000000e+00;+1.4675363148069443e-07;+0.0000000000000000e+00;+4.0034802028578982e-08;+1.4675363148069443e-07;+1.2300651669352446e-15;+4.5852258695632240e-07
+21100;+0.0000000000000000e+00;+1.4857235343094024e-07;+0.0000000000000000e+00;+4.0142044342802628e-08;+1.4857235343094024e-07;+1.2339939235670415e-15;+4.6041483399075134e-07
+21200;+0.0000000000000000e+00;+1.4799284890875460e-07;+0.0000000000000000e+00;+4.0272384615207469e-08;+1.4799284890875460e-07;+1.2352335172453787e-15;+4.6021291451653445e-07
+21300;+0.0000000000000000e+00;+1.4745873117482967e-07;+0.0000000000000000e+00;+4.0144670407281301e-08;+1.4745873117482967e-07;+1.2378876120596966e-15;+4.6073036234201005e-07
+21400;+0.0000000000000000e+00;+1.4793243050383638e-07;+0.0000000000000000e+00;+4.0059667334770594e-08;+1.4793243050383638e-07;+1.2409830034496242e-15;+4.6363849152758492e-07
+21500;+0.0000000000000000e+00;+1.4796289527137930e-07;+0.0000000000000000e+00;+4.0147756158217335e-08;+1.4796289527137930e-07;+1.2447556904158600e-15;+4.6535558530768779e-07
+21600;+0.0000000000000000e+00;+1.4887402759361417e-07;+0.0000000000000000e+00;+4.0175481437486898e-08;+1.4887402759361417e-07;+1.2489093316790172e-15;+4.6675272248202379e-07
+21700;+0.0000000000000000e+00;+1.4999488413710125e-07;+0.0000000000000000e+00;+4.0252239959480325e-08;+1.4999488413710125e-07;+1.2491481034124803e-15;+4.6812118445109634e-07
+21800;+0.0000000000000000e+00;+1.4991476226265802e-07;+0.0000000000000000e+00;+3.9928252718615354e-08;+1.4991476226265802e-07;+1.2512082008148075e-15;+4.6829394462969264e-07
+21900;+0.0000000000000000e+00;+1.4970495071617904e-07;+0.0000000000000000e+00;+4.0160312128680482e-08;+1.4970495071617904e-07;+1.2548184589374545e-15;+4.6887077524634640e-07
+22000;+0.0000000000000000e+00;+1.4943511898185666e-07;+0.0000000000000000e+00;+3.9759033385525490e-08;+1.4943511898185666e-07;+1.2541761333285502e-15;+4.7025906853107440e-07
+22100;+0.0000000000000000e+00;+1.4856166106384735e-07;+0.0000000000000000e+00;+3.9944647675752517e-08;+1.4856166106384735e-07;+1.2598794513720261e-15;+4.7095332101326289e-07
+22200;+0.0000000000000000e+00;+1.5067992527542180e-07;+0.0000000000000000e+00;+4.0140668291222972e-08;+1.5067992527542180e-07;+1.2599341501925820e-15;+4.7126202796851674e-07
+22300;+0.0000000000000000e+00;+1.5029540167189500e-07;+0.0000000000000000e+00;+3.9808716319523213e-08;+1.5029540167189500e-07;+1.2652551600434405e-15;+4.7299951142069976e-07
+22400;+0.0000000000000000e+00;+1.5082862546733026e-07;+0.0000000000000000e+00;+4.0076500974033833e-08;+1.5082862546733026e-07;+1.2607542320327790e-15;+4.7461391168488033e-07
+22500;+0.0000000000000000e+00;+1.5138940171929165e-07;+0.0000000000000000e+00;+3.9954230173363301e-08;+1.5138940171929165e-07;+1.2682086851793657e-15;+4.7560945747418884e-07
+22600;+0.0000000000000000e+00;+1.5084472795841380e-07;+0.0000000000000000e+00;+3.9929627897865020e-08;+1.5084472795841380e-07;+5.7971516202245779e-16;+4.7598095226160762e-07
+22700;+0.0000000000000000e+00;+1.5093249573657923e-07;+0.0000000000000000e+00;+4.0206531868192257e-08;+1.5093249573657923e-07;+9.2877297548075290e-16;+4.7760215999942517e-07
+22800;+0.0000000000000000e+00;+1.5060469311627360e-07;+0.0000000000000000e+00;+4.0258825505557878e-08;+1.5060469311627360e-07;+9.3174602916868569e-16;+4.7918375698519233e-07
+22900;+0.0000000000000000e+00;+1.5107024428002600e-07;+0.0000000000000000e+00;+4.0109042028624776e-08;+1.5107024428002600e-07;+9.3112839707319183e-16;+4.8060074494396788e-07
+23000;+0.0000000000000000e+00;+1.5113479853633323e-07;+0.0000000000000000e+00;+3.9998072169921806e-08;+1.5113479853633323e-07;+5.8218672369685513e-16;+4.8202024632319290e-07
+23100;+0.0000000000000000e+00;+1.5137259626883077e-07;+0.0000000000000000e+00;+3.9840933825312999e-08;+1.5137259626883077e-07;+9.3608949716435712e-16;+4.8254239656500336e-07
+23200;+0.0000000000000000e+00;+1.5178557740139140e-07;+0.0000000000000000e+00;+4.0173537663320872e-08;+1.5178557740139140e-07;+9.3993592717816683e-16;+4.8493092434676264e-07
+23300;+0.0000000000000000e+00;+1.5064105571669215e-07;+0.0000000000000000e+00;+4.0060839563360404e-08;+1.5064105571669215e-07;+5.8789484849960370e-16;+4.8629993597048872e-07
+23400;+0.0000000000000000e+00;+1.5144266975696275e-07;+0.0000000000000000e+00;+4.0116245751309114e-08;+1.5144266975696275e-07;+9.4503536950639939e-16;+4.8730318980361987e-07
+23500;+0.0000000000000000e+00;+1.5202622747283919e-07;+0.0000000000000000e+00;+3.9719367018325168e-08;+1.5202622747283919e-07;+9.4923193888094784e-16;+4.8745627213314731e-07
+23600;+0.0000000000000000e+00;+1.5138940540145438e-07;+0.0000000000000000e+00;+3.9944931024132259e-08;+1.5138940540145438e-07;+5.9024003003324191e-16;+4.9060926327742018e-07
+23700;+0.0000000000000000e+00;+1.5277639617575666e-07;+0.0000000000000000e+00;+4.0032188403910491e-08;+1.5277639617575666e-07;+5.8975404489247789e-16;+4.9091623145464392e-07
+23800;+0.0000000000000000e+00;+1.5310400883199475e-07;+0.0000000000000000e+00;+4.0116427520846979e-08;+1.5310400883199475e-07;+5.9181789938169162e-16;+4.9134895272288478e-07
+23900;+0.0000000000000000e+00;+1.5258234228662190e-07;+0.0000000000000000e+00;+3.9816002462791371e-08;+1.5258234228662190e-07;+9.4931098811795129e-16;+4.9401345405377785e-07
+24000;+0.0000000000000000e+00;+1.5375722933695818e-07;+0.0000000000000000e+00;+3.9975842721064235e-08;+1.5375722933695818e-07;+5.9665141759382010e-16;+4.9467240279691798e-07
+24100;+0.0000000000000000e+00;+1.5232716945019403e-07;+0.0000000000000000e+00;+4.0249018928786725e-08;+1.5232716945019403e-07;+5.9861202694545909e-16;+4.9518172942500581e-07
+24200;+0.0000000000000000e+00;+1.5325116682564282e-07;+0.0000000000000000e+00;+4.0253287665035265e-08;+1.5325116682564282e-07;+9.5569447340682296e-16;+4.9640557205257249e-07
+24300;+0.0000000000000000e+00;+1.5399636358391346e-07;+0.0000000000000000e+00;+4.0026079816905222e-08;+1.5399636358391346e-07;+6.0174835325334340e-16;+4.9651935315011577e-07
+24400;+0.0000000000000000e+00;+1.5451606254779748e-07;+0.0000000000000000e+00;+3.9826252814720999e-08;+1.5451606254779748e-07;+9.6203642349301180e-16;+4.9823075196296445e-07
+24500;+0.0000000000000000e+00;+1.5456146659731779e-07;+0.0000000000000000e+00;+3.9941246012248168e-08;+1.5456146659731779e-07;+6.0586419392354889e-16;+4.9914827620798207e-07
