Num rows;Error TRSV fp64;Error TRSV fp32;Error TRSV Acc<fp64, fp64>;Error TRSV Acc<fp64, fp32>;Error TRSV Acc<fp32, fp32>;Error CUBLAS TRSV fp64;Error CUBLAS TRSV fp32
+100;+0.0000000000000000e+00;+3.8737357103728633e-07;+0.0000000000000000e+00;+1.1793179059868741e-07;+3.8737357103728633e-07;+7.9762591830247236e-16;+2.7720429197957377e-07
+200;+0.0000000000000000e+00;+4.1715743754459457e-07;+0.0000000000000000e+00;+1.7639149743926759e-07;+4.1715743754459457e-07;+1.1862010150967489e-15;+4.9596670596955057e-07
+300;+0.0000000000000000e+00;+6.8387149638806166e-07;+0.0000000000000000e+00;+2.0494179017164960e-07;+6.8387149638806166e-07;+1.5331749097031046e-15;+7.9585570617793390e-07
+400;+0.0000000000000000e+00;+7.4817807784365062e-07;+0.0000000000000000e+00;+2.6703236525944146e-07;+7.4817807784365062e-07;+2.0050428997013532e-15;+7.8212877376528259e-07
+500;+0.0000000000000000e+00;+9.6723371752863882e-07;+0.0000000000000000e+00;+3.3149414894324776e-07;+9.6723371752863882e-07;+2.6824164376293887e-15;+1.0738952112301197e-06
+600;+0.0000000000000000e+00;+1.0358410029827431e-06;+0.0000000000000000e+00;+4.0945586428389060e-07;+1.0358410029827431e-06;+2.8190109237475155e-15;+1.3820615900251171e-06
+700;+0.0000000000000000e+00;+1.1776314828428516e-06;+0.0000000000000000e+00;+4.8512882718430980e-07;+1.1776314828428516e-06;+3.2860169674123460e-15;+1.5770861249772068e-06
+800;+0.0000000000000000e+00;+1.2550284434565376e-06;+0.0000000000000000e+00;+5.1056879178603144e-07;+1.2550284434565376e-06;+3.8693529073856265e-15;+1.5333754989576163e-06
+900;+0.0000000000000000e+00;+1.4533687844553780e-06;+0.0000000000000000e+00;+5.5423829004760623e-07;+1.4533687844553780e-06;+4.2621892984308571e-15;+1.9466437472062497e-06
+1000;+0.0000000000000000e+00;+1.9997027599550416e-06;+0.0000000000000000e+00;+6.2142095014713690e-07;+1.9997027599550416e-06;+4.7893262603929923e-15;+1.8715158860163192e-06
+1100;+0.0000000000000000e+00;+2.2189986489388691e-06;+0.0000000000000000e+00;+6.6286647199352239e-07;+2.2189986489388691e-06;+5.6650789053031059e-15;+2.3802394470338387e-06
+1200;+0.0000000000000000e+00;+2.2237396553651571e-06;+0.0000000000000000e+00;+6.8538482826540417e-07;+2.2237396553651571e-06;+5.6481018729105505e-15;+2.4901447854815389e-06
+1300;+0.0000000000000000e+00;+2.3314930304279536e-06;+0.0000000000000000e+00;+7.5549608266572151e-07;+2.3314930304279536e-06;+6.6217616226957730e-15;+2.6633542857548032e-06
+1400;+0.0000000000000000e+00;+2.6461351085794877e-06;+0.0000000000000000e+00;+8.4539958571725868e-07;+2.6461351085794877e-06;+8.5541187468746724e-15;+3.0174727756219207e-06
+1500;+0.0000000000000000e+00;+3.1457252870443123e-06;+0.0000000000000000e+00;+8.4780478240057029e-07;+3.1457252870443123e-06;+8.3274088967008547e-15;+3.1751451906009687e-06
+1600;+0.0000000000000000e+00;+3.1807025419438002e-06;+0.0000000000000000e+00;+8.5977707314955358e-07;+3.1807025419438002e-06;+8.4256858331147706e-15;+3.6225102698672168e-06
+1700;+0.0000000000000000e+00;+3.3206106986833130e-06;+0.0000000000000000e+00;+8.4923324550751552e-07;+3.3206106986833130e-06;+8.9168270134754355e-15;+3.3269153847547290e-06
+1800;+0.0000000000000000e+00;+3.8472827286296780e-06;+0.0000000000000000e+00;+8.8705964139437819e-07;+3.8472827286296780e-06;+1.1352677593926228e-14;+4.0174017011638712e-06
+1900;+0.0000000000000000e+00;+3.7674745564345202e-06;+0.0000000000000000e+00;+9.5714027965420654e-07;+3.7674745564345202e-06;+1.0254972101199777e-14;+4.2206374911331379e-06
+2000;+0.0000000000000000e+00;+4.4573117108147356e-06;+0.0000000000000000e+00;+1.0561691636756517e-06;+4.4573117108147356e-06;+1.2111344190722200e-14;+4.5996643244918796e-06
+2100;+0.0000000000000000e+00;+4.2668890757007275e-06;+0.0000000000000000e+00;+1.1018130324309657e-06;+4.2668890757007275e-06;+1.1783478177677317e-14;+4.7726149803836479e-06
+2200;+0.0000000000000000e+00;+5.3340022457109695e-06;+0.0000000000000000e+00;+1.1055698445738383e-06;+5.3340022457109695e-06;+1.3549218938883385e-14;+5.3290830157101544e-06
+2300;+0.0000000000000000e+00;+4.5661377474290874e-06;+0.0000000000000000e+00;+1.1650676172877738e-06;+4.5661377474290874e-06;+1.3190312937498303e-14;+5.0508837470294757e-06
+2400;+0.0000000000000000e+00;+4.9739388257228465e-06;+0.0000000000000000e+00;+1.2746544519785777e-06;+4.9739388257228465e-06;+1.3770054157675258e-14;+5.6598958556684688e-06
+2500;+0.0000000000000000e+00;+5.9146422810123290e-06;+0.0000000000000000e+00;+1.3198056811809633e-06;+5.9146422810123290e-06;+1.5024193769112821e-14;+5.6617643809433352e-06
+2600;+0.0000000000000000e+00;+5.7392293223337101e-06;+0.0000000000000000e+00;+1.3446599569279219e-06;+5.7392293223337101e-06;+1.6424450163616092e-14;+5.7435593238603122e-06
+2700;+0.0000000000000000e+00;+6.4850465511598332e-06;+0.0000000000000000e+00;+1.4180701153249436e-06;+6.4850465511598332e-06;+1.6821531231470710e-14;+6.2175478686292021e-06
+2800;+0.0000000000000000e+00;+7.3475392939373365e-06;+0.0000000000000000e+00;+1.4798768519846817e-06;+7.3475392939373365e-06;+1.7329663075430979e-14;+7.1212361259586746e-06
+2900;+0.0000000000000000e+00;+6.7591954652172771e-06;+0.0000000000000000e+00;+1.4818470189314343e-06;+6.7591954652172771e-06;+1.8332922596794022e-14;+7.2644365785703426e-06
+3000;+0.0000000000000000e+00;+6.8353815130618944e-06;+0.0000000000000000e+00;+1.4722231610074015e-06;+6.8353815130618944e-06;+1.8005665622455236e-14;+7.3480687363143027e-06
+3100;+0.0000000000000000e+00;+7.4638989144731339e-06;+0.0000000000000000e+00;+1.4981649886911215e-06;+7.4638989144731339e-06;+1.8662669348551831e-14;+7.5733094123404461e-06
+3200;+0.0000000000000000e+00;+7.9653795466641925e-06;+0.0000000000000000e+00;+1.5818093818406163e-06;+7.9653795466641925e-06;+2.2010708613668120e-14;+8.0799821431859812e-06
+3300;+0.0000000000000000e+00;+7.6209684785103329e-06;+0.0000000000000000e+00;+1.5867982606369938e-06;+7.6209684785103329e-06;+1.9641844128016059e-14;+7.7496605558410383e-06
+3400;+0.0000000000000000e+00;+7.8845028525390266e-06;+0.0000000000000000e+00;+1.7028731787899611e-06;+7.8845028525390266e-06;+2.0958535954870266e-14;+8.6264591613527739e-06
+3500;+0.0000000000000000e+00;+8.9589893343945265e-06;+0.0000000000000000e+00;+1.8288255697363542e-06;+8.9589893343945265e-06;+2.2516231739783043e-14;+8.8546408584835445e-06
+3600;+0.0000000000000000e+00;+8.8370195169245520e-06;+0.0000000000000000e+00;+1.9132407790309569e-06;+8.8370195169245520e-06;+2.2814538492259305e-14;+9.0129938514848211e-06
+3700;+0.0000000000000000e+00;+9.2727248285444296e-06;+0.0000000000000000e+00;+1.9786129768934542e-06;+9.2727248285444296e-06;+2.3897400169895252e-14;+9.5483395627605736e-06
+3800;+0.0000000000000000e+00;+9.3608490637630895e-06;+0.0000000000000000e+00;+2.0419593248146110e-06;+9.3608490637630895e-06;+2.5256398264594205e-14;+9.9542621885735525e-06
+3900;+0.0000000000000000e+00;+9.9329067928787860e-06;+0.0000000000000000e+00;+2.0110300137533187e-06;+9.9329067928787860e-06;+2.4293837831656265e-14;+9.6658132719536924e-06
+4000;+0.0000000000000000e+00;+1.0528360848806947e-05;+0.0000000000000000e+00;+2.1040158642152472e-06;+1.0528360848806947e-05;+2.7007100268458840e-14;+1.1289565558758955e-05
+4100;+0.0000000000000000e+00;+1.0336507823335038e-05;+0.0000000000000000e+00;+2.1282350350830922e-06;+1.0336507823335038e-05;+2.8775286705551275e-14;+1.0456982836017764e-05
+4200;+0.0000000000000000e+00;+1.0854620379403622e-05;+0.0000000000000000e+00;+2.1298136695139248e-06;+1.0854620379403622e-05;+2.8635394006324438e-14;+1.2216149281742353e-05
+4300;+0.0000000000000000e+00;+1.1234703067219851e-05;+0.0000000000000000e+00;+2.2407368322848231e-06;+1.1234703067219851e-05;+2.7370292038942979e-14;+1.1865068203503091e-05
+4400;+0.0000000000000000e+00;+1.2069700967529431e-05;+0.0000000000000000e+00;+2.3010560914417513e-06;+1.2069700967529431e-05;+3.2406917128783869e-14;+1.2467439902602553e-05
+4500;+0.0000000000000000e+00;+1.1612121550502741e-05;+0.0000000000000000e+00;+2.3762630256028681e-06;+1.1612121550502741e-05;+3.0592767759890316e-14;+1.1924214093291885e-05
+4600;+0.0000000000000000e+00;+1.2430224210582651e-05;+0.0000000000000000e+00;+2.3474738562418559e-06;+1.2430224210582651e-05;+3.3232344100273386e-14;+1.3325625578978075e-05
+4700;+0.0000000000000000e+00;+1.3336289482247585e-05;+0.0000000000000000e+00;+2.4170389250226534e-06;+1.3336289482247585e-05;+3.3785582182284804e-14;+1.3897412571008857e-05
+4800;+0.0000000000000000e+00;+1.2940188714866157e-05;+0.0000000000000000e+00;+2.4638066884201022e-06;+1.2940188714866157e-05;+3.7291085715904838e-14;+1.3393479653921350e-05
+4900;+0.0000000000000000e+00;+1.4607602253522244e-05;+0.0000000000000000e+00;+2.5446237394184656e-06;+1.4607602253522244e-05;+3.3970119682975795e-14;+1.3324514881694444e-05
+5000;+0.0000000000000000e+00;+1.4477262070297347e-05;+0.0000000000000000e+00;+2.5911072253447271e-06;+1.4477262070297347e-05;+3.9459850652295620e-14;+1.4511707997128888e-05
+5100;+0.0000000000000000e+00;+1.4517040315630952e-05;+0.0000000000000000e+00;+2.7350323720152201e-06;+1.4517040315630952e-05;+3.8361367684651477e-14;+1.4895313492566198e-05
+5200;+0.0000000000000000e+00;+1.5341346133642610e-05;+0.0000000000000000e+00;+2.8490406424228761e-06;+1.5341346133642610e-05;+3.9832243483501443e-14;+1.7263842223462423e-05
+5300;+0.0000000000000000e+00;+1.5373060351998623e-05;+0.0000000000000000e+00;+2.8857518788575130e-06;+1.5373060351998623e-05;+3.9936798959822008e-14;+1.5197476193378217e-05
+5400;+0.0000000000000000e+00;+1.6482225174662261e-05;+0.0000000000000000e+00;+2.9611951230694761e-06;+1.6482225174662261e-05;+4.4242587898821442e-14;+1.6318025786610442e-05
+5500;+0.0000000000000000e+00;+1.6420037423942019e-05;+0.0000000000000000e+00;+2.9636773825009933e-06;+1.6420037423942019e-05;+4.1459474336786178e-14;+1.5891237076270088e-05
+5600;+0.0000000000000000e+00;+1.7393963421113945e-05;+0.0000000000000000e+00;+2.9262498361063729e-06;+1.7393963421113945e-05;+4.3195471938976897e-14;+1.8938620211066272e-05
+5700;+0.0000000000000000e+00;+1.6358496119821306e-05;+0.0000000000000000e+00;+3.0060840627066126e-06;+1.6358496119821306e-05;+4.6427834591209277e-14;+1.7123602521471252e-05
+5800;+0.0000000000000000e+00;+1.7039065410705861e-05;+0.0000000000000000e+00;+3.0463910122546107e-06;+1.7039065410705861e-05;+4.5298849010404203e-14;+1.7065489950116086e-05
+5900;+0.0000000000000000e+00;+1.8787494539017286e-05;+0.0000000000000000e+00;+3.0912188670304204e-06;+1.8787494539017286e-05;+4.6764178418611639e-14;+1.7327636385226016e-05
+6000;+0.0000000000000000e+00;+1.8399788886308208e-05;+0.0000000000000000e+00;+3.1563511656304824e-06;+1.8399788886308208e-05;+4.9033868030797967e-14;+1.9160771419328894e-05
+6100;+0.0000000000000000e+00;+1.8952601512703051e-05;+0.0000000000000000e+00;+3.2091089075600808e-06;+1.8952601512703051e-05;+4.8366083060343724e-14;+1.9478477903792930e-05
+6200;+0.0000000000000000e+00;+1.9330104084623729e-05;+0.0000000000000000e+00;+3.2509822418889765e-06;+1.9330104084623729e-05;+5.0900305794577065e-14;+1.8675020397301527e-05
+6300;+0.0000000000000000e+00;+1.8252057095385563e-05;+0.0000000000000000e+00;+3.2333011402938479e-06;+1.8252057095385563e-05;+5.2263024550253366e-14;+2.0990924398958171e-05
+6400;+0.0000000000000000e+00;+2.1239346317969335e-05;+0.0000000000000000e+00;+3.3022541766390444e-06;+2.1239346317969335e-05;+5.2905703622358870e-14;+2.1178272299818588e-05
+6500;+0.0000000000000000e+00;+2.0875429795512672e-05;+0.0000000000000000e+00;+3.3931045886947422e-06;+2.0875429795512672e-05;+5.6116032695146160e-14;+2.0652198054894453e-05
+6600;+0.0000000000000000e+00;+2.0940271831822903e-05;+0.0000000000000000e+00;+3.4530706196695282e-06;+2.0940271831822903e-05;+5.5506161681102794e-14;+2.4066802604263008e-05
+6700;+0.0000000000000000e+00;+2.2398897391922397e-05;+0.0000000000000000e+00;+3.4655761892722913e-06;+2.2398897391922397e-05;+5.4401736143092884e-14;+2.3321231287208016e-05
+6800;+0.0000000000000000e+00;+2.2794630508473931e-05;+0.0000000000000000e+00;+3.4359359971610426e-06;+2.2794630508473931e-05;+5.7153340118238644e-14;+2.2460199275409127e-05
+6900;+0.0000000000000000e+00;+2.1439966227811844e-05;+0.0000000000000000e+00;+3.5601378434389314e-06;+2.1439966227811844e-05;+5.8632405010962492e-14;+2.3783366562410494e-05
+7000;+0.0000000000000000e+00;+2.4776306273780437e-05;+0.0000000000000000e+00;+3.5455879452869000e-06;+2.4776306273780437e-05;+5.9834291699778036e-14;+2.4208020465580280e-05
+7100;+0.0000000000000000e+00;+2.3432319680418217e-05;+0.0000000000000000e+00;+3.6664840636040618e-06;+2.3432319680418217e-05;+5.7317410774094844e-14;+2.3956878854274609e-05
+7200;+0.0000000000000000e+00;+2.3123769999701805e-05;+0.0000000000000000e+00;+3.7097467832150809e-06;+2.3123769999701805e-05;+6.3379206042864576e-14;+2.3525263064601284e-05
+7300;+0.0000000000000000e+00;+2.4881484468485377e-05;+0.0000000000000000e+00;+3.8493861488759075e-06;+2.4881484468485377e-05;+6.2071883567353234e-14;+2.4656105681057400e-05
+7400;+0.0000000000000000e+00;+2.4997424860853521e-05;+0.0000000000000000e+00;+3.8189542032116077e-06;+2.4997424860853521e-05;+6.5081433578346039e-14;+2.4870226969052864e-05
+7500;+0.0000000000000000e+00;+2.5071891673611694e-05;+0.0000000000000000e+00;+3.8781340076551465e-06;+2.5071891673611694e-05;+6.9198856469664384e-14;+2.4136236359773232e-05
+7600;+0.0000000000000000e+00;+2.5783747954772405e-05;+0.0000000000000000e+00;+3.9023914518039229e-06;+2.5783747954772405e-05;+6.9704745428837567e-14;+2.7363086564585451e-05
+7700;+0.0000000000000000e+00;+2.5649742013413788e-05;+0.0000000000000000e+00;+3.8791180867914452e-06;+2.5649742013413788e-05;+6.8408355320273345e-14;+2.6260968453218911e-05
+7800;+0.0000000000000000e+00;+2.6465773345384694e-05;+0.0000000000000000e+00;+3.9238563359797430e-06;+2.6465773345384694e-05;+6.6256178102356943e-14;+2.5711916020547800e-05
+7900;+0.0000000000000000e+00;+2.7987060761299690e-05;+0.0000000000000000e+00;+3.9913245392674299e-06;+2.7987060761299690e-05;+7.0347391742319836e-14;+2.7528978197869922e-05
+8000;+0.0000000000000000e+00;+2.6925778081456677e-05;+0.0000000000000000e+00;+3.9684023460725346e-06;+2.6925778081456677e-05;+6.8139411405275106e-14;+2.7406845008050038e-05
+8100;+0.0000000000000000e+00;+2.9306850109700594e-05;+0.0000000000000000e+00;+4.0550255394324642e-06;+2.9306850109700594e-05;+7.3853361536944413e-14;+2.7486843717575301e-05
+8200;+0.0000000000000000e+00;+2.9792164870424739e-05;+0.0000000000000000e+00;+4.0896266999593954e-06;+2.9792164870424739e-05;+7.6367802354395950e-14;+2.8118597030662644e-05
+8300;+0.0000000000000000e+00;+2.7005236488231680e-05;+0.0000000000000000e+00;+4.1687622069724956e-06;+2.7005236488231680e-05;+7.6212845660618031e-14;+2.9518897762160878e-05
+8400;+0.0000000000000000e+00;+2.8125527624769229e-05;+0.0000000000000000e+00;+4.1584241311938607e-06;+2.8125527624769229e-05;+7.6323360119462253e-14;+2.9933851683641505e-05
+8500;+0.0000000000000000e+00;+2.9838029110046965e-05;+0.0000000000000000e+00;+4.2432541514873047e-06;+2.9838029110046965e-05;+7.7860359281341045e-14;+2.8720552861571928e-05
+8600;+0.0000000000000000e+00;+3.0357924859538161e-05;+0.0000000000000000e+00;+4.2612540191955921e-06;+3.0357924859538161e-05;+7.4121823720567990e-14;+2.9790848302269153e-05
+8700;+0.0000000000000000e+00;+3.1099602380222141e-05;+0.0000000000000000e+00;+4.2622429305545712e-06;+3.1099602380222141e-05;+7.9015719316125413e-14;+2.9905329064959562e-05
+8800;+0.0000000000000000e+00;+3.0640582899789022e-05;+0.0000000000000000e+00;+4.3667382460919447e-06;+3.0640582899789022e-05;+8.2365021504319320e-14;+3.1034666523980798e-05
+8900;+0.0000000000000000e+00;+3.1336709642631340e-05;+0.0000000000000000e+00;+4.4097092183953040e-06;+3.1336709642631340e-05;+7.9364410471972921e-14;+3.0986535515790869e-05
+9000;+0.0000000000000000e+00;+3.0600053416290080e-05;+0.0000000000000000e+00;+4.4991186863025772e-06;+3.0600053416290080e-05;+9.0395376782526931e-14;+3.2883037528400015e-05
+9100;+0.0000000000000000e+00;+3.2903475103582127e-05;+0.0000000000000000e+00;+4.5116517667387424e-06;+3.2903475103582127e-05;+8.6453459699903335e-14;+3.1722878651365742e-05
+9200;+0.0000000000000000e+00;+3.3792792063830469e-05;+0.0000000000000000e+00;+4.5855608404126245e-06;+3.3792792063830469e-05;+8.9121409847736228e-14;+3.2985223401110284e-05
+9300;+0.0000000000000000e+00;+3.3830786226448353e-05;+0.0000000000000000e+00;+4.6224453755832694e-06;+3.3830786226448353e-05;+9.1747718632351792e-14;+3.4318753626802354e-05
+9400;+0.0000000000000000e+00;+3.4332185070734870e-05;+0.0000000000000000e+00;+4.6074401020510034e-06;+3.4332185070734870e-05;+9.1001366528326992e-14;+3.3110058090937625e-05
+9500;+0.0000000000000000e+00;+3.4579640990106922e-05;+0.0000000000000000e+00;+4.6756382104176161e-06;+3.4579640990106922e-05;+9.3175439253550871e-14;+3.5964674577008053e-05
+9600;+0.0000000000000000e+00;+3.4508934674526519e-05;+0.0000000000000000e+00;+4.6433696789747153e-06;+3.4508934674526519e-05;+9.0500936164340087e-14;+3.8019163154826783e-05
+9700;+0.0000000000000000e+00;+3.5298817243894492e-05;+0.0000000000000000e+00;+4.7427957416930172e-06;+3.5298817243894492e-05;+9.4005991860139932e-14;+3.6785165123539151e-05
+9800;+0.0000000000000000e+00;+3.7131722886785026e-05;+0.0000000000000000e+00;+4.8317316767318458e-06;+3.7131722886785026e-05;+9.9377915740565659e-14;+3.6567990805777292e-05
+9900;+0.0000000000000000e+00;+3.6619113237812535e-05;+0.0000000000000000e+00;+4.8354651567215119e-06;+3.6619113237812535e-05;+9.2061722159485530e-14;+3.8783304473308346e-05
+10000;+0.0000000000000000e+00;+3.6773891436459807e-05;+0.0000000000000000e+00;+4.9272994986764294e-06;+3.6773891436459807e-05;+9.7956906756545321e-14;+3.8271414616398553e-05
+10100;+0.0000000000000000e+00;+3.9723026447973456e-05;+0.0000000000000000e+00;+5.0789212696056867e-06;+3.9723026447973456e-05;+9.9442517122848840e-14;+4.3036220240179249e-05
+10200;+0.0000000000000000e+00;+3.8702067504474548e-05;+0.0000000000000000e+00;+5.1410692624382831e-06;+3.8702067504474548e-05;+1.0718976810088044e-13;+3.9124731741832194e-05
+10300;+0.0000000000000000e+00;+3.8140138732953901e-05;+0.0000000000000000e+00;+5.2217174582574776e-06;+3.8140138732953901e-05;+1.0221895107441525e-13;+3.9963114905365662e-05
+10400;+0.0000000000000000e+00;+3.9592251726358016e-05;+0.0000000000000000e+00;+5.1821405081641481e-06;+3.9592251726358016e-05;+1.0189842733535305e-13;+3.9673603186955758e-05
+10500;+0.0000000000000000e+00;+3.8428125168424255e-05;+0.0000000000000000e+00;+5.2496882950474892e-06;+3.8428125168424255e-05;+1.1023014258728064e-13;+3.8686240458852478e-05
+10600;+0.0000000000000000e+00;+4.0273792423825517e-05;+0.0000000000000000e+00;+5.2538146493274389e-06;+4.0273792423825517e-05;+1.0287404553942005e-13;+4.2750254506738894e-05
+10700;+0.0000000000000000e+00;+4.1323489364707791e-05;+0.0000000000000000e+00;+5.3048260615332420e-06;+4.1323489364707791e-05;+1.1139746596623449e-13;+4.4677587665753719e-05
+10800;+0.0000000000000000e+00;+4.1540608331373602e-05;+0.0000000000000000e+00;+5.3191902827450230e-06;+4.1540608331373602e-05;+1.0449824435593202e-13;+4.2700419228790762e-05
+10900;+0.0000000000000000e+00;+4.1868937581026847e-05;+0.0000000000000000e+00;+5.4821917422406909e-06;+4.1868937581026847e-05;+1.1450911592561899e-13;+4.2992160969840604e-05
+11000;+0.0000000000000000e+00;+4.4664946570980918e-05;+0.0000000000000000e+00;+5.5677040574917508e-06;+4.4664946570980918e-05;+1.1035038563570571e-13;+4.5521209145742480e-05
+11100;+0.0000000000000000e+00;+4.4329493727939448e-05;+0.0000000000000000e+00;+5.6385886355699008e-06;+4.4329493727939448e-05;+1.1126845957225776e-13;+4.4361331625942423e-05
+11200;+0.0000000000000000e+00;+4.6060770174009965e-05;+0.0000000000000000e+00;+5.6724156029387376e-06;+4.6060770174009965e-05;+1.2151748553980801e-13;+4.5540672268109719e-05
+11300;+0.0000000000000000e+00;+4.6304276879384243e-05;+0.0000000000000000e+00;+5.5948598375372335e-06;+4.6304276879384243e-05;+1.1559962542074036e-13;+4.4530977087691899e-05
+11400;+0.0000000000000000e+00;+4.3793400863382384e-05;+0.0000000000000000e+00;+5.6086699410771964e-06;+4.3793400863382384e-05;+1.2530433309992134e-13;+4.5610075078475011e-05
+11500;+0.0000000000000000e+00;+4.5490314623078953e-05;+0.0000000000000000e+00;+5.5776557203743812e-06;+4.5490314623078953e-05;+1.1852010403003731e-13;+4.6521214863349176e-05
+11600;+0.0000000000000000e+00;+4.7443812356768171e-05;+0.0000000000000000e+00;+5.7399610995075359e-06;+4.7443812356768171e-05;+1.2294036826693823e-13;+4.8384860621404304e-05
+11700;+0.0000000000000000e+00;+5.0092072400123820e-05;+0.0000000000000000e+00;+5.7444746118313350e-06;+5.0092072400123820e-05;+1.3475536723048325e-13;+5.1009331778379014e-05
+11800;+0.0000000000000000e+00;+4.7225815583801215e-05;+0.0000000000000000e+00;+5.7759435106282737e-06;+4.7225815583801215e-05;+1.2067977572470288e-13;+4.8120987982274741e-05
+11900;+0.0000000000000000e+00;+4.8403426165911016e-05;+0.0000000000000000e+00;+5.8306410859596726e-06;+4.8403426165911016e-05;+1.2793190378013606e-13;+5.0730759801975172e-05
+12000;+0.0000000000000000e+00;+4.8668741092483857e-05;+0.0000000000000000e+00;+5.9029028548708153e-06;+4.8668741092483857e-05;+1.3317369839785775e-13;+4.9993000756194241e-05
+12100;+0.0000000000000000e+00;+4.8227458922514103e-05;+0.0000000000000000e+00;+6.0189607829651082e-06;+4.8227458922514103e-05;+1.3360052045439129e-13;+5.3361069449973888e-05
+12200;+0.0000000000000000e+00;+5.4343739005500476e-05;+0.0000000000000000e+00;+6.0877492589148624e-06;+5.4343739005500476e-05;+1.4009902896987179e-13;+5.4575653248441456e-05
+12300;+0.0000000000000000e+00;+5.3982386729095998e-05;+0.0000000000000000e+00;+6.0987506642150665e-06;+5.3982386729095998e-05;+1.4200078734439203e-13;+5.3352184101596273e-05
+12400;+0.0000000000000000e+00;+5.1746679377323572e-05;+0.0000000000000000e+00;+6.2012474825063293e-06;+5.1746679377323572e-05;+1.4203888018810326e-13;+5.3315744432208105e-05
+12500;+0.0000000000000000e+00;+5.0751313110962575e-05;+0.0000000000000000e+00;+6.2035115373682660e-06;+5.0751313110962575e-05;+1.3901528139536089e-13;+5.4244605609314261e-05
+12600;+0.0000000000000000e+00;+5.1397259016380158e-05;+0.0000000000000000e+00;+6.3338048456267780e-06;+5.1397259016380158e-05;+1.3883096970587135e-13;+5.3562683963103574e-05
+12700;+0.0000000000000000e+00;+5.3661362341496407e-05;+0.0000000000000000e+00;+6.3121434111782421e-06;+5.3661362341496407e-05;+1.4459880758426427e-13;+5.4986814558743791e-05
+12800;+0.0000000000000000e+00;+5.2389599050748944e-05;+0.0000000000000000e+00;+6.3464716432342079e-06;+5.2389599050748944e-05;+1.4788632102469515e-13;+5.5900777524890070e-05
+12900;+0.0000000000000000e+00;+5.7711670774335006e-05;+0.0000000000000000e+00;+6.6300481433796773e-06;+5.7711670774335006e-05;+1.5240947901748363e-13;+5.7167664547728319e-05
+13000;+0.0000000000000000e+00;+5.7447313907824045e-05;+0.0000000000000000e+00;+6.7511148206931250e-06;+5.7447313907824045e-05;+1.6165494621529304e-13;+5.9149925515017258e-05
+13100;+0.0000000000000000e+00;+5.7737659061989858e-05;+0.0000000000000000e+00;+6.8860039105144571e-06;+5.7737659061989858e-05;+1.5489765772407883e-13;+5.6662157226880367e-05
+13200;+0.0000000000000000e+00;+6.0978155686276267e-05;+0.0000000000000000e+00;+6.8688394394820276e-06;+6.0978155686276267e-05;+1.6123176112405348e-13;+5.9633220241741643e-05
+13300;+0.0000000000000000e+00;+6.1682946343700733e-05;+0.0000000000000000e+00;+6.9508611901971815e-06;+6.1682946343700733e-05;+1.5528035983183225e-13;+6.1036059959913814e-05
+13400;+0.0000000000000000e+00;+6.2594281649206986e-05;+0.0000000000000000e+00;+6.9681301150243085e-06;+6.2594281649206986e-05;+1.6458600629877046e-13;+5.9218941876796311e-05
+13500;+0.0000000000000000e+00;+6.5146411406198052e-05;+0.0000000000000000e+00;+7.0129815794773096e-06;+6.5146411406198052e-05;+1.6040695963234756e-13;+6.5309848020957744e-05
+13600;+0.0000000000000000e+00;+6.2469826517327711e-05;+0.0000000000000000e+00;+6.9260153626592414e-06;+6.2469826517327711e-05;+1.6868708341846863e-13;+6.2421799880764018e-05
+13700;+0.0000000000000000e+00;+6.6503431879776242e-05;+0.0000000000000000e+00;+7.1147471050961966e-06;+6.6503431879776242e-05;+1.7646219247373793e-13;+6.2093731190090249e-05
+13800;+0.0000000000000000e+00;+6.3952163738031638e-05;+0.0000000000000000e+00;+7.1747637304380048e-06;+6.3952163738031638e-05;+1.6552310891595163e-13;+6.7182557871891689e-05
+13900;+0.0000000000000000e+00;+6.6651076752291774e-05;+0.0000000000000000e+00;+7.2166068257785624e-06;+6.6651076752291774e-05;+1.7366632218601214e-13;+6.6754324747429717e-05
+14000;+0.0000000000000000e+00;+6.2741038426552347e-05;+0.0000000000000000e+00;+7.2243452117186704e-06;+6.2741038426552347e-05;+1.6869505376654488e-13;+6.4314077894288900e-05
+14100;+0.0000000000000000e+00;+6.4185236999226894e-05;+0.0000000000000000e+00;+7.3058850208341564e-06;+6.4185236999226894e-05;+1.6746994191236741e-13;+6.4740254535803127e-05
+14200;+0.0000000000000000e+00;+6.4586427550461948e-05;+0.0000000000000000e+00;+7.3942604650421320e-06;+6.4586427550461948e-05;+1.7270609953624488e-13;+7.0159053253052904e-05
+14300;+0.0000000000000000e+00;+6.5660226596296080e-05;+0.0000000000000000e+00;+7.3629023947354824e-06;+6.5660226596296080e-05;+1.6882676177458800e-13;+6.6811198502868095e-05
+14400;+0.0000000000000000e+00;+6.5807066041937302e-05;+0.0000000000000000e+00;+7.4242675522462378e-06;+6.5807066041937302e-05;+1.7024955707465424e-13;+6.7811497259961010e-05
+14500;+0.0000000000000000e+00;+7.0598934343297601e-05;+0.0000000000000000e+00;+7.5416002305160431e-06;+7.0598934343297601e-05;+1.7445658489767633e-13;+7.0692508851151123e-05
+14600;+0.0000000000000000e+00;+6.8802228124633898e-05;+0.0000000000000000e+00;+7.5786483579634116e-06;+6.8802228124633898e-05;+1.7168773380894161e-13;+7.0309625643162637e-05
+14700;+0.0000000000000000e+00;+7.0329196373623414e-05;+0.0000000000000000e+00;+7.6048334234859574e-06;+7.0329196373623414e-05;+1.7269463038681392e-13;+7.1121864717829282e-05
+14800;+0.0000000000000000e+00;+6.9352983533358011e-05;+0.0000000000000000e+00;+7.6828625218489299e-06;+6.9352983533358011e-05;+1.8317849022467050e-13;+6.9718120505464750e-05
+14900;+0.0000000000000000e+00;+6.9167989708084960e-05;+0.0000000000000000e+00;+7.7501083652615531e-06;+6.9167989708084960e-05;+1.8561348736917361e-13;+7.1889070881784318e-05
+15000;+0.0000000000000000e+00;+7.4410809800292552e-05;+0.0000000000000000e+00;+7.7884544251922343e-06;+7.4410809800292552e-05;+1.8960576983107335e-13;+7.5135234640131128e-05
+15100;+0.0000000000000000e+00;+7.1504885829098901e-05;+0.0000000000000000e+00;+7.8592335781645875e-06;+7.1504885829098901e-05;+1.8273356723449820e-13;+7.2975270307346180e-05
+15200;+0.0000000000000000e+00;+7.4012200889615160e-05;+0.0000000000000000e+00;+7.9078385541892286e-06;+7.4012200889615160e-05;+1.9336204819263618e-13;+7.5423907336145900e-05
+15300;+0.0000000000000000e+00;+7.5183956665355239e-05;+0.0000000000000000e+00;+7.9542477584577102e-06;+7.5183956665355239e-05;+1.9461873841350064e-13;+7.6043609322872950e-05
+15400;+0.0000000000000000e+00;+7.6122772011309170e-05;+0.0000000000000000e+00;+8.1083852795214392e-06;+7.6122772011309170e-05;+2.1240975573826872e-13;+7.4097434492537427e-05
+15500;+0.0000000000000000e+00;+7.4474853066576246e-05;+0.0000000000000000e+00;+8.0690740511663373e-06;+7.4474853066576246e-05;+1.9645466749396073e-13;+7.5650786098306657e-05
+15600;+0.0000000000000000e+00;+8.0524911688920921e-05;+0.0000000000000000e+00;+8.0943263610021396e-06;+8.0524911688920921e-05;+2.0374267277494224e-13;+7.7036435755301213e-05
+15700;+0.0000000000000000e+00;+7.7112195816969345e-05;+0.0000000000000000e+00;+8.2333877625156517e-06;+7.7112195816969345e-05;+2.0377114964527864e-13;+8.0034039825435484e-05
+15800;+0.0000000000000000e+00;+8.0948811091356566e-05;+0.0000000000000000e+00;+8.2977656469908783e-06;+8.0948811091356566e-05;+2.1324689432685811e-13;+8.0234433300779471e-05
+15900;+0.0000000000000000e+00;+7.6777914177420829e-05;+0.0000000000000000e+00;+8.3879599540411872e-06;+7.6777914177420829e-05;+2.1568895093093578e-13;+8.2249718882964473e-05
+16000;+0.0000000000000000e+00;+8.1056810855390513e-05;+0.0000000000000000e+00;+8.5458678513490294e-06;+8.1056810855390513e-05;+2.0995066195211839e-13;+8.4790433891875845e-05
+16100;+0.0000000000000000e+00;+8.0562467147803966e-05;+0.0000000000000000e+00;+8.5992841612682177e-06;+8.0562467147803966e-05;+2.1361527820565721e-13;+8.3075294881828889e-05
+16200;+0.0000000000000000e+00;+8.1656850572071047e-05;+0.0000000000000000e+00;+8.6382759974886110e-06;+8.1656850572071047e-05;+2.1760546481972847e-13;+8.7325330435004196e-05
+16300;+0.0000000000000000e+00;+8.2549812501832442e-05;+0.0000000000000000e+00;+8.7292194273376202e-06;+8.2549812501832442e-05;+2.3003107067669963e-13;+8.8275873112327098e-05
+16400;+0.0000000000000000e+00;+8.3257207557801681e-05;+0.0000000000000000e+00;+8.8200815405689783e-06;+8.3257207557801681e-05;+2.2271815319243741e-13;+8.5392280055426520e-05
+16500;+0.0000000000000000e+00;+8.5963315594631297e-05;+0.0000000000000000e+00;+8.9407433366073729e-06;+8.5963315594631297e-05;+2.2066175763747160e-13;+8.3263017616437652e-05
+16600;+0.0000000000000000e+00;+8.7051102496294794e-05;+0.0000000000000000e+00;+8.9448991315054534e-06;+8.7051102496294794e-05;+2.2233109700155308e-13;+8.6175977342509787e-05
+16700;+0.0000000000000000e+00;+8.5859109546748577e-05;+0.0000000000000000e+00;+8.9399054208801201e-06;+8.5859109546748577e-05;+2.2981075265762083e-13;+9.0515961683715609e-05
+16800;+0.0000000000000000e+00;+8.1885257356348369e-05;+0.0000000000000000e+00;+8.9951936280752581e-06;+8.1885257356348369e-05;+2.3180918103064500e-13;+9.0503980716828924e-05
+16900;+0.0000000000000000e+00;+8.8799959487975320e-05;+0.0000000000000000e+00;+9.0790305152661840e-06;+8.8799959487975320e-05;+2.3450629266954506e-13;+8.9247537670526504e-05
+17000;+0.0000000000000000e+00;+9.2190688634201295e-05;+0.0000000000000000e+00;+9.1168186255104075e-06;+9.2190688634201295e-05;+2.4431558070104009e-13;+8.9833522705371681e-05
+17100;+0.0000000000000000e+00;+8.8171399429508844e-05;+0.0000000000000000e+00;+9.1833341016625718e-06;+8.8171399429508844e-05;+2.3557601120367839e-13;+9.0154911282982293e-05
+17200;+0.0000000000000000e+00;+9.0581375957435003e-05;+0.0000000000000000e+00;+9.3161741626157412e-06;+9.0581375957435003e-05;+2.3835900018186405e-13;+9.3271464989139053e-05
+17300;+0.0000000000000000e+00;+9.3338438574206770e-05;+0.0000000000000000e+00;+9.4216173092447999e-06;+9.3338438574206770e-05;+2.3820629175691839e-13;+9.4104131831144951e-05
+17400;+0.0000000000000000e+00;+8.9027333487178614e-05;+0.0000000000000000e+00;+9.5162074810357177e-06;+8.9027333487178614e-05;+2.4175459414217472e-13;+9.2714132037341313e-05
+17500;+0.0000000000000000e+00;+9.1970377443119377e-05;+0.0000000000000000e+00;+9.5644600344022976e-06;+9.1970377443119377e-05;+2.3312012709874663e-13;+9.3081356874172804e-05
+17600;+0.0000000000000000e+00;+9.4840078643927423e-05;+0.0000000000000000e+00;+9.6035660749749597e-06;+9.4840078643927423e-05;+2.3712400645091825e-13;+9.8382633552163119e-05
+17700;+0.0000000000000000e+00;+9.6613601361534765e-05;+0.0000000000000000e+00;+9.7239741783681617e-06;+9.6613601361534765e-05;+2.3837932261906734e-13;+9.4111195485975207e-05
+17800;+0.0000000000000000e+00;+9.5186664611487731e-05;+0.0000000000000000e+00;+9.8897754096777812e-06;+9.5186664611487731e-05;+2.5838698022412307e-13;+9.5419001932477265e-05
+17900;+0.0000000000000000e+00;+9.7483308166213984e-05;+0.0000000000000000e+00;+9.7326837960992698e-06;+9.7483308166213984e-05;+2.5470491229997802e-13;+1.0012109914419623e-04
+18000;+0.0000000000000000e+00;+9.5620484026817361e-05;+0.0000000000000000e+00;+9.7215871946994401e-06;+9.5620484026817361e-05;+2.5401796590211686e-13;+9.8918023457230709e-05
+18100;+0.0000000000000000e+00;+9.3447883258702345e-05;+0.0000000000000000e+00;+9.8986412292745623e-06;+9.3447883258702345e-05;+2.6095962769014480e-13;+9.7671850122990213e-05
+18200;+0.0000000000000000e+00;+9.9951562580415649e-05;+0.0000000000000000e+00;+9.9122368642521224e-06;+9.9951562580415649e-05;+2.5289046700753582e-13;+9.9286649227939039e-05
+18300;+0.0000000000000000e+00;+9.7625490756585219e-05;+0.0000000000000000e+00;+1.0130807534312534e-05;+9.7625490756585219e-05;+2.6246444394730465e-13;+1.0217429033571927e-04
+18400;+0.0000000000000000e+00;+1.0032169862683283e-04;+0.0000000000000000e+00;+1.0121128386217890e-05;+1.0032169862683283e-04;+2.6082946355556688e-13;+1.0104244492687274e-04
+18500;+0.0000000000000000e+00;+1.0152118455141203e-04;+0.0000000000000000e+00;+1.0109246670741368e-05;+1.0152118455141203e-04;+2.6087814860066439e-13;+1.0019228100443723e-04
+18600;+0.0000000000000000e+00;+1.0352517600920829e-04;+0.0000000000000000e+00;+1.0271043244476058e-05;+1.0352517600920829e-04;+2.6977289145723439e-13;+1.0428701480205494e-04
+18700;+0.0000000000000000e+00;+1.0514948173856453e-04;+0.0000000000000000e+00;+1.0379973142391844e-05;+1.0514948173856453e-04;+2.7133238396405575e-13;+1.0159234553406754e-04
+18800;+0.0000000000000000e+00;+1.0348393144152161e-04;+0.0000000000000000e+00;+1.0481002957877568e-05;+1.0348393144152161e-04;+2.7564427190344167e-13;+1.0512009494734005e-04
+18900;+0.0000000000000000e+00;+1.0211756228787167e-04;+0.0000000000000000e+00;+1.0601509080593242e-05;+1.0211756228787167e-04;+2.7171870658121595e-13;+1.0689052956433943e-04
+19000;+0.0000000000000000e+00;+1.0804974621115817e-04;+0.0000000000000000e+00;+1.0636698712271771e-05;+1.0804974621115817e-04;+2.7684032838938331e-13;+1.1136619976944254e-04
+19100;+0.0000000000000000e+00;+1.1280105009869625e-04;+0.0000000000000000e+00;+1.0685165439614455e-05;+1.1280105009869625e-04;+2.8700166842698071e-13;+1.0827403080913713e-04
+19200;+0.0000000000000000e+00;+1.0549311599870512e-04;+0.0000000000000000e+00;+1.0778968253906578e-05;+1.0549311599870512e-04;+2.7338419094757544e-13;+1.0765645150745965e-04
+19300;+0.0000000000000000e+00;+1.0946931961149854e-04;+0.0000000000000000e+00;+1.0755754071408437e-05;+1.0946931961149854e-04;+2.8146010384859427e-13;+1.0407726068263729e-04
+19400;+0.0000000000000000e+00;+1.0072169444188972e-04;+0.0000000000000000e+00;+1.0688909795199415e-05;+1.0072169444188972e-04;+2.8410865402643327e-13;+1.0953771807427271e-04
+19500;+0.0000000000000000e+00;+1.1153058271310179e-04;+0.0000000000000000e+00;+1.0753584453121455e-05;+1.1153058271310179e-04;+2.9318598881916223e-13;+1.1707949390596316e-04
+19600;+0.0000000000000000e+00;+1.1253961436265786e-04;+0.0000000000000000e+00;+1.0803073268663058e-05;+1.1253961436265786e-04;+2.9159294877063301e-13;+1.0828562347168195e-04
+19700;+0.0000000000000000e+00;+1.0910249609837301e-04;+0.0000000000000000e+00;+1.0970314155992954e-05;+1.0910249609837301e-04;+2.9583360934840721e-13;+1.1190002138988483e-04
+19800;+0.0000000000000000e+00;+1.1255782050808739e-04;+0.0000000000000000e+00;+1.1035876269481951e-05;+1.1255782050808739e-04;+2.9261843287995366e-13;+1.1232922956966244e-04
+19900;+0.0000000000000000e+00;+1.1229877835996524e-04;+0.0000000000000000e+00;+1.1112583583789161e-05;+1.1229877835996524e-04;+2.9607307895621310e-13;+1.1214043244076029e-04
+20000;+0.0000000000000000e+00;+1.1211340221056671e-04;+0.0000000000000000e+00;+1.1092561470145293e-05;+1.1211340221056671e-04;+2.9499973075814813e-13;+1.1350877252298102e-04
+20100;+0.0000000000000000e+00;+1.1130996620526006e-04;+0.0000000000000000e+00;+1.1119939653043837e-05;+1.1130996620526006e-04;+3.0289150126986238e-13;+1.1332377988976849e-04
+20200;+0.0000000000000000e+00;+1.1493518257641861e-04;+0.0000000000000000e+00;+1.1108378253964737e-05;+1.1493518257641861e-04;+2.9899331379154495e-13;+1.1401996886915195e-04
+20300;+0.0000000000000000e+00;+1.1670222066908889e-04;+0.0000000000000000e+00;+1.1193602940298964e-05;+1.1670222066908889e-04;+2.9918676919573874e-13;+1.1455795771209644e-04
+20400;+0.0000000000000000e+00;+1.1498697315384134e-04;+0.0000000000000000e+00;+1.1218584597011052e-05;+1.1498697315384134e-04;+2.9798801519067600e-13;+1.1441948383549545e-04
+20500;+0.0000000000000000e+00;+1.1744094738080099e-04;+0.0000000000000000e+00;+1.1278246051942416e-05;+1.1744094738080099e-04;+3.1030429240128333e-13;+1.1627558264319466e-04
+20600;+0.0000000000000000e+00;+1.1862866255723954e-04;+0.0000000000000000e+00;+1.1366684738222700e-05;+1.1862866255723954e-04;+3.1401175922290267e-13;+1.2226931779047153e-04
+20700;+0.0000000000000000e+00;+1.1541593884219507e-04;+0.0000000000000000e+00;+1.1458093947233679e-05;+1.1541593884219507e-04;+3.2054820417123268e-13;+1.1797824192450732e-04
+20800;+0.0000000000000000e+00;+1.2118341297413622e-04;+0.0000000000000000e+00;+1.1525247943253569e-05;+1.2118341297413622e-04;+3.1909752113895098e-13;+1.1868189263179900e-04
+20900;+0.0000000000000000e+00;+1.2127519102050659e-04;+0.0000000000000000e+00;+1.1612411069355919e-05;+1.2127519102050659e-04;+3.0860006365290308e-13;+1.2163937297284067e-04
+21000;+0.0000000000000000e+00;+1.2220976333603362e-04;+0.0000000000000000e+00;+1.1763988587076386e-05;+1.2220976333603362e-04;+3.2526446707852918e-13;+1.2043135330300993e-04
+21100;+0.0000000000000000e+00;+1.2172209515045300e-04;+0.0000000000000000e+00;+1.1780851539189163e-05;+1.2172209515045300e-04;+3.2772626953634465e-13;+1.2350815318289685e-04
+21200;+0.0000000000000000e+00;+1.2073625873755385e-04;+0.0000000000000000e+00;+1.1836973103744026e-05;+1.2073625873755385e-04;+3.1595902909736933e-13;+1.2153504361356493e-04
+21300;+0.0000000000000000e+00;+1.2042047693537303e-04;+0.0000000000000000e+00;+1.1904082317571869e-05;+1.2042047693537303e-04;+3.2102732166821920e-13;+1.2149098975312701e-04
+21400;+0.0000000000000000e+00;+1.2020354655615359e-04;+0.0000000000000000e+00;+1.1917837846177419e-05;+1.2020354655615359e-04;+3.2216423815431333e-13;+1.2826610541490210e-04
+21500;+0.0000000000000000e+00;+1.2558726332696264e-04;+0.0000000000000000e+00;+1.1893487145392121e-05;+1.2558726332696264e-04;+3.3341721655543588e-13;+1.2744249215123707e-04
+21600;+0.0000000000000000e+00;+1.2533955272514847e-04;+0.0000000000000000e+00;+1.1982400772269885e-05;+1.2533955272514847e-04;+3.4982092949137151e-13;+1.2674659595939792e-04
+21700;+0.0000000000000000e+00;+1.2502395057187738e-04;+0.0000000000000000e+00;+1.2068807029019120e-05;+1.2502395057187738e-04;+3.2814801899714423e-13;+1.2884537128045377e-04
+21800;+0.0000000000000000e+00;+1.3248981490883311e-04;+0.0000000000000000e+00;+1.2181569094222585e-05;+1.3248981490883311e-04;+3.2620649921261895e-13;+1.2673007608632200e-04
+21900;+0.0000000000000000e+00;+1.2880578968346292e-04;+0.0000000000000000e+00;+1.2219609750787321e-05;+1.2880578968346292e-04;+3.4506700104060129e-13;+1.3033815891089689e-04
+22000;+0.0000000000000000e+00;+1.3511616665007814e-04;+0.0000000000000000e+00;+1.2270811650488686e-05;+1.3511616665007814e-04;+3.4025513605262429e-13;+1.3643589380709406e-04
+22100;+0.0000000000000000e+00;+1.2799126834541342e-04;+0.0000000000000000e+00;+1.2330942826635780e-05;+1.2799126834541342e-04;+3.5358633992047226e-13;+1.3026126627238994e-04
+22200;+0.0000000000000000e+00;+1.3248105356223708e-04;+0.0000000000000000e+00;+1.2409142400770960e-05;+1.3248105356223708e-04;+3.3425309343510438e-13;+1.3486319692366847e-04
+22300;+0.0000000000000000e+00;+1.2710294710037952e-04;+0.0000000000000000e+00;+1.2456166473748666e-05;+1.2710294710037952e-04;+3.5024692873735543e-13;+1.3233329900407142e-04
+22400;+0.0000000000000000e+00;+1.3213208559792488e-04;+0.0000000000000000e+00;+1.2454250353277957e-05;+1.3213208559792488e-04;+3.4803658940677273e-13;+1.3010763537878441e-04
+22500;+0.0000000000000000e+00;+1.3605170800727763e-04;+0.0000000000000000e+00;+1.2483975200039225e-05;+1.3605170800727763e-04;+3.4841473174732304e-13;+1.2770200007561637e-04
+22600;+0.0000000000000000e+00;+1.2930225080671955e-04;+0.0000000000000000e+00;+1.2421985744149111e-05;+1.2930225080671955e-04;+3.4757714436170257e-13;+1.3701522706410584e-04
+22700;+0.0000000000000000e+00;+1.3633238024749015e-04;+0.0000000000000000e+00;+1.2328941463087290e-05;+1.3633238024749015e-04;+3.5690697287133623e-13;+1.3510917984128451e-04
+22800;+0.0000000000000000e+00;+1.3068768766484514e-04;+0.0000000000000000e+00;+1.2473403881740386e-05;+1.3068768766484514e-04;+3.5842588029400086e-13;+1.4204823974294699e-04
+22900;+0.0000000000000000e+00;+1.3427976537648602e-04;+0.0000000000000000e+00;+1.2638621912592356e-05;+1.3427976537648602e-04;+3.5724785827487613e-13;+1.3696069637220365e-04
+23000;+0.0000000000000000e+00;+1.4514149516496212e-04;+0.0000000000000000e+00;+1.2844718096014700e-05;+1.4514149516496212e-04;+3.7093674385656294e-13;+1.3874342351401337e-04
+23100;+0.0000000000000000e+00;+1.4145253787773522e-04;+0.0000000000000000e+00;+1.3098732374686606e-05;+1.4145253787773522e-04;+3.7397865465001512e-13;+1.4422541606299221e-04
+23200;+0.0000000000000000e+00;+1.4306333880438851e-04;+0.0000000000000000e+00;+1.3139796733548582e-05;+1.4306333880438851e-04;+3.7444611416293511e-13;+1.4506105217263761e-04
+23300;+0.0000000000000000e+00;+1.4565158776980240e-04;+0.0000000000000000e+00;+1.3269410296949742e-05;+1.4565158776980240e-04;+3.8494794247193741e-13;+1.5397009755783778e-04
+23400;+0.0000000000000000e+00;+1.4474317818469307e-04;+0.0000000000000000e+00;+1.3216108277832325e-05;+1.4474317818469307e-04;+3.8715310302790119e-13;+1.5095588625165313e-04
+23500;+0.0000000000000000e+00;+1.5151803422240023e-04;+0.0000000000000000e+00;+1.3377556890922087e-05;+1.5151803422240023e-04;+3.7239745574118250e-13;+1.5381003847193494e-04
+23600;+0.0000000000000000e+00;+1.5177136641428629e-04;+0.0000000000000000e+00;+1.3622472271502512e-05;+1.5177136641428629e-04;+3.8838983457103148e-13;+1.4955197106918615e-04
+23700;+0.0000000000000000e+00;+1.4993031882280751e-04;+0.0000000000000000e+00;+1.3554629829209409e-05;+1.4993031882280751e-04;+3.9853796843551599e-13;+1.4960824316845127e-04
+23800;+0.0000000000000000e+00;+1.4864905979932426e-04;+0.0000000000000000e+00;+1.3589659281475172e-05;+1.4864905979932426e-04;+3.9607878739224541e-13;+1.5592250575446748e-04
+23900;+0.0000000000000000e+00;+1.5077943105241761e-04;+0.0000000000000000e+00;+1.3577075010678528e-05;+1.5077943105241761e-04;+4.1355079059123473e-13;+1.5522828151517460e-04
+24000;+0.0000000000000000e+00;+1.5935658830983556e-04;+0.0000000000000000e+00;+1.3596923578919760e-05;+1.5935658830983556e-04;+4.2653208426504157e-13;+1.5671585956853650e-04
