Vector Size;DOT fp64;DOT fp32;DOT Acc<fp64, fp64>;DOT Acc<fp64, fp32>;DOT Acc<fp32, fp32>;CUBLAS DOT fp64;CUBLAS DOT fp32;Error DOT fp64;Error DOT fp32;Error DOT Acc<fp64, fp64>;Error DOT Acc<fp64, fp32>;Error DOT Acc<fp32, fp32>;Error CUBLAS DOT fp64;Error CUBLAS DOT fp32
1000000;2.8416000306606293e-02;2.8000000864267349e-02;2.9823999851942062e-02;3.1840000301599503e-02;2.8991999104619026e-02;1.3024000450968742e-02;1.1424000374972820e-02;0.0000000000000000e+00;2.5008521732559173e-07;1.6957223754469603e-15;1.0024502161555698e-08;4.6521651126406371e-07;1.2112302681764003e-16;1.0024502161555698e-08
3000000;3.9615999907255173e-02;3.2703999429941177e-02;4.2208001017570496e-02;3.8880001753568649e-02;3.6320000886917114e-02;3.4495998173952103e-02;1.4399999752640724e-02;0.0000000000000000e+00;1.4364510086582340e-07;7.7875920493776627e-16;3.9121809719990022e-08;3.7897135486334347e-07;5.8406940370332473e-16;1.6992477257167673e-07
5000000;5.3183998912572861e-02;4.2208001017570496e-02;5.6223999708890915e-02;4.9440000206232071e-02;4.5823998749256134e-02;5.1231998950242996e-02;1.8688000738620758e-02;0.0000000000000000e+00;5.2447479127377328e-07;1.2963524722309951e-15;5.5503487092984217e-08;1.4524400366605854e-06;2.8087636898338229e-15;1.7149914276633573e-07
7000000;6.5471999347209930e-02;4.9952000379562378e-02;6.7039996385574341e-02;5.6384000927209854e-02;5.3056001663208008e-02;6.7103996872901917e-02;3.8656000047922134e-02;0.0000000000000000e+00;3.5276408699903591e-07;4.1141349646604640e-16;1.5362478095689278e-08;2.0551346096114583e-07;1.7827918180195343e-15;2.3623841715252438e-07
9000000;8.0672003328800201e-02;5.8720000088214874e-02;8.2304000854492188e-02;6.4864002168178558e-02;6.1184000223875046e-02;8.3488002419471741e-02;4.6624001115560532e-02;0.0000000000000000e+00;8.6703088029121911e-06;1.3243282248736609e-14;1.0936904563861089e-07;9.6860135198768516e-06;3.3783883287593389e-14;1.8505771318637456e-06
11000000;9.6896000206470490e-02;6.4223997294902802e-02;9.7503997385501862e-02;7.2544001042842865e-02;6.8736001849174500e-02;9.9487997591495514e-02;5.4816000163555145e-02;0.0000000000000000e+00;3.7567468056461813e-06;2.6662695027125202e-15;5.1836703258033305e-08;5.3758081303099019e-07;4.0778239453250310e-15;7.9018832001200029e-07
13000000;1.1161600053310394e-01;6.4319998025894165e-02;1.1190400272607803e-01;6.9151997566223145e-02;6.5600000321865082e-02;1.1593600362539291e-01;6.2912002205848694e-02;0.0000000000000000e+00;2.2887980077562256e-06;8.3397810195677898e-16;6.1829559217990262e-08;5.0956814340355521e-07;1.8764507294027524e-15;6.1829559217990262e-08
15000000;1.2950399518013000e-01;6.7423999309539795e-02;1.2995199859142303e-01;7.1359999477863312e-02;6.8127997219562531e-02;1.3609600067138672e-01;7.1391999721527100e-02;0.0000000000000000e+00;2.0874735941634927e-06;1.3942009902365246e-15;1.5804427725526548e-07;5.9046167988432062e-07;2.2307215843784393e-15;8.3430858273482536e-09
17000000;1.4588800072669983e-01;7.6352000236511230e-02;1.4668799936771393e-01;7.9488001763820648e-02;7.6287999749183655e-02;1.5174399316310883e-01;7.9424001276493073e-02;0.0000000000000000e+00;1.7027070280203554e-05;2.7446455397260665e-14;5.7862745625239848e-07;1.1955863866985263e-05;2.4594875615727089e-14;9.5230278170029307e-07
19000000;1.6172799468040466e-01;8.4384001791477203e-02;1.6214400529861450e-01;8.7967999279499054e-02;8.5440002381801605e-02;1.6857600212097168e-01;8.7488003075122833e-02;0.0000000000000000e+00;1.6637907497563395e-06;3.9697062990309359e-15;1.8751230085410489e-08;1.1029434231424228e-06;1.6714552838024995e-15;1.7012932099271605e-06
21000000;1.7811200022697449e-01;9.1743998229503632e-02;1.7881600558757782e-01;9.6992000937461853e-02;9.3408003449440002e-02;1.8521599471569061e-01;9.5871999859809875e-02;0.0000000000000000e+00;4.8380568195122837e-07;3.6536824103726801e-16;2.6109326794362586e-08;1.7261243602341497e-06;4.1408400650890376e-15;2.6109326794362586e-08
23000000;1.9353599846363068e-01;1.0175999999046326e-01;1.9462400674819946e-01;1.0572800040245056e-01;1.0239999741315842e-01;2.0220799744129181e-01;1.0639999806880951e-01;0.0000000000000000e+00;5.4242732135856778e-07;8.2879504589393341e-16;1.2500660686666903e-07;1.5435782136964231e-06;3.9367764679961835e-15;4.5872357097928740e-07
25000000;2.1055999398231506e-01;1.0876800119876862e-01;2.1046400070190430e-01;1.1228799819946289e-01;1.1068800091743469e-01;2.1843199431896210e-01;1.1430399864912033e-01;0.0000000000000000e+00;1.7573330578782055e-06;1.0390225887906014e-14;1.1258375807092118e-06;3.1904127433943287e-08;4.1756945549509076e-14;4.6628709600065641e-06
27000000;2.2588799893856049e-01;1.1561600118875504e-01;2.2691200673580170e-01;1.1968000233173370e-01;1.1686400324106216e-01;2.3395200073719025e-01;1.2201599776744843e-01;0.0000000000000000e+00;7.1768434981800122e-07;1.4311178307166660e-15;5.0641185138316820e-08;1.4860098847743193e-06;2.0444540438809515e-15;3.8840197769386491e-07
29000000;2.4150399863719940e-01;1.2579199671745300e-01;2.4262399971485138e-01;1.2745599448680878e-01;1.2438400089740753e-01;2.5046399235725403e-01;1.3113600015640259e-01;0.0000000000000000e+00;2.4598798853703181e-07;1.2366079077096496e-15;2.4688383470867980e-08;6.8858719866935942e-07;2.7480175726881103e-16;1.9661122159529583e-07
31000000;2.5676798820495605e-01;1.3376000523567200e-01;2.5750398635864258e-01;1.3676799833774567e-01;1.3494400680065155e-01;2.6793599128723145e-01;1.3920000195503235e-01;0.0000000000000000e+00;2.0356835113039267e-07;1.2422159350191151e-16;7.0186430743463637e-08;6.0371411229117974e-07;3.7266478050573454e-16;3.4954705499991338e-09
33000000;2.7459201216697693e-01;1.4224000275135040e-01;2.7475199103355408e-01;1.4537599682807922e-01;1.4252799749374390e-01;2.8384000062942505e-01;1.4764800667762756e-01;0.0000000000000000e+00;6.2726537491715984e-07;1.0266920415958251e-15;4.6424849511908844e-08;5.0477624320278374e-07;2.3956147637235917e-15;1.4819716345279215e-08
35000000;2.9036799073219299e-01;1.5017600357532501e-01;2.9078400135040283e-01;1.5302400290966034e-01;1.5129600465297699e-01;3.0121600627899170e-01;1.5488000214099884e-01;0.0000000000000000e+00;4.1413158774721229e-07;4.7330211336219226e-16;3.0547152444290947e-08;2.2112375538350663e-07;1.3015808117460288e-15;1.6002945049492474e-07
37000000;3.0643200874328613e-01;1.5875199437141418e-01;3.0675199627876282e-01;1.6176000237464905e-01;1.5843200683593750e-01;3.1590399146080017e-01;1.6428799927234650e-01;0.0000000000000000e+00;3.1363148406962332e-07;4.8929014480554153e-16;3.6616044296194196e-08;3.1363148406962332e-07;1.3047737194814441e-15;2.2606960197816894e-07
39000000;3.2278400659561157e-01;1.6595199704170227e-01;3.2284799218177795e-01;1.7030400037765503e-01;1.6716800630092621e-01;3.3462399244308472e-01;1.7193600535392761e-01;0.0000000000000000e+00;1.4716486630596558e-07;1.2474963273651495e-15;7.6083297357093883e-08;1.1517816027897332e-06;1.0395802728042912e-15;3.7041302996902504e-07
41000000;3.3840000629425049e-01;1.7427200078964233e-01;3.3855998516082764e-01;1.7737600207328796e-01;1.7465600371360779e-01;3.5023999214172363e-01;1.8108800053596497e-01;0.0000000000000000e+00;1.7971315417760845e-08;1.2913174265963976e-15;1.7971315417760845e-08;2.1311893941500618e-07;3.7304725657229267e-15;2.1311893941500618e-07
43000000;3.5484799742698669e-01;1.8208000063896179e-01;3.5513600707054138e-01;1.8559999763965607e-01;1.8131199479103088e-01;3.6739200353622437e-01;1.8911999464035034e-01;0.0000000000000000e+00;2.3473072527304297e-07;1.1525721878067834e-15;1.2782267372422229e-08;1.2247826958549039e-06;0.0000000000000000e+00;2.3473072527304297e-07
45000000;3.7065601348876953e-01;1.9046400487422943e-01;3.7043198943138123e-01;1.9334399700164795e-01;1.9078400731086731e-01;3.8211199641227722e-01;1.9740800559520721e-01;0.0000000000000000e+00;2.8184579892320313e-07;5.9524782860937022e-16;3.7725445688329163e-08;3.7725445688329163e-08;7.1429739433124432e-16;9.0103052156283759e-08
47000000;3.8636800646781921e-01;1.9843199849128723e-01;3.8665598630905151e-01;2.0163199305534363e-01;1.9926400482654572e-01;3.9711999893188477e-01;2.0508800446987152e-01;0.0000000000000000e+00;1.6001878670164381e-07;1.5786226210875632e-15;5.1860354870133835e-08;1.6001878670164381e-07;7.8931131054378160e-16;1.6001878670164381e-07
49000000;4.0281599760055542e-01;2.0729599893093109e-01;4.0339198708534241e-01;2.0960000157356262e-01;2.0735999941825867e-01;4.1574400663375854e-01;2.1305599808692932e-01;0.0000000000000000e+00;5.2984175961275937e-07;8.2522913779456900e-16;1.8080641673333511e-09;5.2984175961275937e-07;6.6018331023565524e-16;1.7902467209403093e-07
51000000;4.1833600401878357e-01;2.1561600267887115e-01;4.1839998960494995e-01;2.1827200055122375e-01;2.1609599888324738e-01;4.3248000741004944e-01;2.2022399306297302e-01;0.0000000000000000e+00;4.7323515598982388e-07;2.1919526408138386e-15;4.5309478413629699e-08;9.0116083356601797e-07;2.7897579064903399e-15;6.1671940980418844e-08
53000000;4.3449598550796509e-01;2.2342400252819061e-01;4.3548798561096191e-01;2.2649599611759186e-01;2.2246399521827698e-01;4.4854399561882019e-01;2.2953599691390991e-01;0.0000000000000000e+00;3.3581325004754652e-07;3.3601371444599911e-15;1.2358267437798050e-07;1.2908508405605937e-06;1.9765512614470537e-16;6.1922434046550064e-07
55000000;4.5148798823356628e-01;2.3056000471115112e-01;4.5110398530960083e-01;2.3523199558258057e-01;2.3187200725078583e-01;4.6627199649810791e-01;2.3772799968719482e-01;0.0000000000000000e+00;1.0422965158678830e-05;2.0682394113147510e-15;4.9574770135895541e-07;2.0951333162771295e-06;1.2237083183612278e-14;1.5399445267836827e-06
57000000;4.6723198890686035e-01;2.3942400515079498e-01;4.6832001209259033e-01;2.4262399971485138e-01;2.3987199366092682e-01;4.8281601071357727e-01;2.4560000002384186e-01;0.0000000000000000e+00;1.0178612981483551e-06;1.2875276837368399e-15;8.8116560720516612e-08;7.7935272251356140e-07;1.2875276837368399e-15;5.0130671638092357e-08
59000000;4.8240000009536743e-01;2.4771200120449066e-01;4.8368000984191895e-01;2.5014400482177734e-01;2.4825599789619446e-01;4.9852800369262695e-01;2.5491198897361755e-01;0.0000000000000000e+00;4.0790687344123864e-06;1.4715213420495202e-15;2.6602479272235834e-07;8.5853754642255081e-07;5.1503246971733208e-15;3.0231584127737858e-08
61000000;4.9859198927879333e-01;2.5564798712730408e-01;4.9974399805068970e-01;2.5916799902915955e-01;2.5603199005126953e-01;5.1535999774932861e-01;2.6380801200866699e-01;0.0000000000000000e+00;5.1654161236040152e-07;2.8361008680335121e-14;5.1654161236040152e-07;2.5118739756851872e-06;3.1338131138491842e-16;2.3436286652382102e-06
63000000;5.1475197076797485e-01;2.6412799954414368e-01;5.1513600349426270e-01;2.6707199215888977e-01;2.6416000723838806e-01;5.3004801273345947e-01;2.7241599559783936e-01;0.0000000000000000e+00;3.8725003221406777e-07;2.0125974634509601e-15;8.5470920901096293e-08;2.6833232330591505e-06;2.0125974634509601e-15;6.9325500347773583e-07
65000000;5.3145599365234375e-01;2.7177599072456360e-01;5.3196799755096436e-01;2.7494400739669800e-01;2.7263998985290527e-01;5.4854398965835571e-01;2.8009599447250366e-01;0.0000000000000000e+00;1.7035697905639708e-06;1.4409566292233657e-15;1.5698445799765417e-08;7.1897817278485102e-07;2.6199211440424831e-16;3.6733830929230822e-07
67000000;5.4742401838302612e-01;2.8006398677825928e-01;5.4764801263809204e-01;2.8236800432205200e-01;2.8076800704002380e-01;5.6304001808166504e-01;2.8806400299072266e-01;0.0000000000000000e+00;9.4972178416483200e-07;4.4366725799190277e-16;3.0463975257764883e-09;9.5581457921638502e-07;1.7746690319676111e-15;2.3514564789687564e-07
69000000;5.6454402208328247e-01;2.8809601068496704e-01;5.6364798545837402e-01;2.9196798801422119e-01;2.8784000873565674e-01;5.8153599500656128e-01;2.9670399427413940e-01;0.0000000000000000e+00;8.0733730202620803e-07;2.4904745274227453e-15;9.7569557155920998e-09;4.3593082123448066e-07;9.6851787177551211e-16;2.1308693275944429e-07
71000000;5.7971197366714478e-01;2.9574400186538696e-01;5.8022397756576538e-01;2.9900801181793213e-01;2.9699200391769409e-01;5.9494400024414062e-01;3.0377599596977234e-01;0.0000000000000000e+00;8.4235583025329710e-07;3.7294275353733260e-15;1.5738953526898447e-08;2.0818260734913572e-06;5.3277536219618939e-15;2.0642668325583080e-07
73000000;5.9583997726440430e-01;3.0467200279235840e-01;5.9673601388931274e-01;3.0803200602531433e-01;3.0467200279235840e-01;6.1443197727203369e-01;3.1225600838661194e-01;0.0000000000000000e+00;1.0069218163379636e-06;3.5296207599776372e-15;8.2303531745330131e-09;1.2264129565895290e-06;5.0423153713966247e-16;3.9783051463046565e-07
75000000;6.1059200763702393e-01;3.1321600079536438e-01;6.1155200004577637e-01;3.1542399525642395e-01;3.1379199028015137e-01;6.2896001338958740e-01;3.2089599967002869e-01;0.0000000000000000e+00;5.9292449998072895e-07;5.5826319836637491e-16;6.5060449052562670e-09;2.2913110438243540e-06;2.4191405262542916e-15;6.0593658979124148e-07
77000000;6.2643200159072876e-01;3.2044801115989685e-01;6.2800002098083496e-01;3.2403200864791870e-01;3.2041600346565247e-01;6.4755201339721680e-01;3.2780799269676208e-01;0.0000000000000000e+00;1.4525367279798342e-06;1.8877695366777401e-16;6.7696101223159481e-08;1.3500160933723967e-07;4.9082007953621244e-15;2.3635046461743925e-07
79000000;6.4323198795318604e-01;3.2873600721359253e-01;6.4371198415756226e-01;3.3139199018478394e-01;3.2835200428962708e-01;6.6329598426818848e-01;3.3561599254608154e-01;0.0000000000000000e+00;2.5544146604153493e-06;7.5473749080249456e-15;5.5973063344867707e-09;1.2511127592607029e-07;1.4607822402628929e-15;8.4400847835913406e-07
81000000;6.6028797626495361e-01;3.3721598982810974e-01;6.6054397821426392e-01;3.3964800834655762e-01;3.3711999654769897e-01;6.7955201864242554e-01;3.4524801373481750e-01;0.0000000000000000e+00;6.5889598730244350e-07;2.7323261659379902e-15;3.0221798478761146e-08;1.7933626446246629e-07;4.5538769432299834e-15;3.9630889168314672e-08
83000000;6.7609602212905884e-01;3.4438401460647583e-01;6.7574399709701538e-01;3.4799998998641968e-01;3.4601598978042603e-01;6.9436800479888916e-01;3.5257598757743835e-01;0.0000000000000000e+00;5.6419931866926550e-07;1.7134110079661576e-15;1.8810077785069803e-09;9.2176153825613729e-07;1.5816101611995301e-15;1.8810077785069803e-09
85000000;6.9276797771453857e-01;3.5315200686454773e-01;6.9183999300003052e-01;3.5664001107215881e-01;3.5280001163482666e-01;7.1056002378463745e-01;3.6233600974082947e-01;0.0000000000000000e+00;9.9246649407515862e-08;5.5862143310199211e-16;7.2255000988863791e-10;1.9921584882492036e-07;7.4482857746932285e-16;1.9921584882492036e-07
87000000;7.0931202173233032e-01;3.6092799901962280e-01;7.0873600244522095e-01;3.6483201384544373e-01;3.6239999532699585e-01;7.2556799650192261e-01;3.7049600481987000e-01;0.0000000000000000e+00;1.3489375578746906e-06;3.0121739781461353e-15;9.4672583552958156e-09;7.0207812157469710e-07;1.3253565503842996e-15;1.8459057253470225e-07
89000000;7.2464001178741455e-01;3.6908799409866333e-01;7.2585600614547729e-01;3.7155199050903320e-01;3.7024000287055969e-01;7.4364799261093140e-01;3.7881600856781006e-01;0.0000000000000000e+00;1.3196913228431645e-06;1.2788880659487290e-15;5.3504281780456191e-08;1.2052583557911961e-06;1.9183320989230934e-15;1.6793724883242457e-07
91000000;7.4048000574111938e-01;3.7744000554084778e-01;7.4163198471069336e-01;3.8057601451873779e-01;3.7852799892425537e-01;7.6246398687362671e-01;3.8806399703025818e-01;0.0000000000000000e+00;3.5201679078667726e-06;1.5006317603222493e-15;6.7401300408037964e-08;8.7304684214840942e-07;4.2875193152064268e-15;5.2777018140253588e-07
93000000;7.5769597291946411e-01;3.8620799779891968e-01;7.5705599784851074e-01;3.8956800103187561e-01;3.8675200939178467e-01;7.7750402688980103e-01;3.9718401432037354e-01;0.0000000000000000e+00;4.0569183919151212e-06;1.5314061248074448e-15;4.8852302934797469e-08;1.4927115774422502e-06;4.2113668432204736e-15;4.6500232385755172e-07
95000000;7.7324801683425903e-01;3.9430400729179382e-01;7.7344000339508057e-01;3.9670398831367493e-01;3.9500799775123596e-01;7.9606401920318604e-01;4.0544000267982483e-01;0.0000000000000000e+00;1.7833221230987033e-06;6.8870351440428319e-16;3.7781489678212559e-09;7.9733576609648278e-07;6.3131155487059292e-15;4.8921502953328898e-07
97000000;7.8921598196029663e-01;4.0220800042152405e-01;7.8969597816467285e-01;4.0623998641967773e-01;4.0262401103973389e-01;8.1081598997116089e-01;4.1087999939918518e-01;0.0000000000000000e+00;4.7783452695091613e-07;2.3242417861308764e-15;3.2185310012133091e-08;1.2131515339988970e-07;4.1504317609479934e-15;2.9957484017540290e-07
99000000;8.0601602792739868e-01;4.0959998965263367e-01;8.0534398555755615e-01;4.1343998908996582e-01;4.1078400611877441e-01;8.2444798946380615e-01;4.2092800140380859e-01;0.0000000000000000e+00;7.5829752934425996e-07;4.8433406724065095e-15;2.9656629419853992e-08;1.4674562722319626e-06;6.1642517648810126e-15;2.6604287704908818e-07
101000000;8.2246398925781250e-01;4.1753599047660828e-01;8.2208001613616943e-01;4.2156800627708435e-01;4.1849601268768311e-01;8.4435200691223145e-01;4.2710399627685547e-01;0.0000000000000000e+00;5.0082697283052474e-07;4.2505937119512152e-16;4.4422948295181900e-08;2.9222032111845465e-06;1.7002374847804861e-15;3.8672596669668905e-07
103000000;8.3727997541427612e-01;4.2662400007247925e-01;8.3731198310852051e-01;4.2943999171257019e-01;4.2662400007247925e-01;8.6019200086593628e-01;4.3599998950958252e-01;0.0000000000000000e+00;1.4292426794870428e-06;4.2535441174622644e-16;5.9080213742522239e-08;3.7088665670549090e-06;3.6155124998429242e-15;4.0162083017865239e-07
105000000;8.5324800014495850e-01;4.3366399407386780e-01;8.5334402322769165e-01;4.3689599633216858e-01;4.3449598550796509e-01;8.7519997358322144e-01;4.4569599628448486e-01;0.0000000000000000e+00;1.6320979863612249e-06;3.1966302951557105e-15;1.7290555685030615e-09;4.0347469370031306e-06;6.2334290755536354e-15;1.6988872662020449e-07
107000000;8.6915200948715210e-01;4.4172799587249756e-01;8.6902397871017456e-01;4.4483199715614319e-01;4.4240000844001770e-01;8.9212799072265625e-01;4.5209598541259766e-01;0.0000000000000000e+00;2.7119514246415080e-06;7.4567252389024263e-15;4.0316555044279551e-08;7.0488585441463850e-06;1.0874390973399371e-15;2.9329168491763407e-07
109000000;8.8447999954223633e-01;4.5046401023864746e-01;8.8553601503372192e-01;4.5359998941421509e-01;4.5052799582481384e-01;9.0678399801254272e-01;4.6096000075340271e-01;0.0000000000000000e+00;5.7546166445566173e-06;7.9097513950146501e-15;8.5114595548798207e-09;2.1147462630125137e-06;7.7214239808476342e-15;9.2596051043567501e-08
111000000;9.0047997236251831e-01;4.5881599187850952e-01;9.0112000703811646e-01;4.6176001429557800e-01;4.5852801203727722e-01;9.2051202058792114e-01;4.6803200244903564e-01;0.0000000000000000e+00;9.6365066030607402e-07;1.1479206954109048e-14;6.3491390775470371e-08;1.9907927113876188e-06;2.1682946468872645e-14;1.0777775548706901e-06
113000000;9.1817599534988403e-01;4.6742400527000427e-01;9.1856002807617188e-01;4.6998399496078491e-01;4.6713599562644958e-01;9.4163197278976440e-01;4.7699201107025146e-01;0.0000000000000000e+00;3.9384356173892694e-06;5.9114790214070231e-15;5.1360093285955025e-08;2.7596323392352260e-06;1.8578934067279214e-15;5.8338013341237612e-07
115000000;9.3353599309921265e-01;4.7446399927139282e-01;9.3379199504852295e-01;4.7846400737762451e-01;4.7574400901794434e-01;9.5785599946975708e-01;4.8515200614929199e-01;0.0000000000000000e+00;1.7213929108409505e-06;1.4302288932363610e-14;4.2582891154920751e-08;2.4477358881333683e-06;8.1175153399901569e-15;6.1180391315424612e-08
117000000;9.4972801208496094e-01;4.8297598958015442e-01;9.5049601793289185e-01;4.8646399378776550e-01;4.8352000117301941e-01;9.7391998767852783e-01;4.9097600579261780e-01;0.0000000000000000e+00;9.6962066865731177e-07;4.0123554735232315e-15;1.0797389172186809e-07;2.2620908340604772e-06;6.4197687576371707e-15;1.6153196621490193e-06
119000000;9.6543997526168823e-01;4.9091199040412903e-01;9.6604800224304199e-01;4.9433600902557373e-01;4.9171200394630432e-01;9.9091202020645142e-01;5.0339198112487793e-01;0.0000000000000000e+00;5.3293084338775907e-07;1.4385765148292722e-15;6.9532912088855374e-08;6.1863391604463450e-06;4.7473024989365981e-15;1.3052607288859320e-06
121000000;9.8147201538085938e-01;4.9971199035644531e-01;9.8150402307510376e-01;5.0201600790023804e-01;4.9891200661659241e-01;1.0056639909744263e+00;5.1027202606201172e-01;0.0000000000000000e+00;6.9378141428869705e-07;3.9516554137047259e-15;6.5180274773024879e-08;2.6581599752751726e-06;4.3907282374496952e-16;8.5093169916761509e-07
123000000;9.9772799015045166e-01;5.0723201036453247e-01;9.9782401323318481e-01;5.0976002216339111e-01;5.0793600082397461e-01;1.0224640369415283e+00;5.1683199405670166e-01;0.0000000000000000e+00;7.1619407271258670e-07;3.9937354919458265e-16;7.2957947958269394e-08;2.3242843845983801e-06;4.3931090411404092e-15;1.8016396875065562e-07
125000000;1.0139520168304443e+00;5.1526397466659546e-01;1.0144959688186646e+00;5.1897597312927246e-01;5.1616001129150391e-01;1.0376319885253906e+00;5.2617597579956055e-01;0.0000000000000000e+00;8.2935817501288735e-07;3.3028867965083870e-15;5.7253748324220684e-08;1.0546921620784672e-06;3.3028867965083870e-15;9.4386567166132877e-07
127000000;1.0298240184783936e+00;5.2387201786041260e-01;1.0294719934463501e+00;5.2771198749542236e-01;5.2358400821685791e-01;1.0538239479064941e+00;5.3513598442077637e-01;0.0000000000000000e+00;2.6728643626918222e-06;5.5151484930758166e-16;8.0338415280866117e-09;1.2664260320776285e-06;9.6515098628826797e-16;8.2228761188367252e-07
129000000;1.0466560125350952e+00;5.3235197067260742e-01;1.0471999645233154e+00;5.3519999980926514e-01;5.3267198801040649e-01;1.0723839998245239e+00;5.4217600822448730e-01;0.0000000000000000e+00;7.2054681806870541e-07;5.5671002993414605e-15;8.6555923998388361e-08;6.3800509779625960e-07;6.4106003446962274e-15;7.2054681806870541e-07
131000000;1.0620800256729126e+00;5.3977602720260620e-01;1.0633599758148193e+00;5.4345601797103882e-01;5.4070401191711426e-01;1.0906239748001099e+00;5.5270397663116455e-01;0.0000000000000000e+00;1.3536458346613992e-06;2.8536338828760231e-15;1.1710586954380224e-07;4.8479379559510263e-07;4.6799595679166772e-15;8.5248172164640299e-07
133000000;1.0786240100860596e+00;5.4777598381042480e-01;1.0790079832077026e+00;5.5212801694869995e-01;5.4889601469039917e-01;1.1062079668045044e+00;5.6211197376251221e-01;0.0000000000000000e+00;5.2540890987376931e-06;8.3883064928798660e-15;1.2098177248210096e-07;1.5496483631672945e-06;1.0417735483092737e-14;7.0207051531667333e-07
135000000;1.0941760540008545e+00;5.5580800771713257e-01;1.0951360464096069e+00;5.6000000238418579e-01;5.5705600976943970e-01;1.1199359893798828e+00;5.6879997253417969e-01;0.0000000000000000e+00;4.0130662489874584e-06;3.0930121213712076e-15;4.1521173239429294e-07;7.2648238703334259e-06;2.0362329799027115e-14;8.1644368450564953e-06
137000000;1.1110399961471558e+00;5.6444799900054932e-01;1.1120640039443970e+00;5.6812798976898193e-01;5.6476801633834839e-01;1.1366080045700073e+00;5.7616001367568970e-01;0.0000000000000000e+00;1.6938731072058006e-06;1.1692681420819572e-14;2.0710613765086019e-07;6.5671648407469940e-06;5.0770853537769192e-15;3.2632382417360154e-06
139000000;1.1274559497833252e+00;5.7193601131439209e-01;1.1266560554504395e+00;5.7497602701187134e-01;5.7289600372314453e-01;1.1536639928817749e+00;5.8415997028350830e-01;0.0000000000000000e+00;4.2178057696979650e-06;1.8745233202919789e-15;8.0477919961782418e-08;3.7705270832399994e-06;3.1242055338199646e-15;1.9814123374081364e-06
141000000;1.1434240341186523e+00;5.8025598526000977e-01;1.1430079936981201e+00;5.8323198556900024e-01;5.8067202568054199e-01;1.1735359430313110e+00;5.9427201747894287e-01;0.0000000000000000e+00;1.4708563560801375e-05;5.1780528307596444e-14;6.1120734360469336e-07;1.4906190049827496e-05;4.3191341147568601e-14;1.8924595326691973e-05
143000000;1.1591039896011353e+00;5.8828800916671753e-01;1.1602239608764648e+00;5.9235197305679321e-01;5.8886402845382690e-01;1.1864960193634033e+00;6.0224002599716187e-01;0.0000000000000000e+00;3.4899252620096695e-06;6.5270769105058264e-15;8.4356426300484066e-08;1.1070708031362338e-06;2.7413723024124473e-15;2.0467071571374314e-06
145000000;1.1748479604721069e+00;5.9721601009368896e-01;1.1764479875564575e+00;6.0038399696350098e-01;5.9782397747039795e-01;1.2034879922866821e+00;6.1078399419784546e-01;0.0000000000000000e+00;1.1541287939723341e-05;3.1995034354954001e-15;1.3921028633518874e-07;6.5026416461294655e-06;1.8983720383939373e-14;3.0020774986044363e-06
147000000;1.1918079853057861e+00;6.0428798198699951e-01;1.1918079853057861e+00;6.0723197460174561e-01;6.0563200712203979e-01;1.2166399955749512e+00;6.1766397953033447e-01;0.0000000000000000e+00;1.0674044219632632e-06;2.7635546630547069e-15;9.3730274631893230e-08;1.4544493208283154e-06;3.7247910675954748e-15;1.5128949038037510e-06
149000000;1.2068799734115601e+00;6.1321598291397095e-01;1.2073279619216919e+00;6.1532801389694214e-01;6.1324799060821533e-01;1.2354880571365356e+00;6.2742400169372559e-01;0.0000000000000000e+00;1.1046257952723638e-07;6.0222901269853796e-16;1.0508357999297937e-07;1.0508357999297937e-07;6.0222901269853794e-15;2.2605451751951368e-06
151000000;1.2229440212249756e+00;6.2067198753356934e-01;1.2239359617233276e+00;6.2329602241516113e-01;6.2140798568725586e-01;1.2506560087203979e+00;6.3660800457000732e-01;0.0000000000000000e+00;2.2970326010209888e-06;3.5200992461498901e-15;2.5424990400386667e-07;6.9066954230163538e-07;2.2528635175359298e-14;6.1127504710979786e-06
153000000;1.2398719787597656e+00;6.2911999225616455e-01;1.2396479845046997e+00;6.3353598117828369e-01;6.2934398651123047e-01;1.2702720165252686e+00;6.4118397235870361e-01;0.0000000000000000e+00;1.7545987561423611e-05;5.1925612036919164e-14;8.1957714717222981e-07;1.8656380184490337e-05;5.9750019330153560e-15;1.7545987561423611e-05
155000000;1.2552640438079834e+00;6.3775998353958130e-01;1.2568639516830444e+00;6.4083200693130493e-01;6.3795202970504761e-01;1.2831360101699829e+00;6.4988797903060913e-01;0.0000000000000000e+00;3.2405016728738126e-06;1.4754280454606283e-14;2.6743352870641176e-07;1.3198511277359611e-05;8.4310174026321606e-15;6.2648711314080856e-06
157000000;1.2729599475860596e+00;6.4572799205780029e-01;1.2726399898529053e+00;6.4873600006103516e-01;6.4604800939559937e-01;1.3015999794006348e+00;6.5724802017211914e-01;0.0000000000000000e+00;2.1397154040770169e-06;1.0169255806111851e-15;6.5075901261362436e-08;1.7029491929579320e-06;7.1184790642782954e-15;1.1569914290590755e-06
159000000;1.2862399816513062e+00;6.5456002950668335e-01;1.2881280183792114e+00;6.5740799903869629e-01;6.5385597944259644e-01;1.3159680366516113e+00;6.6774398088455200e-01;0.0000000000000000e+00;3.7799234416794329e-06;7.8674460397099968e-16;8.4095877535775475e-08;1.7736170497157331e-06;2.1635476609202491e-15;1.3512367566707436e-06
161000000;1.3048640489578247e+00;6.6198402643203735e-01;1.3052159547805786e+00;6.6537600755691528e-01;6.6262400150299072e-01;1.3332159519195557e+00;6.7408001422882080e-01;0.0000000000000000e+00;5.5056007077083707e-06;1.4346238897217939e-15;1.7468208317459050e-07;2.4247693635006630e-06;8.7870713245459876e-15;2.5815815708368620e-06
163000000;1.3213440179824829e+00;6.7036801576614380e-01;1.3195199966430664e+00;6.7289602756500244e-01;6.7052799463272095e-01;1.3511680364608765e+00;6.8476802110671997e-01;0.0000000000000000e+00;2.9411187736338304e-06;3.3657586170787478e-15;1.7436036140569733e-07;2.1934037812243435e-06;1.0097275851236243e-14;3.2275299137444344e-06
165000000;1.3367680311203003e+00;6.7894399166107178e-01;1.3365759849548340e+00;6.8188798427581787e-01;6.7843198776245117e-01;1.3683520555496216e+00;6.9206398725509644e-01;0.0000000000000000e+00;3.0104400522321860e-04;3.2334992660739175e-13;8.0588694043264546e-06;1.3513449564009499e-04;6.3623169012317730e-13;1.4949685143086978e-04
167000000;1.3521599769592285e+00;6.8729597330093384e-01;1.3531520366668701e+00;6.8918401002883911e-01;6.8595200777053833e-01;1.3825600147247314e+00;6.9974398612976074e-01;0.0000000000000000e+00;2.5882231203459821e-06;1.1183004062562368e-14;1.5426693926883108e-07;2.9588298851587948e-06;4.1418533565045810e-16;3.7663099815651864e-07
169000000;1.3683199882507324e+00;6.9475197792053223e-01;1.3676160573959351e+00;6.9817602634429932e-01;6.9497597217559814e-01;1.3983039855957031e+00;7.0729601383209229e-01;0.0000000000000000e+00;1.2083629264851325e-06;6.0551756089281825e-15;1.3022140059710291e-07;2.4513340873472084e-06;8.9046700131296798e-15;7.0390039791806090e-07
171000000;1.3843200206756592e+00;7.0310401916503906e-01;1.3847039937973022e+00;7.0716798305511475e-01;7.0380800962448120e-01;1.4160000085830688e+00;7.1756798028945923e-01;0.0000000000000000e+00;1.5156627090314273e-06;3.9906585902359525e-15;6.7900977314241206e-08;8.6360707347732849e-07;1.2145482665935508e-15;1.3720122484224387e-06
173000000;1.4016959667205811e+00;7.1167999505996704e-01;1.4023679494857788e+00;7.1366399526596069e-01;7.1135997772216797e-01;1.4320640563964844e+00;7.2604799270629883e-01;0.0000000000000000e+00;3.0923945043361379e-07;4.9651451207952691e-16;4.2675251512243182e-08;6.6816261227807850e-07;2.6480773977574770e-15;6.6465838232877465e-07
175000000;1.4172480106353760e+00;7.1878397464752197e-01;1.4182080030441284e+00;7.2307199239730835e-01;7.1942400932312012e-01;1.4462399482727051e+00;7.3372799158096313e-01;0.0000000000000000e+00;2.6149419009366690e-06;5.6536434122991409e-15;5.2422467294576901e-08;1.4440054895772332e-07;6.8529011058171404e-16;6.9626903893660184e-07
177000000;1.4335360527038574e+00;7.2803199291229248e-01;1.4346239566802979e+00;7.2966402769088745e-01;7.2684800624847412e-01;1.4646719694137573e+00;7.4239999055862427e-01;0.0000000000000000e+00;3.1576862134550284e-07;1.5881383360320976e-15;8.3234454932489726e-08;1.4929971148052338e-07;5.7750484946621730e-16;5.4830278775851594e-07
179000000;1.4496959447860718e+00;7.3532801866531372e-01;1.4494400024414062e+00;7.3609602451324463e-01;7.3596799373626709e-01;1.4805760383605957e+00;7.4918401241302490e-01;0.0000000000000000e+00;1.1546275107007658e-06;1.4292380173277389e-15;5.8461342375315858e-08;3.8000512495486413e-07;1.6334148769459873e-15;2.4700269126913058e-06
181000000;1.4648319482803345e+00;7.4332797527313232e-01;1.4659520387649536e+00;7.4819201231002808e-01;7.4448001384735107e-01;1.5017600059509277e+00;7.5747197866439819e-01;0.0000000000000000e+00;1.0745770268438811e-06;3.8743108636932861e-15;3.4574623462619815e-08;3.5581609518544644e-06;2.4654705496230003e-15;1.7363967380865018e-06
183000000;1.4820159673690796e+00;7.5171202421188354e-01;1.4826560020446777e+00;7.5497597455978394e-01;7.5264000892639160e-01;1.5138880014419556e+00;7.6608002185821533e-01;0.0000000000000000e+00;3.6752854974421880e-06;2.1046594147814253e-16;1.7250119710660883e-07;5.1148032294553587e-07;1.0944228956863411e-14;3.3363063716032612e-06
185000000;1.4978239536285400e+00;7.5974398851394653e-01;1.4978239536285400e+00;7.6352000236511230e-01;7.6009601354598999e-01;1.5306559801101685e+00;7.7545601129531860e-01;0.0000000000000000e+00;4.6464765108701011e-06;2.4400244911202408e-14;2.3542972708043144e-07;3.1005395355190992e-06;1.6367866151614039e-14;3.8154943015774890e-06
187000000;1.5150400400161743e+00;7.6620799303054810e-01;1.5135040283203125e+00;7.7174401283264160e-01;7.6860797405242920e-01;1.5486400127410889e+00;7.8243201971054077e-01;0.0000000000000000e+00;3.1903746147666063e-06;3.6150420684934130e-15;8.8926615553767661e-08;4.1043975098236127e-06;4.4876384298538927e-15;2.2974356074021826e-06
189000000;1.5312000513076782e+00;7.7616000175476074e-01;1.5307840108871460e+00;7.7971202135086060e-01;7.7606397867202759e-01;1.5642240047454834e+00;7.8969597816467285e-01;0.0000000000000000e+00;8.6403714584968039e-02;2.1300183154090790e-10;3.0609210606842505e-03;1.2028652571297917e-01;1.6258947394044007e-10;5.1193554995857676e-02
191000000;1.5474560260772705e+00;7.8454399108886719e-01;1.5454399585723877e+00;7.8716802597045898e-01;7.8524798154830933e-01;1.5785280466079712e+00;8.0153602361679077e-01;0.0000000000000000e+00;2.6075304574296363e-05;8.9157248260529325e-15;3.8391960299007706e-07;1.5305469607662185e-05;2.2289312065132331e-15;4.9710715332231531e-06
193000000;1.5609600543975830e+00;7.9263997077941895e-01;1.5626560449600220e+00;7.9564797878265381e-01;7.9276800155639648e-01;1.5927679538726807e+00;8.0838400125503540e-01;0.0000000000000000e+00;1.1483872081273847e-05;3.2634518749037941e-14;1.4188902988508332e-06;2.6816578347289132e-06;8.6967520708872378e-14;1.9312191245380637e-05
195000000;1.5783040523529053e+00;8.0099201202392578e-01;1.5793279409408569e+00;8.0489599704742432e-01;8.0092799663543701e-01;1.6119359731674194e+00;8.1459200382232666e-01;0.0000000000000000e+00;2.8383092384740939e-06;1.2387201157870156e-14;3.0808249530161672e-07;2.3377469171915945e-06;1.4651528251244271e-14;3.9550365503598264e-06
197000000;1.5940159559249878e+00;8.0908799171447754e-01;1.5956159830093384e+00;8.1126397848129272e-01;8.0860799551010132e-01;1.6302399635314941e+00;8.2057601213455200e-01;0.0000000000000000e+00;2.1048711560952933e-05;8.3297573464363297e-14;1.1295217579509954e-06;6.2147456689647316e-06;2.3702561554900127e-14;1.6181634207174315e-05
199000000;1.6109759807586670e+00;8.1635200977325439e-01;1.6114239692687988e+00;8.2099199295043945e-01;8.1830400228500366e-01;1.6458239555358887e+00;8.3324801921844482e-01;0.0000000000000000e+00;3.7127360275778192e-06;3.4039655949694919e-14;4.6616627948664790e-07;1.0635992088535369e-05;2.5210257136804771e-14;5.3935287012492284e-06
201000000;1.6276479959487915e+00;8.2537597417831421e-01;1.6271680593490601e+00;8.2707202434539795e-01;8.2463997602462769e-01;1.6633599996566772e+00;8.3964800834655762e-01;0.0000000000000000e+00;4.8602496783058131e-05;3.3426657969099988e-14;2.0885626442633491e-06;2.5063200221405397e-05;6.9457990585142834e-15;1.7121083715813857e-05
203000000;1.6422079801559448e+00;8.3359998464584351e-01;1.6435199975967407e+00;8.3580797910690308e-01;8.3292800188064575e-01;1.6759680509567261e+00;8.4633600711822510e-01;0.0000000000000000e+00;1.5859335399176206e-06;9.4986495491522281e-16;1.3516412818221849e-07;5.6602381067327148e-07;6.8865209231353651e-15;1.3463069316598829e-06
205000000;1.6603519916534424e+00;8.4179198741912842e-01;1.6604160070419312e+00;8.4553599357604980e-01;8.4070402383804321e-01;1.6953599452972412e+00;8.5689598321914673e-01;0.0000000000000000e+00;9.7587825632773833e-08;3.6480515607251294e-16;3.3881278870234636e-10;3.9204536647460706e-07;7.2961031214502588e-16;5.8722101774015472e-07
207000000;1.6745599508285522e+00;8.4956800937652588e-01;1.6746239662170410e+00;8.5263997316360474e-01;8.5043197870254517e-01;1.7089600563049316e+00;8.6579197645187378e-01;0.0000000000000000e+00;2.2498046048921285e-07;2.4993245372965095e-15;2.6609785208728723e-08;4.7657070618715442e-07;0.0000000000000000e+00;4.4592686137196469e-07
209000000;1.6901119947433472e+00;8.5743999481201172e-01;1.6915839910507202e+00;8.6159998178482056e-01;8.5827201604843140e-01;1.7276799678802490e+00;8.7404799461364746e-01;0.0000000000000000e+00;5.1897710154178363e-07;3.7839073972167689e-16;2.2748182529499881e-08;1.1268313848832099e-07;0.0000000000000000e+00;9.0463843038410319e-08
211000000;1.7074879407882690e+00;8.6576002836227417e-01;1.7066559791564941e+00;8.6841601133346558e-01;8.6777597665786743e-01;1.7435519695281982e+00;8.8012802600860596e-01;0.0000000000000000e+00;1.9010116504431992e-06;1.3609967250301682e-16;1.2448126537041902e-09;3.6658458915168397e-07;1.4970963975331849e-15;1.4738072325289610e-07
213000000;1.7247359752655029e+00;8.7324798107147217e-01;1.7236160039901733e+00;8.7664002180099487e-01;8.7449598312377930e-01;1.7585279941558838e+00;8.8934397697448730e-01;0.0000000000000000e+00;1.1465295122408617e-06;1.0900604731718369e-15;2.3914008492969414e-08;1.3806182163876281e-06;6.5403628390310208e-16;1.4095836056635253e-07
215000000;1.7398079633712769e+00;8.8211202621459961e-01;1.7374399900436401e+00;8.8531202077865601e-01;8.8182401657104492e-01;1.7752640247344971e+00;8.9836800098419189e-01;0.0000000000000000e+00;3.1786678302553217e-07;7.0103625145317224e-16;4.2284733065939176e-09;2.5513912108174454e-07;1.2852331276641491e-15;1.2122685058098140e-07
217000000;1.7567679882049561e+00;8.8979202508926392e-01;1.7567360401153564e+00;8.9414399862289429e-01;8.9087998867034912e-01;1.7943359613418579e+00;9.0784001350402832e-01;0.0000000000000000e+00;1.3607517577639517e-06;8.8566063067203589e-16;6.5704533770221662e-08;1.0041376848804083e-06;1.3284909460080538e-15;5.4118996428161275e-07
219000000;1.7727680206298828e+00;8.9859199523925781e-01;1.7723840475082397e+00;9.0160000324249268e-01;8.9779198169708252e-01;1.8090239763259888e+00;9.1475200653076172e-01;0.0000000000000000e+00;5.3776864995800353e-07;2.5742503500139996e-16;1.5047403293330559e-08;1.3669927298350046e-06;5.1485007000279993e-16;2.9145542991899759e-07
221000000;1.7872639894485474e+00;9.0620797872543335e-01;1.7894079685211182e+00;9.0956801176071167e-01;9.0476799011230469e-01;1.8236160278320312e+00;9.2188799381256104e-01;0.0000000000000000e+00;7.3620838004948488e-07;1.3810835485351554e-15;5.2552042007802740e-09;3.9917947811754617e-07;3.6410384461381369e-15;6.7931300806465770e-07
223000000;1.8040319681167603e+00;9.1436797380447388e-01;1.8039679527282715e+00;9.1759997606277466e-01;9.1497600078582764e-01;1.8427200317382812e+00;9.2988801002502441e-01;0.0000000000000000e+00;1.8533449361957724e-08;4.4653038215760874e-16;4.1398844014208259e-08;4.6092489764737013e-07;5.5816297769701095e-16;5.2085719102353608e-07
225000000;1.8196159601211548e+00;9.2211198806762695e-01;1.8201919794082642e+00;9.2582398653030396e-01;9.2259198427200317e-01;1.8569920063018799e+00;9.3980801105499268e-01;0.0000000000000000e+00;2.1216079850020676e-07;1.1975859482299065e-15;2.1555549079848125e-09;2.1647190831617637e-07;1.3971836062682242e-15;3.1931897520430251e-07
227000000;1.8373119831085205e+00;9.3158400058746338e-01;1.8351680040359497e+00;9.3446397781372070e-01;9.3036800622940063e-01;1.8752640485763550e+00;9.4959998130798340e-01;0.0000000000000000e+00;1.8532858681965087e-07;2.0112111625144608e-16;3.0623567389092877e-08;4.0128074102839460e-07;3.0168167437716913e-15;4.6252787580658037e-07
229000000;1.8526719808578491e+00;9.3942397832870483e-01;1.8534079790115356e+00;9.4191998243331909e-01;9.3952000141143799e-01;1.8901760578155518e+00;9.5660799741744995e-01;0.0000000000000000e+00;2.0614995081657614e-07;1.6924189026334183e-16;2.4427854868007649e-08;6.1159948095198204e-07;1.3539351221067347e-15;6.1159948095198204e-07
231000000;1.8680640459060669e+00;9.4739198684692383e-01;1.8702399730682373e+00;9.5094400644302368e-01;9.4857597351074219e-01;1.9087680578231812e+00;9.6243202686309814e-01;0.0000000000000000e+00;3.7869848859288421e-08;5.1030663648126534e-16;3.7869848859288421e-08;3.1183863818663778e-07;1.5309199094437959e-15;3.2742187024384407e-07
233000000;1.8860479593276978e+00;9.5599997043609619e-01;1.8862400054931641e+00;9.5916801691055298e-01;9.5513600111007690e-01;1.9256000518798828e+00;9.7158402204513550e-01;0.0000000000000000e+00;1.0910447729429609e-06;1.6499452145137811e-16;2.8075662463701812e-08;2.9381794008351661e-07;1.4849506930624031e-15;3.2624737436271793e-07
235000000;1.9005119800567627e+00;9.6390402317047119e-01;1.9016000032424927e+00;9.6486401557922363e-01;9.6275198459625244e-01;1.9421759843826294e+00;9.8393601179122925e-01;0.0000000000000000e+00;4.1088466414717871e-07;8.8899336551267307e-16;1.3155765059896951e-08;1.7224732469480964e-07;2.9633112183755767e-16;5.4366469366229751e-07
237000000;1.9183360338211060e+00;9.7203201055526733e-01;1.9180480241775513e+00;9.7408002614974976e-01;9.7164797782897949e-01;1.9596159458160400e+00;9.9097597599029541e-01;0.0000000000000000e+00;2.3568655620164891e-07;1.6796430221253714e-15;1.0245665922774068e-08;4.2013270279681242e-07;1.9850326625118027e-15;5.8408751754642771e-07
239000000;1.9330879449844360e+00;9.7830402851104736e-01;1.9316480159759521e+00;9.8326402902603149e-01;9.8022401332855225e-01;1.9697920083999634e+00;9.9699199199676514e-01;0.0000000000000000e+00;1.9961039727139225e-07;5.0329177515228458e-16;1.9475254385988268e-08;1.0954282582869025e-07;5.0329177515228458e-16;6.1099774571292564e-07
241000000;1.9497920274734497e+00;9.8835200071334839e-01;1.9495359659194946e+00;9.9078398942947388e-01;9.8700797557830811e-01;1.9919680356979370e+00;1.0062719583511353e+00;0.0000000000000000e+00;1.5154985182174954e-07;0.0000000000000000e+00;2.9329249699407622e-08;2.1020835122056479e-07;1.6845679052281862e-15;7.8462670714579965e-07
243000000;1.9654079675674438e+00;9.9635201692581177e-01;1.9649599790573120e+00;9.9894398450851440e-01;9.9587202072143555e-01;2.0031681060791016e+00;1.0135680437088013e+00;0.0000000000000000e+00;3.9369433480584150e-07;8.4011821809614343e-16;3.2866307656168346e-08;2.1328032123100490e-07;1.8482600798115157e-15;7.7899675343059624e-07
245000000;1.9815360307693481e+00;1.0037120580673218e+00;1.9804480075836182e+00;1.0059839487075806e+00;1.0045119524002075e+00;2.0196158885955811e+00;1.0225919485092163e+00;0.0000000000000000e+00;2.6987601012157100e-07;8.4067285007459744e-16;3.1012523020554616e-08;3.1012523020554616e-08;0.0000000000000000e+00;7.0801172259033718e-07
247000000;1.9968639612197876e+00;1.0110399723052979e+00;1.9977279901504517e+00;1.0142400264739990e+00;1.0127680301666260e+00;2.0364799499511719e+00;1.0297600030899048e+00;0.0000000000000000e+00;1.0767018927239192e-07;4.5188991691267821e-16;2.6801338666887335e-08;5.4067511938617251e-08;7.5314986152113026e-16;5.9288329290541949e-07
249000000;2.0151040554046631e+00;1.0213119983673096e+00;2.0152320861816406e+00;1.0251519680023193e+00;1.0207359790802002e+00;2.0562560558319092e+00;1.0410879850387573e+00;0.0000000000000000e+00;2.0381944491766883e-07;4.9596894537221006e-16;2.6305244900564435e-08;5.5884784495187759e-07;8.2661490895368343e-16;7.7250865517640538e-07
251000000;2.0296640396118164e+00;1.0271040201187134e+00;2.0303039550781250e+00;1.0312960147857666e+00;1.0288640260696411e+00;2.0734400749206543e+00;1.0457600355148315e+00;0.0000000000000000e+00;1.2155672040640175e-08;3.2913699529077641e-16;1.2155672040640175e-08;9.8402810563148362e-07;2.1393904693900466e-15;8.0732402679678483e-07
253000000;2.0468161106109619e+00;1.0368640422821045e+00;2.0469439029693604e+00;1.0402560234069824e+00;1.0372480154037476e+00;2.0841920375823975e+00;1.0535360574722290e+00;0.0000000000000000e+00;2.4715788682825131e-08;1.2439242982316398e-15;2.4715788682825131e-08;3.4629908490083069e-07;9.6749667640238668e-16;2.4732471283301864e-07
255000000;2.0618240833282471e+00;1.0460799932479858e+00;2.0613760948181152e+00;1.0491520166397095e+00;1.0456960201263428e+00;2.1047999858856201e+00;1.0647039413452148e+00;0.0000000000000000e+00;7.4759787748225395e-07;1.5738881616929699e-16;1.2879417996443486e-08;1.3390802184101296e-06;7.8694408084648491e-16;7.7335671347514088e-07
257000000;2.0763518810272217e+00;1.0531200170516968e+00;2.0786559581756592e+00;1.0563839673995972e+00;1.0523519515991211e+00;2.1227519512176514e+00;1.0719679594039917e+00;0.0000000000000000e+00;1.3315882209396521e-06;2.7737643419878325e-16;8.6498318208266813e-09;1.1826728817440434e-06;6.9344108549695820e-16;3.0648051021204419e-07
259000000;2.0941441059112549e+00;1.0613759756088257e+00;2.0947198867797852e+00;1.0640319585800171e+00;1.0620479583740234e+00;2.1328001022338867e+00;1.0806080102920532e+00;0.0000000000000000e+00;2.0499581975455100e-07;5.2925321495173669e-16;8.1096723880021531e-09;6.2925491659515573e-08;1.3231330373793417e-15;5.7639098476814391e-07
261000000;2.1107521057128906e+00;1.0696959495544434e+00;2.1117761135101318e+00;1.0722559690475464e+00;1.0687999725341797e+00;2.1553599834442139e+00;1.0878720283508301e+00;0.0000000000000000e+00;9.6742854698304298e-07;2.6330343637338660e-16;2.2091145146555317e-08;3.3130874489972980e-07;0.0000000000000000e+00;6.1402865693675782e-07
263000000;2.1262719631195068e+00;1.0774079561233521e+00;2.1256320476531982e+00;1.0801600217819214e+00;1.0781439542770386e+00;2.1663360595703125e+00;1.0936000347137451e+00;0.0000000000000000e+00;6.8155829504245592e-07;9.6505966758236458e-16;1.5413698638991969e-08;1.6344583117309506e-07;5.5146266718992255e-16;4.2868269896331733e-07
265000000;2.1431999206542969e+00;1.0856640338897705e+00;2.1449279785156250e+00;1.0879039764404297e+00;1.0844800472259521e+00;2.1838080883026123e+00;1.1044160127639771e+00;0.0000000000000000e+00;2.2096420607418259e-07;2.9203231369108872e-16;1.4211275803024731e-08;3.7774786065898747e-07;1.4601615684554436e-16;4.8456223955743939e-07
267000000;2.1593279838562012e+00;1.0931520462036133e+00;2.1596159934997559e+00;1.0963840484619141e+00;1.0938880443572998e+00;2.2042241096496582e+00;1.1134400367736816e+00;0.0000000000000000e+00;1.9217891414369347e-08;6.3992523968610021e-16;1.9217891414369347e-08;1.8691645681088779e-07;1.1518654314349805e-15;5.9918515326140204e-07
269000000;2.1745920181274414e+00;1.1024320125579834e+00;2.1741120815277100e+00;1.1050239801406860e+00;1.1032320261001587e+00;2.2231359481811523e+00;1.1231679916381836e+00;0.0000000000000000e+00;1.4962240987317976e-07;1.1809095769292984e-15;8.7344095274982981e-09;5.7228641091022409e-07;5.2484870085746595e-16;7.6614959237374976e-07
271000000;2.1908159255981445e+00;1.1102399826049805e+00;2.1910400390625000e+00;1.1139839887619019e+00;1.1099519729614258e+00;2.2342720031738281e+00;1.1308159828186035e+00;0.0000000000000000e+00;4.3467632854916290e-07;5.0230623659822850e-16;3.0165917530494780e-08;2.3950768981528397e-07;8.7903591404689996e-16;7.0434993589494161e-07
273000000;2.2077760696411133e+00;1.1183040142059326e+00;2.2076160907745361e+00;1.1225919723510742e+00;1.1184320449829102e+00;2.2515199184417725e+00;1.1376320123672485e+00;0.0000000000000000e+00;8.5850041822812508e-07;3.9244858936564564e-16;1.5723489884734385e-08;5.7757477544699481e-07;0.0000000000000000e+00;6.1635920637280861e-07
275000000;2.2233600616455078e+00;1.1264640092849731e+00;2.2240960597991943e+00;1.1287679672241211e+00;1.1245759725570679e+00;2.2681279182434082e+00;1.1466239690780640e+00;0.0000000000000000e+00;9.3860567514755933e-07;2.6459141649727951e-16;1.5271347112828365e-08;5.5754370428304787e-08;1.3229570824863976e-16;6.2396011075736997e-07
277000000;2.2395839691162109e+00;1.1341760158538818e+00;2.2400960922241211e+00;1.1371840238571167e+00;1.1359360218048096e+00;2.2843520641326904e+00;1.1551040410995483e+00;0.0000000000000000e+00;8.7485387989654368e-07;2.7238081529377151e-16;2.5461404118803400e-09;1.0942038849736497e-06;4.0857122294065729e-16;8.0682949236126907e-07
279000000;2.2559680938720703e+00;1.1411520242691040e+00;2.2558400630950928e+00;1.1464320421218872e+00;1.1437120437622070e+00;2.3000960350036621e+00;1.1599680185317993e+00;0.0000000000000000e+00;1.5603987193931160e-07;9.4841448414980412e-16;1.0560972208021626e-08;2.0765737738891331e-07;0.0000000000000000e+00;9.3505187604536314e-07
281000000;2.2719359397888184e+00;1.1512000560760498e+00;2.2724161148071289e+00;1.1551359891891479e+00;1.1491839885711670e+00;2.3208000659942627e+00;1.1719679832458496e+00;0.0000000000000000e+00;5.7430417899498595e-07;0.0000000000000000e+00;2.3248718764907989e-09;1.4531969865611460e-07;2.6634862046618719e-16;5.7430417899498595e-07
283000000;2.2871680259704590e+00;1.1599359512329102e+00;2.2876479625701904e+00;1.1629120111465454e+00;1.1585600376129150e+00;2.3334400653839111e+00;1.1774400472640991e+00;0.0000000000000000e+00;7.9074130610344276e-07;7.5867556010684642e-16;4.4004766347874745e-08;1.1301670059923373e-06;7.5867556010684642e-16;6.5497102614788498e-07
285000000;2.3037440776824951e+00;1.1674239635467529e+00;2.3040320873260498e+00;1.1684160232543945e+00;1.1681920289993286e+00;2.3527359962463379e+00;1.1840319633483887e+00;0.0000000000000000e+00;8.2538854392609470e-07;2.7836025717669054e-16;3.4491556835705858e-09;5.2650149365608596e-07;4.1754038576503578e-16;6.7594501879109033e-07
287000000;2.3195519447326660e+00;1.1754239797592163e+00;2.3200960159301758e+00;1.1789439916610718e+00;1.1744639873504639e+00;2.3637759685516357e+00;1.1961920261383057e+00;0.0000000000000000e+00;6.8354885076664323e-07;1.3582730501526202e-16;2.7253288704230235e-08;1.0481574963568727e-06;1.2224457451373580e-15;4.6478366341250558e-07
289000000;2.3363199234008789e+00;1.1834559440612793e+00;2.3355519771575928e+00;1.1864960193634033e+00;1.1854720115661621e+00;2.3844480514526367e+00;1.2012480497360229e+00;0.0000000000000000e+00;6.1095435278164482e-07;2.7312794657672093e-16;2.4416553696319024e-08;6.8427157766731053e-07;1.2290757595952444e-15;3.9100267812464764e-07
291000000;2.3520638942718506e+00;1.1911040544509888e+00;2.3516480922698975e+00;1.1953599452972412e+00;1.1920000314712524e+00;2.4030721187591553e+00;1.2136319875717163e+00;0.0000000000000000e+00;2.0638062805480383e-07;1.5749729610353490e-16;4.7286522935112626e-08;6.3917654191158436e-07;6.2998918441413959e-16;7.2373225890822321e-07
293000000;2.3687679767608643e+00;1.1986559629440308e+00;2.3685760498046875e+00;1.2016639709472656e+00;1.2002880573272705e+00;2.4141759872436523e+00;1.2184319496154785e+00;0.0000000000000000e+00;1.2519618810235796e-06;8.0947183990774437e-16;3.5132603220731224e-08;1.1650455040376618e-06;1.6189436798154888e-16;3.8279811116440220e-07
295000000;2.3847041130065918e+00;1.2073279619216919e+00;2.3835840225219727e+00;1.2120319604873657e+00;1.2069760560989380e+00;2.4313280582427979e+00;1.2256640195846558e+00;0.0000000000000000e+00;3.0780441185335764e-07;3.4702321577162827e-16;2.8344406348627349e-08;8.6672442286281822e-07;8.6755803942907069e-16;4.9411108218984447e-07
297000000;2.4019520282745361e+00;1.2156159877777100e+00;2.4002559185028076e+00;1.2184000015258789e+00;1.2154560089111328e+00;2.4446399211883545e+00;1.2386879920959473e+00;0.0000000000000000e+00;1.6648664836667144e-08;1.1319502747738189e-15;1.6648664836667144e-08;1.8592172728215642e-07;7.5463351651587921e-16;6.9234770757921539e-07
299000000;2.4145278930664062e+00;1.2235840559005737e+00;2.4172160625457764e+00;1.2280639410018921e+00;1.2236479520797729e+00;2.4659519195556641e+00;1.2437440156936646e+00;0.0000000000000000e+00;5.0039832821311993e-07;1.9553012507148115e-15;2.4473854639880807e-08;1.2352193842073209e-06;1.9553012507148115e-16;8.6426934720468203e-07
301000000;2.4313919544219971e+00;1.2330559492111206e+00;2.4303359985351562e+00;1.2350399494171143e+00;1.2313280105590820e+00;2.4808959960937500e+00;1.2502080202102661e+00;0.0000000000000000e+00;7.7716448925677421e-07;7.8604208710459577e-16;3.8659007951875596e-08;1.4415979099543253e-07;2.1616157395376382e-15;7.7716448925677421e-07
303000000;2.4477438926696777e+00;1.2403199672698975e+00;2.4491519927978516e+00;1.2443200349807739e+00;1.2397439479827881e+00;2.4984319210052490e+00;1.2621439695358276e+00;0.0000000000000000e+00;3.3472005922361439e-07;3.3465891720677019e-16;6.5217102089017598e-08;2.0428585504557920e-07;1.8406240446372360e-15;4.2455437826847998e-07
305000000;2.4641919136047363e+00;1.2494720220565796e+00;2.4647359848022461e+00;1.2518719434738159e+00;1.2467520236968994e+00;2.5137600898742676e+00;1.2695039510726929e+00;0.0000000000000000e+00;9.0036840006976420e-07;1.6508319881728209e-15;7.4543642484263010e-08;9.0036840006976420e-07;2.1460815846246671e-15;6.9494221501864398e-07
307000000;2.4792320728302002e+00;1.2565120458602905e+00;2.4808640480041504e+00;1.2612799406051636e+00;1.2569919824600220e+00;2.5285120010375977e+00;1.2770240306854248e+00;0.0000000000000000e+00;8.3988236462913385e-08;0.0000000000000000e+00;7.9003203519940595e-09;1.4623165886865251e-06;1.7115577462112056e-16;3.7545454761162382e-07
309000000;2.4965438842773438e+00;1.2647999525070190e+00;2.4974720478057861e+00;1.2661119699478149e+00;1.2628799676895142e+00;2.5479040145874023e+00;1.2863359451293945e+00;0.0000000000000000e+00;1.3687663831040542e-06;1.6264449035440451e-16;2.8339150789455437e-08;1.0194899996306768e-06;1.4638004131896407e-15;2.9029643839448849e-07
311000000;2.5125119686126709e+00;1.2723519802093506e+00;2.5125119686126709e+00;1.2770880460739136e+00;1.2721920013427734e+00;2.5634241104125977e+00;1.2951359748840332e+00;0.0000000000000000e+00;4.5766841234514268e-08;1.7488751356184163e-16;4.5766841234514268e-08;4.8125177668844018e-08;3.4977502712368327e-16;6.0911895465466399e-07
313000000;2.5294399261474609e+00;1.2794560194015503e+00;2.5278720855712891e+00;1.2854080200195312e+00;1.2804160118103027e+00;2.5784959793090820e+00;1.3034559488296509e+00;0.0000000000000000e+00;5.2252303427230901e-07;2.7685810189569909e-15;2.7066162074532730e-08;1.2615753651408798e-07;2.3994368830960585e-15;6.2161440871186424e-07
315000000;2.5441279411315918e+00;1.2884800434112549e+00;2.5450561046600342e+00;1.2910079956054688e+00;1.2892800569534302e+00;2.5962560176849365e+00;1.3091520071029663e+00;0.0000000000000000e+00;5.0150260760445935e-07;6.6434248256544716e-16;5.5669914485389703e-08;1.0365018393473430e-06;3.3217124128272358e-16;5.9066914622827327e-07
317000000;2.5624959468841553e+00;1.2969919443130493e+00;2.5605759620666504e+00;1.3018239736557007e+00;1.2975039482116699e+00;2.6112320423126221e+00;1.3189439773559570e+00;0.0000000000000000e+00;3.7035622358538680e-07;5.2710906753943818e-16;6.9631441657702568e-09;5.5901590746096535e-07;3.5140604502629214e-16;3.7035622358538680e-07
319000000;2.5771839618682861e+00;1.3045120239257812e+00;2.5779840946197510e+00;1.3094079494476318e+00;1.3061759471893311e+00;2.6315839290618896e+00;1.3298879861831665e+00;0.0000000000000000e+00;2.5279779238744126e-07;3.0921160833673965e-15;5.7495771012462201e-08;5.2841029311247503e-07;2.7283377206182911e-15;2.5279779238744126e-07
321000000;2.5950720310211182e+00;1.3135039806365967e+00;2.5936961174011230e+00;1.3163839578628540e+00;1.3144639730453491e+00;2.6434559822082520e+00;1.3367680311203003e+00;0.0000000000000000e+00;3.4233219851779855e-07;1.6844129838383940e-15;3.2150729610636423e-09;1.0982396889118133e-07;6.3165486893939774e-16;6.7501917815240622e-07
323000000;2.6100480556488037e+00;1.3212800025939941e+00;2.6103999614715576e+00;1.3259199857711792e+00;1.3225599527359009e+00;2.6605439186096191e+00;1.3402559757232666e+00;0.0000000000000000e+00;2.2140817305421576e-07;2.0024142785177858e-16;6.4005770722826059e-09;2.0860701890965054e-07;1.6019314228142287e-15;6.5142336501808201e-07
325000000;2.6273601055145264e+00;1.3308800458908081e+00;2.6262719631195068e+00;1.3339519500732422e+00;1.3301119804382324e+00;2.6786239147186279e+00;1.3509759902954102e+00;0.0000000000000000e+00;4.1041983802315910e-08;2.1319853971625858e-16;7.3418110652220046e-08;1.0711828338931396e-06;2.1319853971625858e-16;9.8909886628850778e-07
327000000;2.6426239013671875e+00;1.3369920253753662e+00;2.6413440704345703e+00;1.3421440124511719e+00;1.3385920524597168e+00;2.6960320472717285e+00;1.3597760200500488e+00;0.0000000000000000e+00;9.3694897250285229e-07;1.8816436773886658e-16;7.3250784635834529e-08;4.3184909393350891e-07;9.4082183869433288e-16;4.7733068749130929e-07
329000000;2.6562879085540771e+00;1.3463679552078247e+00;2.6576640605926514e+00;1.3509440422058105e+00;1.3457280397415161e+00;2.7096319198608398e+00;1.3684480190277100e+00;0.0000000000000000e+00;5.0961822460293202e-07;1.0772452551731889e-15;2.7666855775846593e-08;3.1683767707209787e-07;1.0772452551731889e-15;5.0961822460293202e-07
331000000;2.6749119758605957e+00;1.3539199829101562e+00;2.6742401123046875e+00;1.3575359582901001e+00;1.3541439771652222e+00;2.7240960597991943e+00;1.3772799968719482e+00;0.0000000000000000e+00;7.7852478941754994e-07;1.3007315142739654e-15;1.9560826965769784e-08;4.7924268327380503e-07;7.4327515101369445e-16;3.7948198122589008e-07
333000000;2.6902079582214355e+00;1.3604480028152466e+00;2.6917760372161865e+00;1.3672000169754028e+00;1.3632320165634155e+00;2.7437760829925537e+00;1.3864320516586304e+00;0.0000000000000000e+00;9.5281525860945506e-08;5.4885239916169270e-16;2.9394368361631570e-09;2.9760232492748914e-07;1.8295079972056424e-16;4.8816537664938016e-07
335000000;2.7067201137542725e+00;1.3700480461120605e+00;2.7060160636901855e+00;1.3727040290832520e+00;1.3714239597320557e+00;2.7616961002349854e+00;1.3919999599456787e+00;0.0000000000000000e+00;4.0614353782651281e-07;5.8966038808612171e-16;1.5951809269580704e-08;6.1719121137455954e-07;3.9310692539074786e-16;6.4909482991372095e-07
337000000;2.7219200134277344e+00;1.3794879913330078e+00;2.7241919040679932e+00;1.3815040588378906e+00;1.3789440393447876e+00;2.7764480113983154e+00;1.3984320163726807e+00;0.0000000000000000e+00;3.1523117406960437e-07;6.0924793143823352e-16;1.1856318515753547e-08;2.2991464690599215e-07;4.0616528762548900e-16;5.5700213949135000e-07
339000000;2.7387840747833252e+00;1.3865280151367188e+00;2.7392001152038574e+00;1.3904960155487061e+00;1.3860160112380981e+00;2.7887361049652100e+00;1.4097599983215332e+00;0.0000000000000000e+00;1.8222298012442249e-06;7.7872884938283905e-16;3.0471797377615898e-08;3.0471797377615898e-08;4.4498791393305087e-16;6.2772446533315220e-07
341000000;2.7545280456542969e+00;1.3951679468154907e+00;2.7537279129028320e+00;1.3978240489959717e+00;1.3961280584335327e+00;2.8105919361114502e+00;1.4181439876556396e+00;0.0000000000000000e+00;8.6765477107987427e-07;0.0000000000000000e+00;2.6533168778773061e-08;6.7354978593346626e-07;1.5667110724395164e-15;3.5004147735611969e-07
343000000;2.7707839012145996e+00;1.4020160436630249e+00;2.7700800895690918e+00;1.4062080383300781e+00;1.4044799804687500e+00;2.8309760093688965e+00;1.4261440038681030e+00;0.0000000000000000e+00;1.0004669224358275e-06;3.2144677022959284e-15;4.7312417483626330e-08;1.0894649630241774e-07;1.7220362690871043e-15;3.5548281157758339e-07
345000000;2.7860798835754395e+00;1.4115200042724609e+00;2.7856960296630859e+00;1.4149760007858276e+00;1.4119360446929932e+00;2.8455040454864502e+00;1.4353280067443848e+00;0.0000000000000000e+00;1.0270950954163194e-06;1.0139909456685237e-15;5.9304439841559080e-08;5.9304439841559080e-08;2.0279818913370474e-15;5.9304439841559080e-08
347000000;2.8037118911743164e+00;1.4172159433364868e+00;2.8033919334411621e+00;1.4230079650878906e+00;1.4206080436706543e+00;2.8563520908355713e+00;1.4450559616088867e+00;0.0000000000000000e+00;4.2877221707318941e-07;3.0340265688881498e-15;1.5467949582595644e-08;7.5586822734223739e-07;4.4131295547464002e-15;8.9507977358559826e-08
349000000;2.8198719024658203e+00;1.4279680252075195e+00;2.8189439773559570e+00;1.4286719560623169e+00;1.4284479618072510e+00;2.8794240951538086e+00;1.4539519548416138e+00;0.0000000000000000e+00;3.0494515564617527e-07;8.4647393054014727e-16;7.3760870248252664e-08;5.3216877118283203e-07;2.2572638147737259e-15;7.7721540109518500e-08
351000000;2.8352320194244385e+00;1.4338560104370117e+00;2.8362240791320801e+00;1.4387840032577515e+00;1.4374719858169556e+00;2.8955519199371338e+00;1.4591679573059082e+00;0.0000000000000000e+00;1.5624502137491197e-06;2.0172893472369719e-15;2.0430975540184583e-08;8.9597392352204423e-07;1.0862327254352925e-15;6.2878560738199850e-08
353000000;2.8530559539794922e+00;1.4450880289077759e+00;2.8511040210723877e+00;1.4476799964904785e+00;1.4443839788436890e+00;2.9073278903961182e+00;1.4695039987564087e+00;0.0000000000000000e+00;1.3152616767827011e-07;1.0906713376398625e-15;4.7876208288131126e-08;6.3342592401910405e-07;6.2324076436563564e-16;1.1942371049214685e-07
355000000;2.8672320842742920e+00;1.4534720182418823e+00;2.8687040805816650e+00;1.4557759761810303e+00;1.4501119852066040e+00;2.9231359958648682e+00;1.4727040529251099e+00;0.0000000000000000e+00;1.0789489477841837e-06;3.1817992553127785e-15;1.1807774703379431e-07;3.3209817495350925e-06;2.5852118949416327e-15;6.5189508078401063e-07
357000000;2.8846399784088135e+00;1.4615679979324341e+00;2.8831360340118408e+00;1.4618240594863892e+00;1.4621119499206543e+00;2.9411520957946777e+00;1.4834879636764526e+00;0.0000000000000000e+00;2.9627267500980228e-06;6.5969854421523754e-15;1.6232877117762629e-07;3.6919063717290075e-06;3.1044637374834707e-15;1.5017678094993861e-07
359000000;2.9000320434570312e+00;1.4666240215301514e+00;2.9009599685668945e+00;1.4706560373306274e+00;1.4697920083999634e+00;2.9585280418395996e+00;1.4916479587554932e+00;0.0000000000000000e+00;2.7807370576846402e-06;5.8489039970209631e-15;1.2960548078076000e-07;3.6232046346088350e-06;1.9971867306900851e-15;5.8913325001213895e-07
361000000;2.9150719642639160e+00;1.4758080244064331e+00;2.9141440391540527e+00;1.4808000326156616e+00;1.4762560129165649e+00;2.9799358844757080e+00;1.5027519464492798e+00;0.0000000000000000e+00;7.2728410257265054e-06;1.8372730586785474e-15;8.0162059152955465e-08;9.9588717278062421e-07;6.3469432936168002e-15;3.6819178748603602e-07
363000000;2.9329280853271484e+00;1.4857920408248901e+00;2.9317440986633301e+00;1.4892480373382568e+00;1.4861760139465332e+00;2.9930560588836670e+00;1.5110399723052979e+00;0.0000000000000000e+00;1.2829149557101808e-06;1.4389433923040367e-15;1.2167931945825918e-07;1.1751250258345892e-06;8.1104082111682071e-15;1.5923953557542881e-07
365000000;2.9487359523773193e+00;1.4936640262603760e+00;2.9493761062622070e+00;1.4967360496520996e+00;1.4927040338516235e+00;3.0089919567108154e+00;1.5193279981613159e+00;0.0000000000000000e+00;2.2603056016636436e-06;3.3100901044982731e-15;1.0914918927524048e-07;2.4083965260973241e-06;2.4825675783737049e-15;2.5724011370892076e-07
367000000;2.9644479751586914e+00;1.5000959634780884e+00;2.9654719829559326e+00;1.5035200119018555e+00;1.5021120309829712e+00;3.0222721099853516e+00;1.5246080160140991e+00;0.0000000000000000e+00;1.3906334385997051e-06;4.5709682195173959e-15;2.4537981255717520e-07;5.7262681302126497e-07;4.3533030662070434e-16;9.4652834876726678e-07
369000000;2.9812159538269043e+00;1.5095039606094360e+00;2.9807679653167725e+00;1.5126399993896484e+00;1.5104000568389893e+00;3.0363519191741943e+00;1.5305919647216797e+00;0.0000000000000000e+00;6.1937643975141238e-07;5.0566194922843454e-15;1.8499449905145384e-07;2.3970145807593359e-06;5.6184661025381616e-16;9.8936543785432007e-07
371000000;2.9969279766082764e+00;1.5176639556884766e+00;2.9964160919189453e+00;1.5204160213470459e+00;1.5174080133438110e+00;3.0538558959960938e+00;1.5453759431838989e+00;0.0000000000000000e+00;1.7714625604575984e-06;5.9279183413854257e-15;1.3805359526307410e-07;3.3627260235581588e-06;1.5807782243694469e-15;4.5630628788318618e-07
373000000;3.0120639801025391e+00;1.5260479450225830e+00;3.0147840976715088e+00;1.5289920568466187e+00;1.5260800123214722e+00;3.0822401046752930e+00;1.5523200035095215e+00;0.0000000000000000e+00;5.1760411646712871e-06;4.5609628627172662e-15;2.9260668680354667e-07;3.6252305799246924e-06;1.0490214584249713e-14;1.8434172715501414e-06
375000000;3.0289280414581299e+00;1.5327999591827393e+00;3.0311679840087891e+00;1.5388159751892090e+00;1.5354559421539307e+00;3.0971200466156006e+00;1.5611840486526489e+00;0.0000000000000000e+00;3.4571590462031024e-06;7.4248948664790950e-15;4.6676649979154244e-07;1.3484968774856084e-05;3.2947970970000983e-14;5.9133556474375337e-07
377000000;3.0459840297698975e+00;1.5416320562362671e+00;3.0450561046600342e+00;1.5445120334625244e+00;1.5413440465927124e+00;3.1093759536743164e+00;1.5679359436035156e+00;0.0000000000000000e+00;1.2634956286224447e-05;1.8903727676228694e-14;1.3679998555169318e-06;1.5833460344036527e-05;4.5176705124546543e-14;4.8082918954276230e-06
379000000;3.0600640773773193e+00;1.5497920513153076e+00;3.0622720718383789e+00;1.5547200441360474e+00;1.5507520437240601e+00;3.1282560825347900e+00;1.5768640041351318e+00;0.0000000000000000e+00;2.8062737476908226e-06;1.3944030028311421e-14;3.4024980285390171e-07;4.5037258030757640e-06;3.7730904782489724e-15;1.5732617752723621e-06
381000000;3.0771200656890869e+00;1.5590399503707886e+00;3.0782721042633057e+00;1.5621119737625122e+00;1.5579839944839478e+00;3.1397759914398193e+00;1.5853120088577271e+00;0.0000000000000000e+00;1.9308904968049471e-06;8.8708402928629714e-15;2.4291718907584161e-07;1.9308904968049471e-06;8.9831294104941482e-16;1.5691819308629960e-06
383000000;3.0946240425109863e+00;1.5665600299835205e+00;3.0953600406646729e+00;1.5705920457839966e+00;1.5664960145950317e+00;3.1538560390472412e+00;1.5911680459976196e+00;0.0000000000000000e+00;5.2249844761761633e-06;9.1567856122520388e-15;3.0897263353793296e-07;7.4673758429936011e-06;5.4619422950275314e-15;2.1201348913520179e-06
385000000;3.1075520515441895e+00;1.5736320018768311e+00;3.1122241020202637e+00;1.5773119926452637e+00;1.5743360519409180e+00;3.1720321178436279e+00;1.6013120412826538e+00;0.0000000000000000e+00;5.2224998431230154e-06;1.4369517881920237e-14;2.8795112160099092e-07;7.5455917167830998e-07;2.5243747630400420e-14;2.9984778841271731e-06
387000000;3.1244800090789795e+00;1.5819519758224487e+00;3.1277120113372803e+00;1.5861120223999023e+00;1.5815360546112061e+00;3.1921598911285400e+00;1.6069120168685913e+00;0.0000000000000000e+00;1.6905020057892432e-06;2.3001911382552292e-15;4.5559629161984026e-07;1.9435408425879287e-07;2.1912347159168236e-14;6.6301248624668549e-06
389000000;3.1425280570983887e+00;1.5917119979858398e+00;3.1425600051879883e+00;1.5940480232238770e+00;1.5908160209655762e+00;3.2062718868255615e+00;1.6176960468292236e+00;0.0000000000000000e+00;6.1717253937108985e-06;7.1062312803564524e-15;5.0475012593291917e-07;8.6662327307206777e-06;1.5579045499242990e-14;4.5399825828605011e-06
391000000;3.1558399200439453e+00;1.5988800525665283e+00;3.1606080532073975e+00;1.6028159856796265e+00;1.5980800390243530e+00;3.2225921154022217e+00;1.6294720172882080e+00;0.0000000000000000e+00;1.6962844084251097e-04;4.3174767198560954e-14;6.3334717371991695e-06;7.0893637457062464e-05;3.2215018602003177e-13;2.4609439858207696e-05
393000000;3.1745920181274414e+00;1.6076480150222778e+00;3.1762239933013916e+00;1.6108479499816895e+00;1.6071360111236572e+00;3.2337601184844971e+00;1.6331520080566406e+00;0.0000000000000000e+00;1.8747591814906247e-07;7.6013678970633346e-15;1.8747591814906247e-07;4.0878085074493244e-06;9.0492474965039701e-15;2.6166147963299642e-06
395000000;3.1904320716857910e+00;1.6144959926605225e+00;3.1926081180572510e+00;1.6174080371856689e+00;1.6167999505996704e+00;3.2508800029754639e+00;1.6391680240631104e+00;0.0000000000000000e+00;1.9577975288836481e-06;1.4683626399264075e-15;1.5592052398303568e-07;4.9118585522999368e-06;1.3425029850755725e-14;2.8587360313339544e-06
397000000;3.2067201137542725e+00;1.6244479417800903e+00;3.2071681022644043e+00;1.6272959709167480e+00;1.6243840456008911e+00;3.2719678878784180e+00;1.6529279947280884e+00;0.0000000000000000e+00;2.5442549421832934e-06;2.0037641859612938e-15;3.9272953028333859e-07;4.4806278128932526e-06;2.1373484650253802e-15;1.9705148323433055e-06
399000000;3.2221119403839111e+00;1.6325759887695312e+00;3.2232000827789307e+00;1.6357439756393433e+00;1.6332160234451294e+00;3.2909119129180908e+00;1.6612479686737061e+00;0.0000000000000000e+00;6.5408855794252578e-06;2.0560029300527831e-14;2.4644230660578868e-07;5.9023188705885001e-06;4.0780223406005617e-15;8.8500901544254643e-07
401000000;3.2391679286956787e+00;1.6390399932861328e+00;3.2396159172058105e+00;1.6429760456085205e+00;1.6390080451965332e+00;3.3092799186706543e+00;1.6609920263290405e+00;0.0000000000000000e+00;1.1269059382826644e-05;8.1793009808344255e-16;2.9098744006896338e-07;5.5604619725926504e-06;6.7479233091884006e-15;1.2790139149171546e-06
403000000;3.2538878917694092e+00;1.6470719575881958e+00;3.2541120052337646e+00;1.6507840156555176e+00;1.6473280191421509e+00;3.3208000659942627e+00;1.6734080314636230e+00;0.0000000000000000e+00;9.1795654906903845e-06;5.5993286557086784e-15;4.0243143311465639e-07;6.3092117631529903e-07;6.6492027786540553e-15;4.2540184318990356e-06
405000000;3.2706239223480225e+00;1.6562880277633667e+00;3.2707839012145996e+00;1.6590399742126465e+00;1.6557120084762573e+00;3.3327999114990234e+00;1.6830079555511475e+00;0.0000000000000000e+00;7.1763180601935039e-06;1.5362609230462180e-14;2.7645726654551565e-07;3.8970969164283350e-06;4.4422002594107503e-15;1.8663826695831730e-06
407000000;3.2863678932189941e+00;1.6629439592361450e+00;3.2868158817291260e+00;1.6672960519790649e+00;1.6648000478744507e+00;3.3580479621887207e+00;1.6975680589675903e+00;0.0000000000000000e+00;5.2966569290304089e-06;1.3110859352847738e-14;4.8524654993184795e-07;1.4069992784620628e-06;1.4983839260397415e-14;1.8259777914303423e-06
409000000;3.3039999008178711e+00;1.6733119487762451e+00;3.3032960891723633e+00;1.6758719682693481e+00;1.6738239526748657e+00;3.3725440502166748e+00;1.7025599479675293e+00;0.0000000000000000e+00;1.2218684109473505e-06;7.7689774921965303e-15;1.4934148855057304e-07;1.3410380689914370e-06;2.6636494258959530e-15;3.1285829396527330e-06
411000000;3.3204479217529297e+00;1.6817920207977295e+00;3.3210558891296387e+00;1.6844160556793213e+00;1.6809920072555542e+00;3.3866560459136963e+00;1.7063039541244507e+00;0.0000000000000000e+00;1.1262569561247949e-06;9.0402005081794971e-15;6.2493516894287322e-08;9.9328652622098149e-07;5.6965647037843412e-15;1.8575943205957688e-06
413000000;3.3363199234008789e+00;1.6891839504241943e+00;3.3375680446624756e+00;1.6918079853057861e+00;1.6879680156707764e+00;3.4040319919586182e+00;1.7192319631576538e+00;0.0000000000000000e+00;1.0410610382379548e-06;4.9359246086036285e-15;8.9795375505138979e-08;7.6927084888572182e-07;0.0000000000000000e+00;2.4000119849991204e-06
415000000;3.3542399406433105e+00;1.6964479684829712e+00;3.3543040752410889e+00;1.7000960111618042e+00;1.6966400146484375e+00;3.4191679954528809e+00;1.7235200405120850e+00;0.0000000000000000e+00;7.5883392406546073e-06;8.3996444392131319e-15;1.5627938703953462e-07;4.7453779722605554e-06;3.6520193213970134e-15;2.5090749195035776e-06
417000000;3.3685119152069092e+00;1.7033280134201050e+00;3.3674879074096680e+00;1.7073279619216919e+00;1.7047359943389893e+00;3.4373440742492676e+00;1.7354880571365356e+00;0.0000000000000000e+00;1.0587865319508577e-06;2.5421574474699964e-15;9.0527478382455043e-08;4.1229740113836929e-07;5.4857081761194655e-15;4.4968810661161529e-07
419000000;3.3845760822296143e+00;1.7143360376358032e+00;3.3847360610961914e+00;1.7152960300445557e+00;1.7136640548706055e+00;3.4496641159057617e+00;1.7425919771194458e+00;0.0000000000000000e+00;2.3662049609000615e-06;1.1945556376077117e-15;9.2196708389180856e-08;9.2196708389180856e-08;3.1854817002872309e-15;1.3748410575835681e-06
421000000;3.4018239974975586e+00;1.7222080230712891e+00;3.4008638858795166e+00;1.7229759693145752e+00;1.7207679748535156e+00;3.4765439033508301e+00;1.7525119781494141e+00;0.0000000000000000e+00;1.8359570925029075e-07;4.9298859490601464e-15;2.8141279991941749e-08;2.8141279991941749e-08;7.8878175184962338e-16;5.5748375309752303e-07
423000000;3.4182720184326172e+00;1.7303040027618408e+00;3.4170880317687988e+00;1.7328000068664551e+00;1.7312639951705933e+00;3.4900159835815430e+00;1.7568320035934448e+00;0.0000000000000000e+00;3.3871157381541886e-06;7.1566506334350963e-15;1.1202846138726777e-07;1.1411885200759315e-06;8.9458132917938704e-16;1.5528525435513970e-06
425000000;3.4324159622192383e+00;1.7379839420318604e+00;3.4317119121551514e+00;1.7395199537277222e+00;1.7391999959945679e+00;3.5103039741516113e+00;1.7708159685134888e+00;0.0000000000000000e+00;6.7716188368428895e-08;1.2797946043685427e-15;6.7716188368428895e-08;8.6931476752511731e-07;2.1329910072809043e-15;4.1125843657843820e-07
427000000;3.4465920925140381e+00;1.7455040216445923e+00;3.4452800750732422e+00;1.7492799758911133e+00;1.7476799488067627e+00;3.5200641155242920e+00;1.7766400575637817e+00;0.0000000000000000e+00;9.5351176616138632e-07;4.3996808983877249e-16;1.2679052241214728e-07;1.0716148009827062e-06;6.8195053925009741e-15;4.8109962687610688e-07
429000000;3.4665279388427734e+00;1.7551360130310059e+00;3.4631359577178955e+00;1.7571840286254883e+00;1.7557439804077148e+00;3.5418879985809326e+00;1.7842240333557129e+00;0.0000000000000000e+00;5.6791750929287581e-07;1.7310945611661826e-15;5.1665367914809613e-08;1.9103470765761944e-06;1.0001879686737944e-14;1.1875673094622330e-06
431000000;3.4817600250244141e+00;1.7616640329360962e+00;3.4785599708557129e+00;1.7654399871826172e+00;1.7624959945678711e+00;3.5529279708862305e+00;1.7937599420547485e+00;0.0000000000000000e+00;7.4824262220034311e-07;3.9622246081087382e-15;6.7537617751005159e-08;6.7537617751005159e-08;3.3282686708113405e-15;4.9297824553184134e-07
433000000;3.4987199306488037e+00;1.7696959972381592e+00;3.4962880611419678e+00;1.7726399898529053e+00;1.7703039646148682e+00;3.5717120170593262e+00;1.7976000308990479e+00;0.0000000000000000e+00;3.7174517435849282e-07;1.4550576008848870e-15;3.6954559558663695e-08;5.9493891755837888e-07;1.4550576008848870e-15;9.2972953235820795e-07
435000000;3.5124800205230713e+00;1.7781759500503540e+00;3.5133121013641357e+00;1.7812479734420776e+00;1.7779840230941772e+00;3.5888640880584717e+00;1.8103359937667847e+00;0.0000000000000000e+00;3.2334579968207635e-07;8.5958700789762682e-15;5.0833060485504808e-08;1.2357327843495118e-06;1.3242286337882359e-14;1.2357327843495118e-06
437000000;3.5298240184783936e+00;1.7868479490280151e+00;3.5304958820343018e+00;1.7912640571594238e+00;1.7882879972457886e+00;3.6017599105834961e+00;1.8191039562225342e+00;0.0000000000000000e+00;2.9584654026225593e-06;2.0263683800350127e-16;8.7649670042048358e-08;2.5233061065276151e-06;3.4448262460595213e-15;7.4038861418446422e-07
439000000;3.5453441143035889e+00;1.7949440479278564e+00;3.5460159778594971e+00;1.7979199886322021e+00;1.7931840419769287e+00;3.6222400665283203e+00;1.8277120590209961e+00;0.0000000000000000e+00;1.6326672509867388e-06;2.7884322283148225e-15;3.5837220623462885e-08;6.6277591766047026e-07;2.4166412645395130e-15;8.3425223580510074e-07
441000000;3.5625920295715332e+00;1.8034559488296509e+00;3.5617918968200684e+00;1.8062399625778198e+00;1.8037760257720947e+00;3.6425600051879883e+00;1.8341120481491089e+00;0.0000000000000000e+00;9.2904994049675858e-07;2.7495597383367496e-15;5.5055822382796096e-08;7.1817013416542547e-07;4.0588738994494876e-15;1.1797481228165730e-06
443000000;3.5776638984680176e+00;1.8117439746856689e+00;3.5779840946197510e+00;1.8151999711990356e+00;1.8120959997177124e+00;3.6559040546417236e+00;1.8397439718246460e+00;0.0000000000000000e+00;5.6855248850371157e-06;1.4275446466272596e-15;6.2529087629093423e-08;3.3863032959706323e-06;2.2840714346036153e-15;1.8252656392467311e-06
445000000;3.5951359272003174e+00;1.8180799484252930e+00;3.5951039791107178e+00;1.8219200372695923e+00;1.8200639486312866e+00;3.6656959056854248e+00;1.8502080440521240e+00;0.0000000000000000e+00;6.9366530445346073e-07;4.0879345852555887e-15;1.0440493881290648e-07;1.9572765229585423e-06;9.9101444491044584e-16;1.7670512789511715e-06
447000000;3.6101438999176025e+00;1.8273919820785522e+00;3.6108160018920898e+00;1.8310079574584961e+00;1.8285119533538818e+00;3.6873281002044678e+00;1.8598719835281372e+00;0.0000000000000000e+00;6.8133127401792765e-07;6.7889715432214130e-15;7.3864383359373135e-08;1.9721984166673562e-06;4.1016703073629368e-15;1.2128648033441630e-06
449000000;3.6278080940246582e+00;1.8329279422760010e+00;3.6268160343170166e+00;1.8389760255813599e+00;1.8339519500732422e+00;3.7024319171905518e+00;1.8657280206680298e+00;0.0000000000000000e+00;1.3543260652532041e-06;2.2258651292503649e-15;8.9029573798289785e-08;9.3256056810156600e-07;9.5581267314868612e-15;2.0572685605059341e-06
451000000;3.6422719955444336e+00;1.8415999412536621e+00;3.6423358917236328e+00;1.8463679552078247e+00;1.8456959724426270e+00;3.7229440212249756e+00;1.8782399892807007e+00;0.0000000000000000e+00;5.4012113432418029e-07;1.4121774814290557e-15;1.0972773341354555e-07;6.5126845652831705e-07;7.0608874071452780e-15;8.6788474577422572e-07
453000000;3.6606080532073975e+00;1.8512320518493652e+00;3.6600639820098877e+00;1.8557759523391724e+00;1.8519040346145630e+00;3.7357759475708008e+00;1.8853759765625000e+00;0.0000000000000000e+00;2.1804621525301872e-06;4.9173434344612590e-15;9.3037170079057776e-08;5.2280113705429025e-07;7.8906208599494611e-15;1.0753548088795892e-06
455000000;3.6749119758605957e+00;1.8596479892730713e+00;3.6758399009704590e+00;1.8636159896850586e+00;1.8600959777832031e+00;3.7511360645294189e+00;1.8944319486618042e+00;0.0000000000000000e+00;1.4596348511799073e-06;2.4285625530436621e-15;3.7280750050890091e-08;2.7634594438815066e-06;6.1817955895656851e-15;5.1139878376056255e-07
457000000;3.6915519237518311e+00;1.8684799671173096e+00;3.6921598911285400e+00;1.8717119693756104e+00;1.8686720132827759e+00;3.7688961029052734e+00;1.9016000032424927e+00;0.0000000000000000e+00;1.6811749900387509e-06;4.4162244285687592e-15;9.7031837383040471e-08;8.9086084451795468e-07;9.7524956130893416e-15;1.0849245192840356e-06
459000000;3.7047679424285889e+00;1.8745919466018677e+00;3.7061760425567627e+00;1.8800319433212280e+00;1.8770240545272827e+00;3.7819840908050537e+00;1.9121279716491699e+00;0.0000000000000000e+00;1.6288813556880142e-06;4.1132619006148359e-16;2.7336645220441057e-08;8.0023837897772014e-07;5.3472404707992869e-15;1.1314819791594112e-06
461000000;3.7230079174041748e+00;1.8843519687652588e+00;3.7195520401000977e+00;1.8861440420150757e+00;1.8828799724578857e+00;3.8075199127197266e+00;1.9187519550323486e+00;0.0000000000000000e+00;1.1823563739936061e-07;1.1942621987725504e-15;1.1823563739936061e-07;6.2978977105980788e-07;8.3598353914078531e-15;9.7312181849555324e-07
463000000;3.7381119728088379e+00;1.8927999734878540e+00;3.7400319576263428e+00;1.8958400487899780e+00;1.8944640159606934e+00;3.8111999034881592e+00;1.9275200366973877e+00;0.0000000000000000e+00;5.2219731490836327e-08;1.1423713988203577e-15;3.5395407755935276e-08;1.9797527949198114e-06;4.8958774235158188e-15;7.3631652173010804e-07
465000000;3.7553920745849609e+00;1.9005759954452515e+00;3.7533440589904785e+00;1.9053119421005249e+00;1.9011199474334717e+00;3.8399679660797119e+00;1.9346879720687866e+00;0.0000000000000000e+00;2.2906231380022333e-07;2.0672187580883284e-15;8.8031863330744737e-08;8.8031863330744737e-08;4.4297544816178463e-15;9.6004085044090699e-07
467000000;3.7720000743865967e+00;1.9074879884719849e+00;3.7713279724121094e+00;1.9134399890899658e+00;1.9094400405883789e+00;3.8504960536956787e+00;1.9413759708404541e+00;0.0000000000000000e+00;6.7239460709049270e-07;1.8874863021650178e-15;4.8802919440744489e-08;3.4094188534034810e-07;6.2432239225458291e-15;5.1649668517805563e-07
469000000;3.7860798835754395e+00;1.9182720184326172e+00;3.7866239547729492e+00;1.9212160110473633e+00;1.9176000356674194e+00;3.8654398918151855e+00;1.9527039527893066e+00;0.0000000000000000e+00;1.2947200044232861e-07;1.3411696755974007e-15;3.0535774420942662e-08;9.2951087475868499e-07;1.0729357404779206e-14;5.1055909901075647e-07
471000000;3.8041920661926270e+00;1.9252799749374390e+00;3.8025920391082764e+00;1.9301760196685791e+00;1.9266560077667236e+00;3.8838720321655273e+00;1.9570560455322266e+00;0.0000000000000000e+00;1.2363030985865327e-07;7.8312557655696587e-16;4.4544627140012359e-08;9.6450499485198147e-07;6.5782548430785138e-15;9.6950678063267328e-07
473000000;3.8185598850250244e+00;1.9322559833526611e+00;3.8204159736633301e+00;1.9383039474487305e+00;1.9351680278778076e+00;3.9010560512542725e+00;1.9687680006027222e+00;0.0000000000000000e+00;1.6065026014487587e-06;4.2975672087790176e-16;6.8343383609768303e-08;4.5288318806951593e-07;6.8761075340464282e-15;8.3742299252926355e-07
475000000;3.8353281021118164e+00;1.9426560401916504e+00;3.8374400138854980e+00;1.9474240541458130e+00;1.9418879747390747e+00;3.9139199256896973e+00;1.9761279821395874e+00;0.0000000000000000e+00;4.5603810416222397e-08;7.7845506132898069e-16;4.5603810416222397e-08;5.1163602788605198e-07;5.3194429190813681e-15;6.7249862850628114e-07
477000000;3.8512959480285645e+00;1.9502719640731812e+00;3.8546240329742432e+00;1.9535360336303711e+00;1.9508800506591797e+00;3.9333760738372803e+00;1.9843839406967163e+00;0.0000000000000000e+00;2.0105644898483748e-06;1.9842774599190743e-15;3.8090990089696352e-08;5.2976830527483340e-07;7.0212894735598013e-15;2.0198342848474203e-07
479000000;3.8682880401611328e+00;1.9578239917755127e+00;3.8694078922271729e+00;1.9633920192718506e+00;1.9596159458160400e+00;3.9556159973144531e+00;1.9943679571151733e+00;0.0000000000000000e+00;3.5131953944294992e-07;2.9863677128595514e-15;9.4039893215456035e-08;4.4039142597463112e-07;6.4704633778623613e-15;4.5032743934218083e-07
481000000;3.8814399242401123e+00;1.9662719964981079e+00;3.8857600688934326e+00;1.9698879718780518e+00;1.9665919542312622e+00;3.9619519710540771e+00;2.0030078887939453e+00;0.0000000000000000e+00;1.5631638254262554e-06;2.2620366508317092e-15;1.1834311570989974e-07;5.8542837713660954e-07;7.1341155910846215e-15;1.1459306908486612e-06
483000000;3.9005439281463623e+00;1.9759680032730103e+00;3.9011840820312500e+00;1.9779200553894043e+00;1.9755840301513672e+00;3.9913280010223389e+00;2.0097279548645020e+00;0.0000000000000000e+00;1.7461656013095221e-06;2.5193493564064305e-15;1.1361180529371130e-07;6.4720622468033871e-07;4.8812393780374589e-15;7.8989449860397801e-07
485000000;3.9165439605712891e+00;1.9822720289230347e+00;3.9163520336151123e+00;1.9842239618301392e+00;1.9834560155868530e+00;3.9988160133361816e+00;2.0154559612274170e+00;0.0000000000000000e+00;1.6594110043497764e-06;2.8215194592794807e-15;3.6419870068574764e-08;5.7741691482897528e-07;1.0076855211712430e-14;3.6101809692481510e-07
487000000;3.9291520118713379e+00;1.9884799718856812e+00;3.9324479103088379e+00;1.9938240051269531e+00;1.9903359413146973e+00;4.0131521224975586e+00;2.0279359817504883e+00;0.0000000000000000e+00;2.5110913711803711e-06;4.1237007569928506e-15;5.2365981287024828e-08;8.7980032870111919e-07;9.5496228056676542e-15;9.8453229127516881e-07
489000000;3.9475200176239014e+00;1.9994560480117798e+00;3.9493439197540283e+00;2.0017600059509277e+00;1.9986239671707153e+00;4.0389118194580078e+00;2.0371201038360596e+00;0.0000000000000000e+00;2.6706776621313532e-07;1.4624986920461496e-15;7.0774514563729445e-08;1.2378471630989763e-06;5.2406203131653694e-15;5.2879210174567641e-07
491000000;3.9636158943176270e+00;2.0079040527343750e+00;3.9661440849304199e+00;2.0101439952850342e+00;2.0053439140319824e+00;4.0411520004272461e+00;2.0442879199981689e+00;0.0000000000000000e+00;9.8551044181229147e-07;5.1825547822711379e-16;1.5080156807793132e-07;1.8895979010505045e-06;7.4283285212552978e-15;2.5621827588660829e-06
493000000;3.9808959960937500e+00;2.0149118900299072e+00;3.9821760654449463e+00;2.0205121040344238e+00;2.0140480995178223e+00;4.0630722045898438e+00;2.0498878955841064e+00;0.0000000000000000e+00;6.2432822114222349e-07;6.3414585650251272e-16;7.9601078227783297e-08;1.6226712433798423e-06;1.4458525528257291e-14;1.7818733998354089e-06
495000000;3.9964160919189453e+00;2.0226879119873047e+00;3.9970879554748535e+00;2.0257279872894287e+00;2.0238080024719238e+00;4.0840001106262207e+00;2.0620479583740234e+00;0.0000000000000000e+00;3.8350162216884963e-07;2.5073864358100692e-15;4.6965911536404340e-08;3.3001444476500422e-06;1.0656392352192793e-14;1.7296444646986309e-06
497000000;4.0120959281921387e+00;2.0309760570526123e+00;4.0128641128540039e+00;2.0368320941925049e+00;2.0320959091186523e+00;4.0915517807006836e+00;2.0705280303955078e+00;0.0000000000000000e+00;9.4537862446508551e-07;2.5259874901383973e-15;7.1718281183308684e-08;6.3677211765463879e-07;7.7884614279267253e-15;1.8472904847757470e-07
499000000;4.0293121337890625e+00;2.0401918888092041e+00;4.0305280685424805e+00;2.0424640178680420e+00;2.0413119792938232e+00;4.1164798736572266e+00;2.0762879848480225e+00;0.0000000000000000e+00;1.0415764456035909e-06;1.7695095564000683e-15;9.8421405601073232e-08;1.6115753712059231e-06;1.0970959249680423e-14;2.1884174661429577e-06
501000000;4.0458240509033203e+00;2.0497601032257080e+00;4.0448322296142578e+00;2.0504961013793945e+00;2.0480959415435791e+00;4.1376957893371582e+00;2.0909759998321533e+00;0.0000000000000000e+00;4.9135217386410292e-08;1.1067502617688236e-15;9.9410288211606473e-08;1.7334108497897910e-06;1.6324566361090147e-14;9.1641056900069873e-07
503000000;4.0617280006408691e+00;2.0556159019470215e+00;4.0621762275695801e+00;2.0597438812255859e+00;2.0563840866088867e+00;4.1551680564880371e+00;2.0934720039367676e+00;0.0000000000000000e+00;9.7806061093219390e-07;2.1749705698741706e-15;8.5130044198101203e-08;7.7199971091663395e-07;1.4457157317398898e-14;1.5962433109788732e-06
505000000;4.0773119926452637e+00;2.0639679431915283e+00;4.0780482292175293e+00;2.0702719688415527e+00;2.0664000511169434e+00;4.1687679290771484e+00;2.1057920455932617e+00;0.0000000000000000e+00;4.6416857197589343e-06;4.9270093361944108e-15;1.6524757309627449e-07;7.5038750235745143e-07;2.3308544167381252e-14;2.9121527994574522e-06
507000000;4.0911040306091309e+00;2.0700159072875977e+00;4.0918722152709961e+00;2.0757439136505127e+00;2.0708479881286621e+00;4.1851201057434082e+00;2.1121280193328857e+00;0.0000000000000000e+00;2.5859830280071976e-07;3.0018929739660485e-15;6.8994888840773328e-08;1.0686255949189053e-06;2.1719578576342586e-14;2.3442358563601304e-06
509000000;4.1102719306945801e+00;2.0808320045471191e+00;4.1104001998901367e+00;2.0833280086517334e+00;2.0808959007263184e+00;4.1975359916687012e+00;2.1204800605773926e+00;0.0000000000000000e+00;2.0609353396606264e-06;6.3314444470722686e-16;4.6549040177128765e-08;3.6496674960287752e-06;1.4435693339324775e-14;2.5619336225641271e-06
511000000;4.1269440650939941e+00;2.0867199897766113e+00;4.1277441978454590e+00;2.0935680866241455e+00;2.0892798900604248e+00;4.2268800735473633e+00;2.1276159286499023e+00;0.0000000000000000e+00;1.4251534980884747e-06;1.3093948346846790e-15;8.9499099864494480e-08;2.7927024963030418e-06;9.2967033262612197e-15;2.4796174966863541e-06
513000000;4.1458878517150879e+00;2.0940480232238770e+00;4.1433281898498535e+00;2.0986239910125732e+00;2.0951359272003174e+00;4.2350077629089355e+00;2.1364159584045410e+00;0.0000000000000000e+00;2.0587648202394168e-06;4.8763479268811927e-15;1.5478710479649687e-07;2.0587648202394168e-06;2.8814783204297957e-14;3.6057467140367895e-06
515000000;4.1552000045776367e+00;2.1045119762420654e+00;4.1585278511047363e+00;2.1072320938110352e+00;2.1071360111236572e+00;4.2466878890991211e+00;2.1398720741271973e+00;0.0000000000000000e+00;4.9797574968748598e-07;2.2873628279851645e-15;7.9915340917358467e-08;1.6537579308971748e-06;1.1705915649100547e-14;1.9580613853831028e-06
517000000;4.1755518913269043e+00;2.1123199462890625e+00;4.1770238876342773e+00;2.1146879196166992e+00;2.1142399311065674e+00;4.2589120864868164e+00;2.1522240638732910e+00;0.0000000000000000e+00;1.8069736599208035e-06;3.0120161059821645e-15;1.0480120331308414e-07;2.5729512653942772e-06;1.8864732453256714e-14;2.4878426425638910e-06
519000000;4.1892480850219727e+00;2.1204159259796143e+00;4.1912961006164551e+00;2.1239359378814697e+00;2.1232640743255615e+00;4.2880959510803223e+00;2.1611199378967285e+00;0.0000000000000000e+00;1.3057118699284872e-06;9.4739877944464598e-15;1.3723560037196341e-07;1.6498457530674261e-06;2.6501560452032663e-14;2.8865915287402549e-06
521000000;4.2061119079589844e+00;2.1291201114654541e+00;4.2076158523559570e+00;2.1336638927459717e+00;2.1291201114654541e+00;4.3033599853515625e+00;2.1700479984283447e+00;0.0000000000000000e+00;8.9023942414242662e-07;2.3473354562653822e-15;1.2010734642429049e-07;2.4703369149912583e-06;1.7213793345946136e-14;3.6207076996885455e-06
523000000;4.2247037887573242e+00;2.1385600566864014e+00;4.2210559844970703e+00;2.1426880359649658e+00;2.1363520622253418e+00;4.3189120292663574e+00;2.1818559169769287e+00;0.0000000000000000e+00;3.0970582474249297e-05;1.1368047425683932e-13;1.4986504122120550e-06;5.6581341034426033e-05;1.7383571810256370e-13;2.1813624998928516e-05
525000000;4.2368001937866211e+00;2.1473920345306396e+00;4.2396478652954102e+00;2.1502399444580078e+00;2.1466879844665527e+00;4.3310718536376953e+00;2.1893119812011719e+00;0.0000000000000000e+00;2.2290651104972304e-05;3.0703246525673936e-14;7.0704805871231862e-07;4.3928750239482691e-06;1.5775701253523072e-13;1.8738918958119394e-05
527000000;4.2562241554260254e+00;2.1536319255828857e+00;4.2545919418334961e+00;2.1579840183258057e+00;2.1533439159393311e+00;4.3534722328186035e+00;2.1960639953613281e+00;0.0000000000000000e+00;6.6129002855152356e-05;4.3372690190182971e-14;1.3558576676360896e-06;3.1282690570729049e-05;2.1518352280974578e-13;4.6943033267963987e-05
529000000;4.2723197937011719e+00;2.1603839397430420e+00;4.2703361511230469e+00;2.1678080558776855e+00;2.1627199649810791e+00;4.3709759712219238e+00;2.2005760669708252e+00;0.0000000000000000e+00;8.8151843923958863e-06;5.1304024068108723e-15;1.3295061488774690e-07;1.9627609865797350e-06;1.3383658452550101e-14;4.2644963434950683e-06
531000000;4.2882881164550781e+00;2.1704320907592773e+00;4.2885122299194336e+00;2.1753919124603271e+00;2.1701118946075439e+00;4.3776001930236816e+00;2.2100479602813721e+00;0.0000000000000000e+00;1.9192049818474492e-06;5.0685738348626141e-14;1.6548688605265588e-06;1.3113381669562131e-04;2.6099372731755254e-13;4.6655707694053844e-05
533000000;4.3046078681945801e+00;2.1776640415191650e+00;4.3047041893005371e+00;2.1821119785308838e+00;2.1803519725799561e+00;4.4073920249938965e+00;2.2223999500274658e+00;0.0000000000000000e+00;8.0207094291939616e-06;5.8808486528619882e-14;6.1198460342720411e-07;4.9730541113815815e-06;3.2482665844327947e-14;1.4631571581416605e-05
535000000;4.3204159736633301e+00;2.1869120597839355e+00;4.3201918601989746e+00;2.1878719329833984e+00;2.1878080368041992e+00;4.4279360771179199e+00;2.2323200702667236e+00;0.0000000000000000e+00;4.2921524471621409e-06;2.4954710194801603e-14;2.0363883504552143e-07;3.1232467137881489e-06;3.7850768483390352e-14;5.6885041993388694e-06
