Num rows;TRSV fp64;TRSV fp32;TRSV Acc<fp64, fp64>;TRSV Acc<fp64, fp32>;TRSV Acc<fp32, fp32>;CUBLAS TRSV fp64;CUBLAS TRSV fp32
+100;+5.6352000683546066e-02;+5.3247999399900436e-02;+5.6223999708890915e-02;+5.5456001311540604e-02;+5.3536001592874527e-02;+2.0479999482631683e-02;+2.4224000051617622e-02
+200;+7.1967996656894684e-02;+6.8223997950553894e-02;+7.1935996413230896e-02;+6.6303998231887817e-02;+6.3359998166561127e-02;+2.6464000344276428e-02;+2.4480000138282776e-02
+300;+7.5263999402523041e-02;+7.0752002298831940e-02;+7.5295999646186829e-02;+7.4464000761508942e-02;+7.0975996553897858e-02;+3.0751999467611313e-02;+2.7712000533938408e-02
+400;+8.1440001726150513e-02;+7.6191999018192291e-02;+8.1536002457141876e-02;+7.9744003713130951e-02;+7.6384000480175018e-02;+3.7184000015258789e-02;+3.3183999359607697e-02
+500;+9.0368002653121948e-02;+8.3711996674537659e-02;+8.9983999729156494e-02;+8.8384002447128296e-02;+8.3839997649192810e-02;+4.4319998472929001e-02;+3.9423998445272446e-02
+600;+9.8783999681472778e-02;+9.1839998960494995e-02;+9.9008001387119293e-02;+9.6064001321792603e-02;+9.1424003243446350e-02;+5.0815999507904053e-02;+4.5568000525236130e-02
+700;+1.0652799904346466e-01;+9.8880000412464142e-02;+1.0646399855613708e-01;+1.0403200238943100e-01;+9.9264003336429596e-02;+5.7792000472545624e-02;+5.1615998148918152e-02
+800;+1.1446399986743927e-01;+1.0774400085210800e-01;+1.1478400230407715e-01;+1.1264000087976456e-01;+1.0719999670982361e-01;+6.3936002552509308e-02;+5.7055998593568802e-02
+900;+1.2604799866676331e-01;+1.1766400188207626e-01;+1.2598399817943573e-01;+1.2316799908876419e-01;+1.1769600212574005e-01;+7.1103997528553009e-02;+6.3455998897552490e-02
+1000;+1.3510400056838989e-01;+1.2518399953842163e-01;+1.3500800728797913e-01;+1.3167999684810638e-01;+1.2467200309038162e-01;+7.8047998249530792e-02;+6.9183997809886932e-02
+1100;+1.4294399321079254e-01;+1.3251200318336487e-01;+1.4217600226402283e-01;+1.3948799669742584e-01;+1.3312000036239624e-01;+8.4799997508525848e-02;+7.5263999402523041e-02
+1200;+1.5126399695873260e-01;+1.4086399972438812e-01;+1.5087999403476715e-01;+1.4752000570297241e-01;+1.4041599631309509e-01;+9.1264002025127411e-02;+8.0991998314857483e-02
+1300;+1.6019199788570404e-01;+1.4783999323844910e-01;+1.6035200655460358e-01;+1.5491199493408203e-01;+1.4787200093269348e-01;+9.8304003477096558e-02;+8.7136000394821167e-02
+1400;+1.6908800601959229e-01;+1.5590399503707886e-01;+1.6873599588871002e-01;+1.6339200735092163e-01;+1.5494400262832642e-01;+1.0534399747848511e-01;+9.3535996973514557e-02
+1500;+1.7705599963665009e-01;+1.6303999722003937e-01;+1.7756800353527069e-01;+1.7081600427627563e-01;+1.6323199868202209e-01;+1.1244799941778183e-01;+9.9519997835159302e-02
+1600;+1.8409599363803864e-01;+1.7088000476360321e-01;+1.8384000658988953e-01;+1.7929600179195404e-01;+1.7036800086498260e-01;+1.1807999759912491e-01;+1.0470400005578995e-01
+1700;+1.9648000597953796e-01;+1.8089599907398224e-01;+1.9696000218391418e-01;+1.9011199474334717e-01;+1.8012799322605133e-01;+1.2559999525547028e-01;+1.1142399907112122e-01
+1800;+2.0627200603485107e-01;+1.8812799453735352e-01;+2.0537599921226501e-01;+1.9750399887561798e-01;+1.8742400407791138e-01;+1.3270400464534760e-01;+1.1686400324106216e-01
+1900;+2.1353599429130554e-01;+1.9536000490188599e-01;+2.1334399282932281e-01;+2.0614400506019592e-01;+1.9548800587654114e-01;+1.3955199718475342e-01;+1.2287999689579010e-01
+2000;+2.2156800329685211e-01;+2.0351999998092651e-01;+2.2121599316596985e-01;+2.1305599808692932e-01;+2.0310400426387787e-01;+1.4681600034236908e-01;+1.2886400520801544e-01
+2100;+2.3273600637912750e-01;+2.1078400313854218e-01;+2.3238399624824524e-01;+2.2166399657726288e-01;+2.1078400313854218e-01;+1.5558399260044098e-01;+1.3481600582599640e-01
+2200;+2.4220800399780273e-01;+2.1852800250053406e-01;+2.4172799289226532e-01;+2.2912000119686127e-01;+2.1846400201320648e-01;+1.6400000452995300e-01;+1.4083200693130493e-01
+2300;+2.5023999810218811e-01;+2.2668799757957458e-01;+2.5040000677108765e-01;+2.3785600066184998e-01;+2.2524799406528473e-01;+1.7385600507259369e-01;+1.4678399264812469e-01
+2400;+2.5984001159667969e-01;+2.3574399948120117e-01;+2.6057600975036621e-01;+2.4704000353813171e-01;+2.3500800132751465e-01;+1.7747199535369873e-01;+1.5171200037002563e-01
+2500;+2.7708798646926880e-01;+2.4492800235748291e-01;+2.7900800108909607e-01;+2.5699201226234436e-01;+2.4467200040817261e-01;+1.9023999571800232e-01;+1.5907199680805206e-01
+2600;+3.0425599217414856e-01;+2.5212800502777100e-01;+3.0169600248336792e-01;+2.6476800441741943e-01;+2.5174400210380554e-01;+2.0089599490165710e-01;+1.6518400609493256e-01
+2700;+3.2531198859214783e-01;+2.5974398851394653e-01;+3.2716798782348633e-01;+2.7244800329208374e-01;+2.5948798656463623e-01;+2.1184000372886658e-01;+1.7168000340461731e-01
+2800;+3.3875200152397156e-01;+2.6755198836326599e-01;+3.3836799860000610e-01;+2.8012800216674805e-01;+2.6716798543930054e-01;+2.2243200242519379e-01;+1.7692799866199493e-01
+2900;+3.6895999312400818e-01;+2.7449598908424377e-01;+3.7059199810028076e-01;+2.8940799832344055e-01;+2.7526399493217468e-01;+2.3375999927520752e-01;+1.8364800512790680e-01
+3000;+3.9673599600791931e-01;+2.8275200724601746e-01;+3.9561599493026733e-01;+2.9763200879096985e-01;+2.8240001201629639e-01;+2.4268800020217896e-01;+1.9033600389957428e-01
+3100;+4.1654399037361145e-01;+2.9151999950408936e-01;+4.1523200273513794e-01;+3.0559998750686646e-01;+2.9158401489257812e-01;+2.5222399830818176e-01;+1.9766399264335632e-01
+3200;+4.3103998899459839e-01;+3.0134400725364685e-01;+4.3184000253677368e-01;+3.1590399146080017e-01;+2.9939201474189758e-01;+2.6067200303077698e-01;+2.0323200523853302e-01
+3300;+4.5369601249694824e-01;+3.1100800633430481e-01;+4.5372799038887024e-01;+3.2758399844169617e-01;+3.1062400341033936e-01;+2.7155199646949768e-01;+2.1321600675582886e-01
+3400;+4.8057600855827332e-01;+3.2003200054168701e-01;+4.8009601235389709e-01;+3.3686399459838867e-01;+3.2047998905181885e-01;+2.8115200996398926e-01;+2.2121599316596985e-01
+3500;+4.9497601389884949e-01;+3.3132800459861755e-01;+4.9414399266242981e-01;+3.4723201394081116e-01;+3.2998400926589966e-01;+2.8921601176261902e-01;+2.3132799565792084e-01
+3600;+5.0783997774124146e-01;+3.4863999485969543e-01;+5.0748801231384277e-01;+3.6908799409866333e-01;+3.5014399886131287e-01;+2.9760000109672546e-01;+2.4035200476646423e-01
+3700;+5.2198398113250732e-01;+3.6620798707008362e-01;+5.2025598287582397e-01;+3.8441601395606995e-01;+3.6976000666618347e-01;+3.0681601166725159e-01;+2.5347200036048889e-01
+3800;+5.3424000740051270e-01;+3.8400000333786011e-01;+5.3209602832794189e-01;+3.9977601170539856e-01;+3.8550400733947754e-01;+3.1407999992370605e-01;+2.6326400041580200e-01
+3900;+5.4598402976989746e-01;+4.1168001294136047e-01;+5.4547202587127686e-01;+4.2067199945449829e-01;+4.0684801340103149e-01;+3.2396799325942993e-01;+2.7833598852157593e-01
+4000;+5.5542397499084473e-01;+4.3020799756050110e-01;+5.5459201335906982e-01;+4.3900799751281738e-01;+4.2928001284599304e-01;+3.3107200264930725e-01;+2.8873598575592041e-01
+4100;+5.7286399602890015e-01;+4.3696001172065735e-01;+5.7068800926208496e-01;+4.4803199172019958e-01;+4.3667200207710266e-01;+3.4019199013710022e-01;+3.0256000161170959e-01
+4200;+5.9043198823928833e-01;+4.5830398797988892e-01;+5.8972799777984619e-01;+4.6265599131584167e-01;+4.5529600977897644e-01;+3.4838399291038513e-01;+3.1312000751495361e-01
+4300;+6.0339200496673584e-01;+4.7641599178314209e-01;+6.0409599542617798e-01;+4.7887998819351196e-01;+4.7267198562622070e-01;+3.5648000240325928e-01;+3.2342401146888733e-01
+4400;+6.1667197942733765e-01;+5.2374398708343506e-01;+6.1395198106765747e-01;+5.2623999118804932e-01;+5.2374398708343506e-01;+3.6480000615119934e-01;+3.3292800188064575e-01
+4500;+6.3046401739120483e-01;+5.4265600442886353e-01;+6.2959998846054077e-01;+5.4339200258255005e-01;+5.4368001222610474e-01;+3.7273600697517395e-01;+3.4294399619102478e-01
+4600;+6.4143997430801392e-01;+5.6105601787567139e-01;+6.3875198364257812e-01;+5.5715197324752808e-01;+5.5785602331161499e-01;+3.8220798969268799e-01;+3.5267201066017151e-01
+4700;+6.5139198303222656e-01;+5.7744002342224121e-01;+6.5225601196289062e-01;+5.7052797079086304e-01;+5.7590401172637939e-01;+3.8998401165008545e-01;+3.6195200681686401e-01
+4800;+6.6115200519561768e-01;+5.9407997131347656e-01;+6.5903997421264648e-01;+5.8828800916671753e-01;+5.9366399049758911e-01;+3.9801600575447083e-01;+3.7158399820327759e-01
+4900;+6.7423999309539795e-01;+5.8726400136947632e-01;+6.7552000284194946e-01;+5.8873599767684937e-01;+5.8969599008560181e-01;+4.0646401047706604e-01;+3.7955200672149658e-01
+5000;+6.9644802808761597e-01;+6.0297602415084839e-01;+6.9657599925994873e-01;+6.0364800691604614e-01;+6.0031998157501221e-01;+4.1343998908996582e-01;+3.8899201154708862e-01
+5100;+7.1094399690628052e-01;+6.1785602569580078e-01;+7.0880001783370972e-01;+6.1644798517227173e-01;+6.1747199296951294e-01;+4.2124798893928528e-01;+3.9740800857543945e-01
+5200;+7.2079998254776001e-01;+6.5718400478363037e-01;+7.2255998849868774e-01;+6.4697599411010742e-01;+6.5491199493408203e-01;+4.3088001012802124e-01;+4.0515199303627014e-01
+5300;+7.3404800891876221e-01;+6.6780799627304077e-01;+7.3500800132751465e-01;+6.6022402048110962e-01;+6.6864001750946045e-01;+4.3955200910568237e-01;+4.1481599211692810e-01
+5400;+7.4761599302291870e-01;+6.7782402038574219e-01;+7.4793601036071777e-01;+6.7052799463272095e-01;+6.7686402797698975e-01;+4.4806399941444397e-01;+4.2153599858283997e-01
+5500;+7.5814402103424072e-01;+6.9238400459289551e-01;+7.5654399394989014e-01;+6.8163198232650757e-01;+6.9174402952194214e-01;+4.5552000403404236e-01;+4.2928001284599304e-01
+5600;+7.6428800821304321e-01;+7.0486402511596680e-01;+7.6332801580429077e-01;+6.9545602798461914e-01;+7.0585602521896362e-01;+4.6329599618911743e-01;+4.3670400977134705e-01
+5700;+7.8112000226974487e-01;+7.0886397361755371e-01;+7.7868801355361938e-01;+7.0374399423599243e-01;+7.0800000429153442e-01;+4.7190400958061218e-01;+4.4515201449394226e-01
+5800;+8.0425602197647095e-01;+7.2134399414062500e-01;+8.0204802751541138e-01;+7.1311998367309570e-01;+7.1977597475051880e-01;+4.8169600963592529e-01;+4.5347198843955994e-01
+5900;+8.1724798679351807e-01;+7.3334401845932007e-01;+8.1686401367187500e-01;+7.2233599424362183e-01;+7.3241597414016724e-01;+4.8828798532485962e-01;+4.6108800172805786e-01
+6000;+8.2835197448730469e-01;+7.5705599784851074e-01;+8.2870399951934814e-01;+7.4752002954483032e-01;+7.5318402051925659e-01;+4.9737599492073059e-01;+4.6678400039672852e-01
+6100;+8.4188801050186157e-01;+7.6543998718261719e-01;+8.4233599901199341e-01;+7.5702399015426636e-01;+7.6451200246810913e-01;+5.0678402185440063e-01;+4.7462400794029236e-01
+6200;+8.5577601194381714e-01;+7.7491199970245361e-01;+8.5552000999450684e-01;+7.6521599292755127e-01;+7.7369600534439087e-01;+5.1488000154495239e-01;+4.8339200019836426e-01
+6300;+8.6400002241134644e-01;+7.9014402627944946e-01;+8.6451202630996704e-01;+7.7836799621582031e-01;+7.8665602207183838e-01;+5.2447998523712158e-01;+4.9033600091934204e-01
+6400;+8.6841601133346558e-01;+8.0172801017761230e-01;+8.7014400959014893e-01;+7.8956800699234009e-01;+8.0134397745132446e-01;+5.3292798995971680e-01;+4.9632000923156738e-01
+6500;+8.8963198661804199e-01;+8.1014400720596313e-01;+8.8553601503372192e-01;+8.0022400617599487e-01;+8.1007999181747437e-01;+5.4063999652862549e-01;+5.0499200820922852e-01
+6600;+9.1494399309158325e-01;+8.1679999828338623e-01;+9.1084802150726318e-01;+8.0793601274490356e-01;+8.1609600782394409e-01;+5.4819202423095703e-01;+5.1398402452468872e-01
+6700;+9.2720001935958862e-01;+8.3292800188064575e-01;+9.2755198478698730e-01;+8.1811201572418213e-01;+8.3020800352096558e-01;+5.5750399827957153e-01;+5.2195197343826294e-01
+6800;+9.3926399946212769e-01;+8.5136002302169800e-01;+9.3727999925613403e-01;+8.4070402383804321e-01;+8.5347199440002441e-01;+5.6531202793121338e-01;+5.2902400493621826e-01
+6900;+9.5161598920822144e-01;+8.5996800661087036e-01;+9.5292800664901733e-01;+8.5167998075485229e-01;+8.5983997583389282e-01;+5.7644802331924438e-01;+5.3715199232101440e-01
+7000;+9.6566402912139893e-01;+8.7055999040603638e-01;+9.6473598480224609e-01;+8.6063998937606812e-01;+8.7100797891616821e-01;+5.8297598361968994e-01;+5.4329597949981689e-01
+7100;+9.7865599393844604e-01;+8.8428801298141479e-01;+9.7532802820205688e-01;+8.7145602703094482e-01;+8.8528001308441162e-01;+5.9523200988769531e-01;+5.5321598052978516e-01
+7200;+9.7686398029327393e-01;+8.9487999677658081e-01;+9.7638398408889771e-01;+8.8156801462173462e-01;+8.9455997943878174e-01;+6.0118401050567627e-01;+5.5967998504638672e-01
+7300;+9.9276798963546753e-01;+9.0623998641967773e-01;+9.9289602041244507e-01;+8.9472001791000366e-01;+9.0351998805999756e-01;+6.1008000373840332e-01;+5.6838399171829224e-01
+7400;+1.0189440250396729e+00;+9.1350400447845459e-01;+1.0226559638977051e+00;+9.0070402622222900e-01;+9.1388797760009766e-01;+6.1673599481582642e-01;+5.7520002126693726e-01
+7500;+1.0341440439224243e+00;+9.2844802141189575e-01;+1.0343359708786011e+00;+9.1238397359848022e-01;+9.2649602890014648e-01;+6.2617599964141846e-01;+5.8323198556900024e-01
+7600;+1.0476479530334473e+00;+9.4656002521514893e-01;+1.0448960065841675e+00;+9.3519997596740723e-01;+9.4793599843978882e-01;+6.3430398702621460e-01;+5.8998399972915649e-01
+7700;+1.0619839429855347e+00;+9.5574402809143066e-01;+1.0581439733505249e+00;+9.4406402111053467e-01;+9.5696002244949341e-01;+6.4489597082138062e-01;+6.0131198167800903e-01
+7800;+1.0743360519409180e+00;+9.6841597557067871e-01;+1.0694400072097778e+00;+9.5657598972320557e-01;+9.6819198131561279e-01;+6.5299201011657715e-01;+6.0640001296997070e-01
+7900;+1.0860799551010132e+00;+9.8246401548385620e-01;+1.0834560394287109e+00;+9.7251200675964355e-01;+9.8083198070526123e-01;+6.6179198026657104e-01;+6.1567997932434082e-01
+8000;+1.0788799524307251e+00;+9.9417597055435181e-01;+1.0814080238342285e+00;+9.7814399003982544e-01;+9.9343997240066528e-01;+6.7023998498916626e-01;+6.2156802415847778e-01
+8100;+1.0986880064010620e+00;+1.0013760328292847e+00;+1.0990400314331055e+00;+9.9043202400207520e-01;+1.0026240348815918e+00;+6.7891198396682739e-01;+6.3350397348403931e-01
+8200;+1.1318080425262451e+00;+1.0118399858474731e+00;+1.1331520080566406e+00;+9.9897599220275879e-01;+1.0115519762039185e+00;+6.8934398889541626e-01;+6.3881599903106689e-01
+8300;+1.1448320150375366e+00;+1.0238399505615234e+00;+1.1447999477386475e+00;+1.0098559856414795e+00;+1.0229439735412598e+00;+6.9484800100326538e-01;+6.4767998456954956e-01
+8400;+1.1582080125808716e+00;+1.0477759838104248e+00;+1.1545920372009277e+00;+1.0328960418701172e+00;+1.0463039875030518e+00;+7.0435202121734619e-01;+6.5267199277877808e-01
+8500;+1.1719679832458496e+00;+1.0552639961242676e+00;+1.1679999828338623e+00;+1.0424959659576416e+00;+1.0553280115127563e+00;+7.1548801660537720e-01;+6.6278398036956787e-01
+8600;+1.1871360540390015e+00;+1.0667200088500977e+00;+1.1828800439834595e+00;+1.0552320480346680e+00;+1.0682560205459595e+00;+7.2220802307128906e-01;+6.6755199432373047e-01
+8700;+1.1972800493240356e+00;+1.0821759700775146e+00;+1.1943680047988892e+00;+1.0675200223922729e+00;+1.0808000564575195e+00;+7.3184001445770264e-01;+6.7827200889587402e-01
+8800;+1.1901119947433472e+00;+1.0921599864959717e+00;+1.1884160041809082e+00;+1.0765759944915771e+00;+1.0910400152206421e+00;+7.4111998081207275e-01;+6.8480002880096436e-01
+8900;+1.2083519697189331e+00;+1.1008640527725220e+00;+1.2093440294265747e+00;+1.0837440490722656e+00;+1.0997760295867920e+00;+7.4889600276947021e-01;+6.9529598951339722e-01
+9000;+1.2431679964065552e+00;+1.1084799766540527e+00;+1.2420480251312256e+00;+1.0950399637222290e+00;+1.1070400476455688e+00;+7.5804799795150757e-01;+7.0076799392700195e-01
+9100;+1.2560960054397583e+00;+1.1240320205688477e+00;+1.2538239955902100e+00;+1.1067199707031250e+00;+1.1201920509338379e+00;+7.6435202360153198e-01;+7.0959997177124023e-01
+9200;+1.2663040161132812e+00;+1.1485439538955688e+00;+1.2658239603042603e+00;+1.1310080289840698e+00;+1.1416319608688354e+00;+7.7526402473449707e-01;+7.1644800901412964e-01
+9300;+1.2824959754943848e+00;+1.1559679508209229e+00;+1.2855360507965088e+00;+1.1433919668197632e+00;+1.1535359621047974e+00;+7.8537601232528687e-01;+7.2563201189041138e-01
+9400;+1.2952320575714111e+00;+1.1644480228424072e+00;+1.2958719730377197e+00;+1.1539839506149292e+00;+1.1650559902191162e+00;+7.9478400945663452e-01;+7.3139202594757080e-01
+9500;+1.3104959726333618e+00;+1.1792000532150269e+00;+1.3091200590133667e+00;+1.1669119596481323e+00;+1.1785919666290283e+00;+8.0425602197647095e-01;+7.4371200799942017e-01
+9600;+1.2991679906845093e+00;+1.1899839639663696e+00;+1.2962559461593628e+00;+1.1736960411071777e+00;+1.1889599561691284e+00;+8.1036800146102905e-01;+7.4783998727798462e-01
+9700;+1.3191679716110229e+00;+1.1991360187530518e+00;+1.3173760175704956e+00;+1.1829760074615479e+00;+1.1974400281906128e+00;+8.2105600833892822e-01;+7.5590401887893677e-01
+9800;+1.3624320030212402e+00;+1.2020800113677979e+00;+1.3593920469284058e+00;+1.1914240121841431e+00;+1.2043199539184570e+00;+8.3084797859191895e-01;+7.6329600811004639e-01
+9900;+1.3737920522689819e+00;+1.2168320417404175e+00;+1.3712960481643677e+00;+1.2026239633560181e+00;+1.2182719707489014e+00;+8.3804798126220703e-01;+7.7376002073287964e-01
+10000;+1.3815679550170898e+00;+1.2443840503692627e+00;+1.3811839818954468e+00;+1.2270720005035400e+00;+1.2439999580383301e+00;+8.4633600711822510e-01;+7.7593600749969482e-01
+10100;+1.3964799642562866e+00;+1.2523839473724365e+00;+1.3957120180130005e+00;+1.2395199537277222e+00;+1.2521280050277710e+00;+8.5743999481201172e-01;+7.8598397970199585e-01
+10200;+1.4119679927825928e+00;+1.2652159929275513e+00;+1.4099520444869995e+00;+1.2506879568099976e+00;+1.2639039754867554e+00;+8.6624002456665039e-01;+7.9593598842620850e-01
+10300;+1.4239039421081543e+00;+1.2754559516906738e+00;+1.4238079786300659e+00;+1.2656639814376831e+00;+1.2758079767227173e+00;+8.7689602375030518e-01;+8.0796802043914795e-01
+10400;+1.4072959423065186e+00;+1.2855360507965088e+00;+1.4093439579010010e+00;+1.2675839662551880e+00;+1.2817280292510986e+00;+8.8287997245788574e-01;+8.1155198812484741e-01
+10500;+1.4252159595489502e+00;+1.2949119806289673e+00;+1.4292479753494263e+00;+1.2809920310974121e+00;+1.2902400493621826e+00;+8.9340800046920776e-01;+8.1932801008224487e-01
+10600;+1.4690560102462769e+00;+1.2977919578552246e+00;+1.4682879447937012e+00;+1.2850879430770874e+00;+1.2975039482116699e+00;+9.0284800529479980e-01;+8.2656002044677734e-01
+10700;+1.4848639965057373e+00;+1.3156479597091675e+00;+1.4848639965057373e+00;+1.2984639406204224e+00;+1.3118079900741577e+00;+9.0928000211715698e-01;+8.3840000629425049e-01
+10800;+1.4950079917907715e+00;+1.3434560298919678e+00;+1.4920959472656250e+00;+1.3284800052642822e+00;+1.3397760391235352e+00;+9.1964799165725708e-01;+8.4399998188018799e-01
+10900;+1.5136320590972900e+00;+1.3512639999389648e+00;+1.5122239589691162e+00;+1.3393919467926025e+00;+1.3486399650573730e+00;+9.3062400817871094e-01;+8.5222399234771729e-01
+11000;+1.5274239778518677e+00;+1.3650560379028320e+00;+1.5269759893417358e+00;+1.3481600284576416e+00;+1.3645440340042114e+00;+9.4294399023056030e-01;+8.5638397932052612e-01
+11100;+1.5406399965286255e+00;+1.3777279853820801e+00;+1.5370240211486816e+00;+1.3643200397491455e+00;+1.3777600526809692e+00;+9.5091199874877930e-01;+8.6975997686386108e-01
+11200;+1.5215359926223755e+00;+1.3793599605560303e+00;+1.5148160457611084e+00;+1.3661119937896729e+00;+1.3793599605560303e+00;+9.5900797843933105e-01;+8.7564802169799805e-01
+11300;+1.5397119522094727e+00;+1.3939520120620728e+00;+1.5372159481048584e+00;+1.3739199638366699e+00;+1.3910399675369263e+00;+9.7014397382736206e-01;+8.8419198989868164e-01
+11400;+1.5930559635162354e+00;+1.3990720510482788e+00;+1.5879360437393188e+00;+1.3850879669189453e+00;+1.3986239433288574e+00;+9.7878402471542358e-01;+8.9171200990676880e-01
+11500;+1.6015679836273193e+00;+1.4096000194549561e+00;+1.6025919914245605e+00;+1.3918080329895020e+00;+1.4127039909362793e+00;+9.8697602748870850e-01;+9.0220797061920166e-01
+11600;+1.6135360002517700e+00;+1.4434560537338257e+00;+1.6134079694747925e+00;+1.4284160137176514e+00;+1.4417920112609863e+00;+9.9772799015045166e-01;+9.0700799226760864e-01
+11700;+1.6323519945144653e+00;+1.4537919759750366e+00;+1.6305279731750488e+00;+1.4435199499130249e+00;+1.4552960395812988e+00;+1.0068479776382446e+00;+9.1539198160171509e-01
+11800;+1.6475520133972168e+00;+1.4663039445877075e+00;+1.6464960575103760e+00;+1.4513599872589111e+00;+1.4664640426635742e+00;+1.0192639827728271e+00;+9.2454397678375244e-01
+11900;+1.6611839532852173e+00;+1.4772800207138062e+00;+1.6560640335083008e+00;+1.4644479751586914e+00;+1.4774719476699829e+00;+1.0284160375595093e+00;+9.3379199504852295e-01
+12000;+1.6345920562744141e+00;+1.4858239889144897e+00;+1.6335040330886841e+00;+1.4626239538192749e+00;+1.4822720289230347e+00;+1.0349760055541992e+00;+9.4086402654647827e-01
+12100;+1.6539520025253296e+00;+1.4937920570373535e+00;+1.6492480039596558e+00;+1.4789439439773560e+00;+1.4956159591674805e+00;+1.0457600355148315e+00;+9.5238399505615234e-01
+12200;+1.7062400579452515e+00;+1.4996160268783569e+00;+1.7092479467391968e+00;+1.4853760004043579e+00;+1.4997119903564453e+00;+1.0558400154113770e+00;+9.5795202255249023e-01
+12300;+1.7238080501556396e+00;+1.5198080539703369e+00;+1.7220159769058228e+00;+1.4934079647064209e+00;+1.5140160322189331e+00;+1.0639679431915283e+00;+9.7129601240158081e-01
+12400;+1.7313599586486816e+00;+1.5490880012512207e+00;+1.7330880165100098e+00;+1.5345920324325562e+00;+1.5486719608306885e+00;+1.0743680000305176e+00;+9.7129601240158081e-01
+12500;+1.7495360374450684e+00;+1.5569599866867065e+00;+1.7430720329284668e+00;+1.5482560396194458e+00;+1.5602240562438965e+00;+1.0829119682312012e+00;+9.8137599229812622e-01
+12600;+1.7683839797973633e+00;+1.5710400342941284e+00;+1.7667520046234131e+00;+1.5566400289535522e+00;+1.5697599649429321e+00;+1.0931520462036133e+00;+9.9119997024536133e-01
+12700;+1.7784320116043091e+00;+1.5795199871063232e+00;+1.7776639461517334e+00;+1.5676800012588501e+00;+1.5815999507904053e+00;+1.1030399799346924e+00;+1.0029439926147461e+00
+12800;+1.7473280429840088e+00;+1.5887360572814941e+00;+1.7482880353927612e+00;+1.5666559934616089e+00;+1.5864640474319458e+00;+1.1136640310287476e+00;+1.0081599950790405e+00
+12900;+1.7655680179595947e+00;+1.5960960388183594e+00;+1.7651840448379517e+00;+1.5777599811553955e+00;+1.5924479961395264e+00;+1.1223679780960083e+00;+1.0179200172424316e+00
+13000;+1.8297280073165894e+00;+1.6025600433349609e+00;+1.8279999494552612e+00;+1.5835200548171997e+00;+1.6018559932708740e+00;+1.1308159828186035e+00;+1.0261440277099609e+00
+13100;+1.8434239625930786e+00;+1.6169600486755371e+00;+1.8407679796218872e+00;+1.5953279733657837e+00;+1.6118079423904419e+00;+1.1422719955444336e+00;+1.0347839593887329e+00
+13200;+1.8531839847564697e+00;+1.6534399986267090e+00;+1.8464640378952026e+00;+1.6378240585327148e+00;+1.6486400365829468e+00;+1.1514559984207153e+00;+1.0391360521316528e+00
+13300;+1.8732160329818726e+00;+1.6669759750366211e+00;+1.8718400001525879e+00;+1.6487040519714355e+00;+1.6614079475402832e+00;+1.1619520187377930e+00;+1.0496000051498413e+00
+13400;+1.8882559537887573e+00;+1.6751359701156616e+00;+1.8869760036468506e+00;+1.6549760103225708e+00;+1.6751999855041504e+00;+1.1719039678573608e+00;+1.0579839944839478e+00
+13500;+1.8998080492019653e+00;+1.6933439970016479e+00;+1.8992960453033447e+00;+1.6746560335159302e+00;+1.6888639926910400e+00;+1.1852799654006958e+00;+1.0683840513229370e+00
+13600;+1.8614079952239990e+00;+1.6899839639663696e+00;+1.8662400245666504e+00;+1.6634559631347656e+00;+1.6879680156707764e+00;+1.1937600374221802e+00;+1.0741440057754517e+00
+13700;+1.8871999979019165e+00;+1.6961280107498169e+00;+1.8817600011825562e+00;+1.6785279512405396e+00;+1.6953599452972412e+00;+1.2036800384521484e+00;+1.0797760486602783e+00
+13800;+1.9518079757690430e+00;+1.7038079500198364e+00;+1.9501440525054932e+00;+1.6845120191574097e+00;+1.7022399902343750e+00;+1.2162239551544189e+00;+1.0858880281448364e+00
+13900;+1.9608000516891479e+00;+1.7176320552825928e+00;+1.9624960422515869e+00;+1.6965759992599487e+00;+1.7164800167083740e+00;+1.2220480442047119e+00;+1.0971519947052002e+00
+14000;+1.9708479642868042e+00;+1.7511039972305298e+00;+1.9738559722900391e+00;+1.7384320497512817e+00;+1.7515840530395508e+00;+1.2360320091247559e+00;+1.1087360382080078e+00
+14100;+1.9926079511642456e+00;+1.7699520587921143e+00;+1.9900480508804321e+00;+1.7500159740447998e+00;+1.7659200429916382e+00;+1.2461760044097900e+00;+1.1152640581130981e+00
+14200;+2.0137600898742676e+00;+1.7812160253524780e+00;+2.0122239589691162e+00;+1.7649600505828857e+00;+1.7772799730300903e+00;+1.2605119943618774e+00;+1.1231679916381836e+00
+14300;+2.0209600925445557e+00;+1.7939840555191040e+00;+2.0243840217590332e+00;+1.7771199941635132e+00;+1.7898880243301392e+00;+1.2678719758987427e+00;+1.1312320232391357e+00
+14400;+1.9856959581375122e+00;+1.7919039726257324e+00;+1.9828159809112549e+00;+1.7637759447097778e+00;+1.7841600179672241e+00;+1.2805440425872803e+00;+1.1403839588165283e+00
+14500;+2.0006721019744873e+00;+1.7970240116119385e+00;+1.9971200227737427e+00;+1.7776319980621338e+00;+1.7962559461593628e+00;+1.2852799892425537e+00;+1.1468800306320190e+00
+14600;+2.0770559310913086e+00;+1.8079999685287476e+00;+2.0808959007263184e+00;+1.7914240360260010e+00;+1.8072639703750610e+00;+1.2991039752960205e+00;+1.1553280353546143e+00
+14700;+2.0985279083251953e+00;+1.8196159601211548e+00;+2.0936319828033447e+00;+1.7955520153045654e+00;+1.8164160251617432e+00;+1.3059840202331543e+00;+1.1638720035552979e+00
+14800;+2.1006081104278564e+00;+1.8557759523391724e+00;+2.0985920429229736e+00;+1.8476159572601318e+00;+1.8574399948120117e+00;+1.3180799484252930e+00;+1.1702400445938110e+00
+14900;+2.1162879467010498e+00;+1.8769919872283936e+00;+2.1137919425964355e+00;+1.8558399677276611e+00;+1.8698559999465942e+00;+1.3297920227050781e+00;+1.1776319742202759e+00
+15000;+2.1373760700225830e+00;+1.8827519416809082e+00;+2.1378879547119141e+00;+1.8679360151290894e+00;+1.8820799589157104e+00;+1.3442560434341431e+00;+1.1878399848937988e+00
+15100;+2.1488959789276123e+00;+1.8978879451751709e+00;+2.1501119136810303e+00;+1.8848320245742798e+00;+1.8999040126800537e+00;+1.3504639863967896e+00;+1.1996159553527832e+00
+15200;+2.1069760322570801e+00;+1.8947199583053589e+00;+2.1074879169464111e+00;+1.8748799562454224e+00;+1.8947520256042480e+00;+1.3607039451599121e+00;+1.2078399658203125e+00
+15300;+2.1294078826904297e+00;+1.8976639509201050e+00;+2.1217279434204102e+00;+1.8833919763565063e+00;+1.8970240354537964e+00;+1.3704639673233032e+00;+1.2156159877777100e+00
+15400;+2.2110719680786133e+00;+1.9086079597473145e+00;+2.2040319442749023e+00;+1.8839360475540161e+00;+1.9026559591293335e+00;+1.3811520338058472e+00;+1.2217279672622681e+00
+15500;+2.2202880382537842e+00;+1.9197119474411011e+00;+2.2175679206848145e+00;+1.9044159650802612e+00;+1.9145280122756958e+00;+1.3922239542007446e+00;+1.2292799949645996e+00
+15600;+2.2262079715728760e+00;+1.9692480564117432e+00;+2.2237761020660400e+00;+1.9545919895172119e+00;+1.9683840274810791e+00;+1.4038720130920410e+00;+1.2422720193862915e+00
+15700;+2.2471039295196533e+00;+1.9874880313873291e+00;+2.2409598827362061e+00;+1.9660799503326416e+00;+1.9791040420532227e+00;+1.4138560295104980e+00;+1.2483199834823608e+00
+15800;+2.2671360969543457e+00;+1.9879039525985718e+00;+2.2622718811035156e+00;+1.9738240242004395e+00;+1.9860479831695557e+00;+1.4279680252075195e+00;+1.2584639787673950e+00
+15900;+2.2838399410247803e+00;+2.0065279006958008e+00;+2.2829120159149170e+00;+1.9965759515762329e+00;+2.0035519599914551e+00;+1.4354239702224731e+00;+1.2676479816436768e+00
+16000;+2.2227840423583984e+00;+1.9900480508804321e+00;+2.2239680290222168e+00;+1.9715199470520020e+00;+1.9933439493179321e+00;+1.4454720020294189e+00;+1.2744640111923218e+00
+16100;+2.2429759502410889e+00;+2.0079998970031738e+00;+2.2339200973510742e+00;+1.9801599979400635e+00;+2.0019199848175049e+00;+1.4554879665374756e+00;+1.2822079658508301e+00
+16200;+2.3257920742034912e+00;+2.0085439682006836e+00;+2.3246400356292725e+00;+1.9903039932250977e+00;+2.0124480724334717e+00;+1.4696639776229858e+00;+1.2948160171508789e+00
+16300;+2.3430399894714355e+00;+2.0216319561004639e+00;+2.3424639701843262e+00;+2.0044479370117188e+00;+2.0216000080108643e+00;+1.4771200418472290e+00;+1.2975039482116699e+00
+16400;+2.3455998897552490e+00;+2.0722880363464355e+00;+2.3436479568481445e+00;+2.0637760162353516e+00;+2.0743680000305176e+00;+1.4886399507522583e+00;+1.3110079765319824e+00
+16500;+2.3716480731964111e+00;+2.0850880146026611e+00;+2.3646719455718994e+00;+2.0752320289611816e+00;+2.0830719470977783e+00;+1.5010559558868408e+00;+1.3171520233154297e+00
+16600;+2.3932158946990967e+00;+2.0956480503082275e+00;+2.3894720077514648e+00;+2.0851840972900391e+00;+2.0987200736999512e+00;+1.5087360143661499e+00;+1.3296639919281006e+00
+16700;+2.4016320705413818e+00;+2.1155200004577637e+00;+2.4049921035766602e+00;+2.0973761081695557e+00;+2.1075839996337891e+00;+1.5201599597930908e+00;+1.3348480463027954e+00
+16800;+2.3382399082183838e+00;+2.0933120250701904e+00;+2.3369920253753662e+00;+2.0775680541992188e+00;+2.0954880714416504e+00;+1.5341440439224243e+00;+1.3438719511032104e+00
+16900;+2.3611519336700439e+00;+2.1083199977874756e+00;+2.3553600311279297e+00;+2.0796480178833008e+00;+2.1029438972473145e+00;+1.5418560504913330e+00;+1.3530559539794922e+00
+17000;+2.4538879394531250e+00;+2.1111040115356445e+00;+2.4576001167297363e+00;+2.0968000888824463e+00;+2.1092479228973389e+00;+1.5562880039215088e+00;+1.3627840280532837e+00
+17100;+2.4673600196838379e+00;+2.1240959167480469e+00;+2.4664320945739746e+00;+2.1052479743957520e+00;+2.1246719360351562e+00;+1.5648640394210815e+00;+1.3656320571899414e+00
+17200;+2.4742720127105713e+00;+2.1764159202575684e+00;+2.4725120067596436e+00;+2.1683840751647949e+00;+2.1719679832458496e+00;+1.5790719985961914e+00;+1.3792639970779419e+00
+17300;+2.4940800666809082e+00;+2.1874558925628662e+00;+2.4802238941192627e+00;+2.1739840507507324e+00;+2.1838400363922119e+00;+1.5895040035247803e+00;+1.3850239515304565e+00
+17400;+2.5159039497375488e+00;+2.2079999446868896e+00;+2.5152640342712402e+00;+2.1917119026184082e+00;+2.2027840614318848e+00;+1.5982719659805298e+00;+1.3959679603576660e+00
+17500;+2.5305919647216797e+00;+2.2148480415344238e+00;+2.5284800529479980e+00;+2.2011520862579346e+00;+2.2064640522003174e+00;+1.6068799495697021e+00;+1.4015359878540039e+00
+17600;+2.4569599628448486e+00;+2.1958079338073730e+00;+2.4548161029815674e+00;+2.1724479198455811e+00;+2.1927680969238281e+00;+1.6186879873275757e+00;+1.4070399999618530e+00
+17700;+2.4697918891906738e+00;+2.2140159606933594e+00;+2.4766080379486084e+00;+2.1897280216217041e+00;+2.2121920585632324e+00;+1.6346240043640137e+00;+1.4175039529800415e+00
+17800;+2.5805120468139648e+00;+2.2121279239654541e+00;+2.5771839618682861e+00;+2.1918399333953857e+00;+2.2102720737457275e+00;+1.6458879709243774e+00;+1.4293440580368042e+00
+17900;+2.5898880958557129e+00;+2.2277760505676270e+00;+2.5887041091918945e+00;+2.2039039134979248e+00;+2.2191040515899658e+00;+1.6568959951400757e+00;+1.4375679492950439e+00
+18000;+2.5927360057830811e+00;+2.2751998901367188e+00;+2.6001920700073242e+00;+2.2743680477142334e+00;+2.2806720733642578e+00;+1.6724799871444702e+00;+1.4443199634552002e+00
+18100;+2.6064319610595703e+00;+2.2922239303588867e+00;+2.6063680648803711e+00;+2.2790720462799072e+00;+2.2911999225616455e+00;+1.6775679588317871e+00;+1.4535039663314819e+00
+18200;+2.6385600566864014e+00;+2.3032319545745850e+00;+2.6358718872070312e+00;+2.2847039699554443e+00;+2.3017599582672119e+00;+1.6889599561691284e+00;+1.4595520496368408e+00
+18300;+2.6497600078582764e+00;+2.3214080333709717e+00;+2.6565759181976318e+00;+2.3077120780944824e+00;+2.3183040618896484e+00;+1.6954560279846191e+00;+1.4697599411010742e+00
+18400;+2.5740799903869629e+00;+2.2958080768585205e+00;+2.5730559825897217e+00;+2.2704958915710449e+00;+2.2952320575714111e+00;+1.7112959623336792e+00;+1.4777599573135376e+00
+18500;+2.5895359516143799e+00;+2.3068799972534180e+00;+2.5875198841094971e+00;+2.2825920581817627e+00;+2.3039999008178711e+00;+1.7258559465408325e+00;+1.4872000217437744e+00
+18600;+2.7037758827209473e+00;+2.3114240169525146e+00;+2.6955840587615967e+00;+2.2892799377441406e+00;+2.3067519664764404e+00;+1.7374080419540405e+00;+1.4968639612197876e+00
+18700;+2.7134399414062500e+00;+2.3185598850250244e+00;+2.7149438858032227e+00;+2.3079679012298584e+00;+2.3281600475311279e+00;+1.7459520101547241e+00;+1.5042879581451416e+00
+18800;+2.7164158821105957e+00;+2.3850240707397461e+00;+2.7119040489196777e+00;+2.3748800754547119e+00;+2.3829441070556641e+00;+1.7547520399093628e+00;+1.5172480344772339e+00
+18900;+2.7355198860168457e+00;+2.3982400894165039e+00;+2.7307839393615723e+00;+2.3814399242401123e+00;+2.3884799480438232e+00;+1.7662400007247925e+00;+1.5238080024719238e+00
+19000;+2.7560958862304688e+00;+2.4133119583129883e+00;+2.7619519233703613e+00;+2.3972480297088623e+00;+2.4081280231475830e+00;+1.7801920175552368e+00;+1.5300799608230591e+00
+19100;+2.7708480358123779e+00;+2.4200959205627441e+00;+2.7692799568176270e+00;+2.4106559753417969e+00;+2.4216001033782959e+00;+1.7939519882202148e+00;+1.5412479639053345e+00
+19200;+2.6893761157989502e+00;+2.3944320678710938e+00;+2.6816320419311523e+00;+2.3805119991302490e+00;+2.4029760360717773e+00;+1.8055360317230225e+00;+1.5516159534454346e+00
+19300;+2.7091839313507080e+00;+2.4104640483856201e+00;+2.7047040462493896e+00;+2.3805758953094482e+00;+2.4024639129638672e+00;+1.8173439502716064e+00;+1.5584000349044800e+00
+19400;+2.8197441101074219e+00;+2.4155519008636475e+00;+2.8209600448608398e+00;+2.3915200233459473e+00;+2.4155519008636475e+00;+1.8299839496612549e+00;+1.5703040361404419e+00
+19500;+2.8376960754394531e+00;+2.4298241138458252e+00;+2.8320639133453369e+00;+2.4083199501037598e+00;+2.4235839843750000e+00;+1.8373119831085205e+00;+1.5770879983901978e+00
+19600;+2.8417279720306396e+00;+2.4900159835815430e+00;+2.8410880565643311e+00;+2.4845759868621826e+00;+2.4879999160766602e+00;+1.8524800539016724e+00;+1.5859520435333252e+00
+19700;+2.8535680770874023e+00;+2.4983360767364502e+00;+2.8479681015014648e+00;+2.4956479072570801e+00;+2.4980480670928955e+00;+1.8674240112304688e+00;+1.5913599729537964e+00
+19800;+2.8822720050811768e+00;+2.5158081054687500e+00;+2.8784320354461670e+00;+2.4988479614257812e+00;+2.5078721046447754e+00;+1.8749120235443115e+00;+1.6019519567489624e+00
+19900;+2.8934400081634521e+00;+2.5339519977569580e+00;+2.8985600471496582e+00;+2.5141758918762207e+00;+2.5272319316864014e+00;+1.8890240192413330e+00;+1.6134719848632812e+00
+20000;+2.8019199371337891e+00;+2.5056641101837158e+00;+2.7960960865020752e+00;+2.4794239997863770e+00;+2.4915521144866943e+00;+1.9024640321731567e+00;+1.6187200546264648e+00
+20100;+2.8203840255737305e+00;+2.5206079483032227e+00;+2.8230080604553223e+00;+2.4915199279785156e+00;+2.5141439437866211e+00;+1.9104000329971313e+00;+1.6318080425262451e+00
+20200;+2.9430720806121826e+00;+2.5153601169586182e+00;+2.9457600116729736e+00;+2.4916799068450928e+00;+2.5171840190887451e+00;+1.9244159460067749e+00;+1.6399359703063965e+00
+20300;+2.9582080841064453e+00;+2.5295360088348389e+00;+2.9602880477905273e+00;+2.5137279033660889e+00;+2.5342400074005127e+00;+1.9407999515533447e+00;+1.6492799520492554e+00
+20400;+2.9598400592803955e+00;+2.5951681137084961e+00;+2.9556798934936523e+00;+2.5808639526367188e+00;+2.5899200439453125e+00;+1.9552639722824097e+00;+1.6546560525894165e+00
+20500;+2.9715199470520020e+00;+2.6031999588012695e+00;+2.9714241027832031e+00;+2.5892479419708252e+00;+2.6039040088653564e+00;+1.9612480401992798e+00;+1.6656320095062256e+00
+20600;+3.0011200904846191e+00;+2.6134719848632812e+00;+3.0032320022583008e+00;+2.6066880226135254e+00;+2.6092801094055176e+00;+1.9752639532089233e+00;+1.6721919775009155e+00
+20700;+3.0223679542541504e+00;+2.6369280815124512e+00;+3.0199680328369141e+00;+2.6182079315185547e+00;+2.6278719902038574e+00;+1.9751679897308350e+00;+1.6826879978179932e+00
+20800;+2.9188480377197266e+00;+2.6035840511322021e+00;+2.9187519550323486e+00;+2.5766720771789551e+00;+2.5972158908843994e+00;+1.9932800531387329e+00;+1.6940480470657349e+00
+20900;+2.9423680305480957e+00;+2.6150720119476318e+00;+2.9393279552459717e+00;+2.5951359272003174e+00;+2.6130559444427490e+00;+2.0119040012359619e+00;+1.7022720575332642e+00
+21000;+3.0666880607604980e+00;+2.6167678833007812e+00;+3.0674879550933838e+00;+2.5892479419708252e+00;+2.6078400611877441e+00;+2.0216960906982422e+00;+1.7115520238876343e+00
+21100;+3.0791358947753906e+00;+2.6397759914398193e+00;+3.0847039222717285e+00;+2.6070399284362793e+00;+2.6238720417022705e+00;+2.0340800285339355e+00;+1.7200000286102295e+00
+21200;+3.0861439704895020e+00;+2.7009279727935791e+00;+3.0831999778747559e+00;+2.6872639656066895e+00;+2.6990718841552734e+00;+2.0489280223846436e+00;+1.7288320064544678e+00
+21300;+3.1031041145324707e+00;+2.7192640304565430e+00;+3.1022078990936279e+00;+2.6947519779205322e+00;+2.7094719409942627e+00;+2.0597760677337646e+00;+1.7347520589828491e+00
+21400;+3.1286079883575439e+00;+2.7250239849090576e+00;+3.1355519294738770e+00;+2.7073919773101807e+00;+2.7221760749816895e+00;+2.0686719417572021e+00;+1.7429440021514893e+00
+21500;+3.1441280841827393e+00;+2.7433600425720215e+00;+3.1491839885711670e+00;+2.7200319766998291e+00;+2.7483839988708496e+00;+2.0874879360198975e+00;+1.7544319629669189e+00
+21600;+3.0383679866790771e+00;+2.7501440048217773e+00;+3.0322239398956299e+00;+2.6714560985565186e+00;+2.7378559112548828e+00;+2.0932159423828125e+00;+1.7601280212402344e+00
+21700;+3.0618560314178467e+00;+2.7573440074920654e+00;+3.0613119602203369e+00;+2.6911680698394775e+00;+2.7360639572143555e+00;+2.1076159477233887e+00;+1.7756160497665405e+00
+21800;+3.1968638896942139e+00;+2.7447040081024170e+00;+3.1942720413208008e+00;+2.6893439292907715e+00;+2.7443521022796631e+00;+2.1232640743255615e+00;+1.7803200483322144e+00
+21900;+3.2130239009857178e+00;+2.7874560356140137e+00;+3.2135360240936279e+00;+2.7112319469451904e+00;+2.7785599231719971e+00;+2.1329600811004639e+00;+1.7907840013504028e+00
+22000;+3.2091839313507080e+00;+2.8701438903808594e+00;+3.2082560062408447e+00;+2.7906880378723145e+00;+2.8678081035614014e+00;+2.1490240097045898e+00;+1.7997759580612183e+00
+22100;+3.2272961139678955e+00;+2.8939518928527832e+00;+3.2243518829345703e+00;+2.8010559082031250e+00;+2.8843519687652588e+00;+2.1623361110687256e+00;+1.8101760149002075e+00
+22200;+3.2571840286254883e+00;+2.8943679332733154e+00;+3.2531840801239014e+00;+2.8142719268798828e+00;+2.8969280719757080e+00;+2.1763520240783691e+00;+1.8119360208511353e+00
+22300;+3.2649919986724854e+00;+2.9239039421081543e+00;+3.2746241092681885e+00;+2.8306879997253418e+00;+2.9256000518798828e+00;+2.1861119270324707e+00;+1.8261760473251343e+00
+22400;+3.1646399497985840e+00;+2.9084160327911377e+00;+3.1647999286651611e+00;+2.7825601100921631e+00;+2.9138879776000977e+00;+2.2021119594573975e+00;+1.8352960348129272e+00
+22500;+3.1857600212097168e+00;+2.9077761173248291e+00;+3.1826879978179932e+00;+2.7924160957336426e+00;+2.8989760875701904e+00;+2.2090880870819092e+00;+1.8444479703903198e+00
+22600;+3.3262081146240234e+00;+2.9295039176940918e+00;+3.3442881107330322e+00;+2.7987520694732666e+00;+2.9224960803985596e+00;+2.2131199836730957e+00;+1.8570879697799683e+00
+22700;+3.3487679958343506e+00;+2.9455358982086182e+00;+3.3593280315399170e+00;+2.8110079765319824e+00;+2.9423680305480957e+00;+2.2340800762176514e+00;+1.8615039587020874e+00
+22800;+3.3674559593200684e+00;+3.0415680408477783e+00;+3.3758399486541748e+00;+2.8977599143981934e+00;+3.0438721179962158e+00;+2.2466878890991211e+00;+1.8719999790191650e+00
+22900;+3.3793599605560303e+00;+3.0582718849182129e+00;+3.4002881050109863e+00;+2.9179201126098633e+00;+3.0496959686279297e+00;+2.2612481117248535e+00;+1.8813439607620239e+00
+23000;+3.4312961101531982e+00;+3.0746240615844727e+00;+3.4349439144134521e+00;+2.9263679981231689e+00;+3.0726079940795898e+00;+2.2820479869842529e+00;+1.8954880237579346e+00
+23100;+3.4477119445800781e+00;+3.1112959384918213e+00;+3.4459838867187500e+00;+2.9474880695343018e+00;+3.0992319583892822e+00;+2.2923839092254639e+00;+1.9025280475616455e+00
+23200;+3.3468480110168457e+00;+3.0881919860839844e+00;+3.3348159790039062e+00;+2.8985280990600586e+00;+3.0822079181671143e+00;+2.3001599311828613e+00;+1.9103360176086426e+00
+23300;+3.3694078922271729e+00;+3.0765120983123779e+00;+3.3746559619903564e+00;+2.9024000167846680e+00;+3.0906879901885986e+00;+2.3212800025939941e+00;+1.9236160516738892e+00
+23400;+3.5217599868774414e+00;+3.1003201007843018e+00;+3.5144639015197754e+00;+2.9088640213012695e+00;+3.0903999805450439e+00;+2.3309760093688965e+00;+1.9336639642715454e+00
+23500;+3.5389440059661865e+00;+3.1191039085388184e+00;+3.5473279953002930e+00;+2.9282879829406738e+00;+3.1159999370574951e+00;+2.3429119586944580e+00;+1.9431680440902710e+00
+23600;+3.5662400722503662e+00;+3.2192640304565430e+00;+3.5535678863525391e+00;+3.0132799148559570e+00;+3.2056639194488525e+00;+2.3585278987884521e+00;+1.9532480239868164e+00
+23700;+3.5802240371704102e+00;+3.2138240337371826e+00;+3.5918400287628174e+00;+3.0284159183502197e+00;+3.2226879596710205e+00;+2.3711040019989014e+00;+1.9603840112686157e+00
+23800;+3.6080639362335205e+00;+3.2373120784759521e+00;+3.6155838966369629e+00;+3.0379199981689453e+00;+3.2397119998931885e+00;+2.3813760280609131e+00;+1.9742079973220825e+00
+23900;+3.6398720741271973e+00;+3.2768321037292480e+00;+3.6461119651794434e+00;+3.0576639175415039e+00;+3.2620160579681396e+00;+2.4007360935211182e+00;+1.9829759597778320e+00
+24000;+3.5320639610290527e+00;+3.2599360942840576e+00;+3.5207359790802002e+00;+3.0129280090332031e+00;+3.2405118942260742e+00;+2.4142398834228516e+00;+1.9908479452133179e+00
